{"type":"FeatureCollection","features":[{"type":"Feature","properties":{"zid":"58063"},"geometry":{"type":"Polygon","coordinates":[[[-69.8857,-37.6914],[-69.9118,-37.6666],[-69.9809,-37.6671],[-70.0321,-37.6342],[-70.6026,-38.0045],[-70.6856,-37.9602],[-70.8061,-37.9449],[-70.9043,-37.9438],[-70.9549,-37.96],[-71.0239,-37.9583],[-71.1118,-37.919],[-71.1134,-37.9526],[-71.0616,-37.9714],[-71.0555,-38.0436],[-71.0115,-38.0802],[-71.0172,-38.1134],[-70.9275,-38.2609],[-70.8444,-38.2959],[-70.8219,-38.3218],[-70.7681,-38.3294],[-70.7121,-38.3106],[-70.6498,-38.2699],[-70.6118,-38.2672],[-70.5893,-38.3121],[-69.9018,-38.3218],[-69.8109,-38.3164],[-69.7365,-38.3372],[-69.7053,-38.3707],[-69.7306,-38.2741],[-69.7171,-38.2438],[-69.7579,-38.1921],[-69.7773,-38.1051],[-69.8147,-38.0882],[-69.8211,-38.061],[-69.8112,-37.9606],[-69.8526,-37.9141],[-69.8633,-37.8526],[-69.8507,-37.8023],[-69.8673,-37.7735],[-69.8857,-37.6914]]]}},{"type":"Feature","properties":{"zid":"58084"},"geometry":{"type":"Polygon","coordinates":[[[-70.5118,-37.3653],[-70.6176,-37.3722],[-70.643,-37.3494],[-70.7259,-37.3315],[-70.7469,-37.3413],[-70.8455,-37.3483],[-70.8913,-37.3436],[-70.9796,-37.366],[-71.0859,-37.3671],[-71.1444,-37.3366],[-71.167,-37.3002],[-71.1598,-37.241],[-71.1886,-37.276],[-71.2182,-37.2728],[-71.1959,-37.3847],[-71.1536,-37.4007],[-71.1183,-37.4915],[-71.1378,-37.5449],[-71.1259,-37.5806],[-71.1778,-37.6142],[-71.2063,-37.648],[-71.2127,-37.6882],[-71.1795,-37.7407],[-71.1534,-37.8085],[-71.1608,-37.8401],[-71.1079,-37.891],[-71.1118,-37.919],[-71.0239,-37.9583],[-70.9549,-37.96],[-70.9043,-37.9438],[-70.8061,-37.9449],[-70.6856,-37.9602],[-70.6026,-38.0045],[-70.0321,-37.6342],[-70.0454,-37.5596],[-70.0859,-37.5309],[-70.0949,-37.5015],[-70.1883,-37.4662],[-70.2246,-37.409],[-70.2894,-37.3911],[-70.3104,-37.3714],[-70.3648,-37.3638],[-70.4215,-37.3806],[-70.433,-37.3526],[-70.4796,-37.3707],[-70.5118,-37.3653]]]}},{"type":"Feature","properties":{"zid":"46098"},"geometry":{"type":"Polygon","coordinates":[[[-67.861,-28.2953],[-67.8948,-28.2574],[-67.938,-28.108],[-68.0224,-28.1247],[-68.0799,-28.1668],[-68.1109,-28.1708],[-68.1412,-28.1018],[-68.1831,-28.086],[-68.2552,-28.0834],[-68.3358,-28.0376],[-68.3517,-28.0172],[-68.411,-28.0068],[-68.4573,-28.0148],[-68.4538,-27.9392],[-68.4403,-27.8737],[-68.511,-27.847],[-68.5391,-27.7809],[-68.5635,-27.7704],[-68.5847,-27.8197],[-68.6098,-27.798],[-68.6981,-27.8155],[-68.7222,-27.7924],[-68.799,-27.7557],[-68.862,-27.7644],[-69.093,-27.7963],[-69.0952,-27.7966],[-69.1208,-27.8977],[-69.1566,-27.9341],[-69.1733,-27.9714],[-69.2338,-27.9658],[-69.2661,-28.0147],[-69.2635,-28.047],[-69.297,-28.0789],[-69.3073,-28.1281],[-69.3358,-28.1636],[-69.3817,-28.1817],[-69.3906,-28.2219],[-69.4622,-28.1929],[-69.2167,-28.328],[-68.8065,-28.5504],[-68.2188,-28.8691],[-68.0127,-28.9027],[-67.8355,-29.008],[-67.8247,-28.8813],[-67.8771,-28.7611],[-67.8298,-28.5355],[-67.8763,-28.3648],[-67.861,-28.2953]]]}},{"type":"Feature","properties":{"zid":"10105"},"geometry":{"type":"Polygon","coordinates":[[[-66.8446,-28.0346],[-67.2311,-28.0314],[-67.2647,-28.0553],[-67.3512,-28.0348],[-67.3432,-27.9427],[-67.3639,-27.8321],[-67.348,-27.7932],[-67.3178,-27.7805],[-67.3063,-27.7321],[-67.3395,-27.6861],[-67.3426,-27.658],[-67.3186,-27.5771],[-67.2895,-27.527],[-67.2422,-27.4742],[-67.3003,-27.4402],[-67.2942,-27.3981],[-67.3099,-27.3759],[-67.2612,-27.353],[-67.295,-27.2911],[-67.2741,-27.2589],[-67.2822,-27.2337],[-67.2657,-27.1634],[-67.2955,-27.0896],[-67.2776,-27.046],[-67.2784,-27.0101],[-67.2506,-26.9756],[-67.2507,-26.9442],[-67.2007,-26.9128],[-67.1522,-26.8422],[-67.1527,-26.823],[-67.2256,-26.7394],[-67.2845,-26.7051],[-67.3482,-26.7374],[-67.4644,-26.7836],[-67.4901,-26.8253],[-67.487,-26.8594],[-67.533,-26.8816],[-67.5457,-26.8347],[-67.5947,-26.8185],[-67.6139,-26.7871],[-67.6704,-26.8041],[-67.7041,-26.7792],[-67.7402,-26.7842],[-67.7695,-26.8091],[-67.8062,-26.7604],[-67.8547,-26.7691],[-67.8579,-26.7967],[-67.958,-26.788],[-68.0188,-26.7595],[-68.0874,-26.7612],[-68.1235,-26.7797],[-68.1396,-26.818],[-68.1698,-26.8207],[-68.2538,-26.7938],[-68.3139,-26.8235],[-68.3472,-26.8144],[-68.2989,-26.8737],[-68.2907,-26.9486],[-68.3183,-26.9809],[-68.2998,-27.017],[-68.3472,-27.0331],[-68.4034,-27.0674],[-68.4278,-27.0669],[-68.4943,-27.1362],[-68.5406,-27.1095],[-68.5765,-27.1766],[-68.6313,-27.1631],[-68.6698,-27.0989],[-68.7514,-27.1122],[-68.7779,-27.0988],[-68.8081,-27.1453],[-68.8581,-27.1912],[-68.8672,-27.2634],[-68.8251,-27.2939],[-68.8696,-27.3168],[-68.891,-27.3527],[-68.8875,-27.398],[-68.9694,-27.429],[-68.9883,-27.4536],[-68.9496,-27.4882],[-68.9482,-27.5286],[-68.9987,-27.5808],[-69.0394,-27.5947],[-69.0599,-27.6634],[-69.0443,-27.6967],[-69.0847,-27.7145],[-69.0952,-27.7966],[-69.093,-27.7963],[-68.862,-27.7644],[-68.799,-27.7557],[-68.7222,-27.7924],[-68.6981,-27.8155],[-68.6098,-27.798],[-68.5847,-27.8197],[-68.5635,-27.7704],[-68.5391,-27.7809],[-68.511,-27.847],[-68.4403,-27.8737],[-68.4538,-27.9392],[-68.4573,-28.0148],[-68.411,-28.0068],[-68.3517,-28.0172],[-68.3358,-28.0376],[-68.2552,-28.0834],[-68.1831,-28.086],[-68.1412,-28.1018],[-68.1109,-28.1708],[-68.0799,-28.1668],[-68.0224,-28.1247],[-67.938,-28.108],[-67.8948,-28.2574],[-67.861,-28.2953],[-67.8425,-28.3208],[-67.8463,-28.3744],[-67.7398,-28.3201],[-67.688,-28.312],[-67.4464,-28.368],[-67.3753,-28.3845],[-67.1554,-28.3844],[-67.0747,-28.2702],[-67.0302,-28.2602],[-66.8446,-28.0346]]]}},{"type":"Feature","properties":{"zid":"06707"},"geometry":{"type":"Polygon","coordinates":[[[-59.1814,-35.7555],[-59.3266,-35.6427],[-59.4126,-35.5861],[-59.3662,-35.5373],[-59.473,-35.494],[-59.5233,-35.4571],[-59.5892,-35.4569],[-59.6949,-35.4748],[-59.775,-35.4785],[-59.8227,-35.4965],[-59.8884,-35.481],[-59.9301,-35.4882],[-60.0049,-35.5289],[-60.028,-35.5526],[-60.0084,-35.5799],[-60.0348,-35.6553],[-60.0251,-35.6959],[-60.0592,-35.7095],[-60.1167,-35.6644],[-60.2139,-35.7562],[-60.118,-35.8337],[-60.0561,-35.7805],[-59.8858,-35.9125],[-59.8728,-35.8774],[-59.7356,-35.8323],[-59.7001,-35.8317],[-59.6603,-35.8555],[-59.5601,-35.851],[-59.5039,-35.8167],[-59.4153,-35.8023],[-59.3816,-35.8172],[-59.303,-35.795],[-59.2409,-35.7932],[-59.1814,-35.7555]]]}},{"type":"Feature","properties":{"zid":"06455"},"geometry":{"type":"Polygon","coordinates":[[[-58.7075,-36.0173],[-58.749,-35.9847],[-58.7292,-35.9675],[-58.8918,-35.8402],[-58.9567,-35.8032],[-58.9738,-35.8172],[-59.1398,-35.6662],[-59.1311,-35.6982],[-59.1796,-35.7217],[-59.1814,-35.7555],[-59.2409,-35.7932],[-59.303,-35.795],[-59.3816,-35.8172],[-59.4153,-35.8023],[-59.5039,-35.8167],[-59.5601,-35.851],[-59.6603,-35.8555],[-59.7001,-35.8317],[-59.5165,-35.976],[-59.5532,-36.0068],[-59.3825,-36.1354],[-59.4882,-36.2271],[-59.2892,-36.3747],[-59.1565,-36.2894],[-59.0992,-36.2677],[-59.0707,-36.2214],[-59.0235,-36.2149],[-58.8413,-36.1414],[-58.8085,-36.101],[-58.7075,-36.0173]]]}},{"type":"Feature","properties":{"zid":"06686"},"geometry":{"type":"Polygon","coordinates":[[[-60.4964,-34.1765],[-60.5155,-34.1438],[-60.5784,-34.1164],[-60.6245,-34.1122],[-60.6603,-34.0889],[-60.7033,-34.0269],[-60.9,-33.8829],[-60.9065,-33.8873],[-61.0117,-33.9821],[-61.0515,-34.0302],[-61.1221,-34.072],[-60.9172,-34.2416],[-60.9583,-34.2767],[-61.0139,-34.2316],[-61.0591,-34.269],[-61.0416,-34.2833],[-60.9664,-34.3458],[-60.9027,-34.3261],[-60.7531,-34.4396],[-60.6772,-34.5094],[-60.5598,-34.4064],[-60.5783,-34.3922],[-60.5359,-34.332],[-60.5467,-34.2772],[-60.4906,-34.2312],[-60.4708,-34.1974],[-60.4964,-34.1765]]]}},{"type":"Feature","properties":{"zid":"06252"},"geometry":{"type":"Polygon","coordinates":[[[-58.7122,-34.2489],[-58.7931,-34.2294],[-58.7758,-34.2852],[-58.8586,-34.2621],[-58.9008,-34.3109],[-58.817,-34.4154],[-58.7775,-34.4048],[-58.7373,-34.4564],[-58.7056,-34.4393],[-58.7346,-34.4025],[-58.6784,-34.343],[-58.6495,-34.2666],[-58.7122,-34.2489]]]}},{"type":"Feature","properties":{"zid":"06412"},"geometry":{"type":"Polygon","coordinates":[[[-58.7845,-34.4761],[-58.8236,-34.5082],[-58.776,-34.5571],[-58.7209,-34.5182],[-58.7845,-34.4761]]]}},{"type":"Feature","properties":{"zid":"06735"},"geometry":{"type":"Polygon","coordinates":[[[-59.3123,-34.161],[-59.2796,-34.146],[-59.2688,-34.0845],[-59.3025,-34.0641],[-59.3239,-33.9963],[-59.3196,-34.0238],[-59.3775,-34.057],[-59.4631,-34.135],[-59.5109,-34.0994],[-59.5469,-34.1558],[-59.5946,-34.1717],[-59.6275,-34.1583],[-59.6761,-34.1667],[-59.7816,-34.2193],[-59.6974,-34.2883],[-59.6753,-34.4041],[-59.6446,-34.4175],[-59.6066,-34.4061],[-59.5427,-34.3505],[-59.4226,-34.2826],[-59.3748,-34.2387],[-59.3708,-34.2065],[-59.3123,-34.161]]]}},{"type":"Feature","properties":{"zid":"06511"},"geometry":{"type":"Polygon","coordinates":[[[-57.3288,-36.6692],[-57.4644,-36.5709],[-57.4937,-36.5814],[-57.654,-36.7281],[-57.6606,-36.7231],[-57.7071,-36.763],[-57.7457,-36.7343],[-57.7934,-36.7687],[-57.8916,-36.8545],[-57.9196,-36.8332],[-57.9724,-36.8778],[-57.9439,-36.8988],[-58.0107,-36.9587],[-57.9445,-37.0076],[-57.769,-37.136],[-57.6748,-37.2029],[-57.5664,-37.1053],[-57.4869,-37.105],[-57.4934,-37.0171],[-57.3049,-37.0039],[-57.3217,-36.9106],[-57.2239,-36.9086],[-57.2335,-36.7885],[-57.1758,-36.7844],[-57.3288,-36.6692]]]}},{"type":"Feature","properties":{"zid":"22112"},"geometry":{"type":"Polygon","coordinates":[[[-60.5134,-27.0098],[-60.6148,-26.9741],[-60.6153,-27.0572],[-60.8156,-27.055],[-60.817,-27.1424],[-60.9059,-27.252],[-60.8199,-27.3099],[-60.8207,-27.3663],[-60.9094,-27.3998],[-60.9093,-27.46],[-60.5184,-27.4648],[-60.5134,-27.0098]]]}},{"type":"Feature","properties":{"zid":"06560"},"geometry":{"type":"Polygon","coordinates":[[[-58.776,-34.5571],[-58.8236,-34.5082],[-58.856,-34.5581],[-58.8851,-34.5771],[-58.8833,-34.6718],[-58.8637,-34.6834],[-58.8603,-34.6852],[-58.8343,-34.6862],[-58.7575,-34.6605],[-58.729,-34.6348],[-58.7134,-34.6056],[-58.776,-34.5571]]]}},{"type":"Feature","properties":{"zid":"06427"},"geometry":{"type":"Polygon","coordinates":[[[-58.5292,-34.6546],[-58.5561,-34.6347],[-58.641,-34.7045],[-58.7039,-34.7787],[-58.7502,-34.7776],[-58.7071,-34.8113],[-58.774,-34.8287],[-58.7625,-34.8584],[-58.6941,-34.9122],[-58.6503,-34.8911],[-58.6156,-34.8187],[-58.5657,-34.7573],[-58.5205,-34.7411],[-58.5008,-34.723],[-58.4617,-34.7051],[-58.5292,-34.6546]]]}},{"type":"Feature","properties":{"zid":"94011"},"geometry":{"type":"Polygon","coordinates":[[[-67.3845,-54.19],[-68.0756,-54.1904],[-68.6079,-54.1885],[-68.6089,-54.4265],[-68.5577,-54.4554],[-68.3681,-54.4574],[-68.3681,-54.6198],[-68.3207,-54.6198],[-67.3925,-54.6198],[-67.3878,-54.7442],[-67.0063,-54.748],[-67.0026,-54.5984],[-66.6338,-54.5984],[-66.0857,-54.5984],[-65.9811,-54.5984],[-66.147,-54.5589],[-66.3829,-54.4874],[-66.4563,-54.4804],[-66.5499,-54.4227],[-66.5543,-54.4027],[-66.6634,-54.342],[-66.7528,-54.2528],[-66.8928,-54.2201],[-66.9491,-54.1885],[-67.0048,-54.1887],[-67.3845,-54.19]]]}},{"type":"Feature","properties":{"zid":"94015"},"geometry":{"type":"MultiPolygon","coordinates":[[[[-64.3224,-54.7359],[-64.4171,-54.7746],[-64.4861,-54.7646],[-64.5923,-54.8196],[-64.6566,-54.7833],[-64.7297,-54.8053],[-64.7508,-54.837],[-64.6103,-54.9098],[-64.526,-54.876],[-64.4441,-54.8731],[-64.3855,-54.8321],[-64.3334,-54.8301],[-64.3018,-54.788],[-64.2568,-54.8009],[-64.228,-54.851],[-64.1727,-54.8236],[-64.1135,-54.8268],[-64.0712,-54.7949],[-64.0075,-54.7919],[-63.9519,-54.8118],[-63.8513,-54.7895],[-63.8025,-54.7522],[-63.8088,-54.7194],[-63.8768,-54.7168],[-63.9904,-54.7359],[-64.1171,-54.7358],[-64.1359,-54.7622],[-64.2247,-54.7331],[-64.3224,-54.7359]]],[[[-68.3207,-54.6198],[-68.3681,-54.6198],[-68.3681,-54.4574],[-68.5577,-54.4554],[-68.6089,-54.4265],[-68.6077,-54.5546],[-68.5951,-54.7996],[-68.5964,-54.873],[-68.514,-54.859],[-68.3815,-54.8508],[-68.2868,-54.8041],[-68.105,-54.8272],[-68.0327,-54.8502],[-67.8297,-54.8598],[-67.7561,-54.8808],[-67.624,-54.8841],[-67.535,-54.8677],[-67.4596,-54.8663],[-67.3912,-54.8892],[-67.3474,-54.8682],[-67.3026,-54.887],[-67.1552,-54.8929],[-67.1031,-54.9091],[-66.9158,-54.9418],[-66.7635,-54.9613],[-66.7194,-54.9975],[-66.5231,-55.0565],[-66.446,-55.0573],[-66.3689,-55.0379],[-66.3708,-55.0113],[-66.3048,-54.992],[-66.1081,-54.9944],[-65.97,-54.9624],[-65.9853,-54.9039],[-65.8938,-54.901],[-65.7389,-54.9085],[-65.6729,-54.9729],[-65.6057,-54.9443],[-65.4962,-54.9285],[-65.4814,-54.8905],[-65.4335,-54.8919],[-65.4102,-54.941],[-65.3212,-54.9149],[-65.3121,-54.8727],[-65.2789,-54.8623],[-65.2071,-54.7815],[-65.2172,-54.7476],[-65.176,-54.6815],[-65.129,-54.6518],[-65.2271,-54.6441],[-65.2513,-54.6225],[-65.3704,-54.6432],[-65.4538,-54.6456],[-65.529,-54.6618],[-65.5595,-54.6501],[-65.6863,-54.6637],[-65.8015,-54.6518],[-65.9811,-54.5984],[-66.0857,-54.5984],[-66.6338,-54.5984],[-67.0026,-54.5984],[-67.0063,-54.748],[-67.3878,-54.7442],[-67.3925,-54.6198],[-68.3207,-54.6198]]]]}},{"type":"Feature","properties":{"zid":"06343"},"geometry":{"type":"Polygon","coordinates":[[[-58.155,-35.4083],[-58.1868,-35.3826],[-58.2193,-35.408],[-58.2467,-35.3654],[-58.443,-35.2162],[-58.468,-35.2384],[-58.5717,-35.3282],[-58.5251,-35.3666],[-58.5821,-35.4214],[-58.4705,-35.5119],[-58.5687,-35.5959],[-58.4994,-35.6451],[-58.4865,-35.7069],[-58.4414,-35.7029],[-58.4362,-35.7331],[-58.3415,-35.652],[-58.3322,-35.6351],[-58.1991,-35.5225],[-58.1524,-35.4724],[-58.1939,-35.441],[-58.155,-35.4083]]]}},{"type":"Feature","properties":{"zid":"06308"},"geometry":{"type":"Polygon","coordinates":[[[-57.6606,-36.7231],[-57.7764,-36.6345],[-57.7635,-36.6239],[-57.8485,-36.5552],[-57.7779,-36.4929],[-57.8095,-36.4665],[-57.7755,-36.4376],[-57.9873,-36.2774],[-58.1894,-36.4524],[-58.1017,-36.5208],[-58.2131,-36.6155],[-58.2262,-36.6277],[-58.1144,-36.7281],[-58.2865,-36.881],[-58.0199,-37.076],[-57.9445,-37.0076],[-58.0107,-36.9587],[-57.9439,-36.8988],[-57.9724,-36.8778],[-57.9196,-36.8332],[-57.8916,-36.8545],[-57.7934,-36.7687],[-57.7457,-36.7343],[-57.7071,-36.763],[-57.6606,-36.7231]]]}},{"type":"Feature","properties":{"zid":"06315"},"geometry":{"type":"Polygon","coordinates":[[[-56.8195,-37.0252],[-56.9547,-36.9894],[-56.9814,-36.9496],[-56.9972,-36.8618],[-57.0897,-36.8295],[-57.1062,-36.8359],[-57.1758,-36.7844],[-57.2335,-36.7885],[-57.2239,-36.9086],[-57.3217,-36.9106],[-57.3049,-37.0039],[-57.4934,-37.0171],[-57.4869,-37.105],[-57.5664,-37.1053],[-57.6748,-37.2029],[-57.3633,-37.4237],[-57.2111,-37.533],[-57.1634,-37.4857],[-57.1056,-37.3781],[-57.0136,-37.2734],[-56.9495,-37.1846],[-56.8959,-37.1124],[-56.8195,-37.0252]]]}},{"type":"Feature","properties":{"zid":"06791"},"geometry":{"type":"Polygon","coordinates":[[[-59.0901,-37.0628],[-59.2195,-36.9639],[-59.2107,-36.9564],[-59.3593,-36.8451],[-59.3601,-36.898],[-59.4372,-37.0216],[-59.4789,-37.0362],[-59.5212,-37.0826],[-59.5822,-37.1128],[-59.5866,-37.1325],[-59.6636,-37.1786],[-59.6989,-37.2162],[-59.7797,-37.2384],[-59.4893,-37.4601],[-59.4184,-37.506],[-59.226,-37.6508],[-59.1855,-37.6168],[-59.1531,-37.6574],[-59.1692,-37.6936],[-59.1657,-37.7375],[-59.1336,-37.7575],[-59.1102,-37.8262],[-58.8091,-37.5787],[-58.6109,-37.4113],[-58.9821,-37.1322],[-59.0901,-37.0628]]]}},{"type":"Feature","properties":{"zid":"06203"},"geometry":{"type":"Polygon","coordinates":[[[-61.6046,-36.9944],[-61.7078,-36.9072],[-61.76,-36.946],[-61.7782,-36.9304],[-61.8598,-36.9925],[-61.8757,-37.0366],[-61.9163,-37.0671],[-61.9748,-37.0168],[-62.203,-37.1871],[-62.2118,-37.1803],[-62.4254,-37.3487],[-62.3908,-37.4126],[-62.3644,-37.4212],[-62.322,-37.4679],[-62.2834,-37.4534],[-62.1927,-37.5994],[-62.1248,-37.6335],[-62.1291,-37.6573],[-62.0846,-37.7065],[-62.1003,-37.7255],[-62.0447,-37.7525],[-62.0989,-37.9355],[-62.0504,-37.9907],[-61.9516,-38.057],[-61.9319,-38.0102],[-61.872,-38.0335],[-61.8201,-38.0763],[-61.7674,-38.1725],[-61.663,-38.0908],[-61.6829,-38.0742],[-61.5093,-37.938],[-61.6055,-37.8615],[-61.442,-37.7349],[-61.5382,-37.6573],[-61.4884,-37.6189],[-61.5968,-37.5309],[-61.5367,-37.483],[-61.7501,-37.3035],[-61.7336,-37.2559],[-61.7031,-37.2191],[-61.7173,-37.1402],[-61.7354,-37.0935],[-61.6046,-36.9944]]]}},{"type":"Feature","properties":{"zid":"06014"},"geometry":{"type":"Polygon","coordinates":[[[-59.6765,-37.9997],[-59.7547,-37.9141],[-59.7913,-37.9001],[-59.9366,-37.7944],[-60.0182,-37.8607],[-60.0605,-37.8282],[-60.0891,-37.8517],[-60.1462,-37.8176],[-60.262,-37.7288],[-60.3234,-37.7764],[-60.4242,-37.6977],[-60.378,-37.6627],[-60.4527,-37.601],[-60.5808,-37.7008],[-60.5567,-37.7209],[-60.6532,-37.7826],[-60.8457,-37.9358],[-60.7438,-38.0161],[-60.7595,-38.0285],[-60.6763,-38.0931],[-60.5496,-38.1921],[-60.4421,-38.107],[-60.4632,-38.0895],[-60.3707,-38.0167],[-60.1732,-38.1764],[-60.0363,-38.2808],[-59.8867,-38.1573],[-59.8342,-38.2315],[-59.7937,-38.1974],[-59.7779,-38.1376],[-59.6413,-38.0252],[-59.6765,-37.9997]]]}},{"type":"Feature","properties":{"zid":"06056"},"geometry":{"type":"Polygon","coordinates":[[[-61.7816,-38.4599],[-61.8127,-38.4855],[-61.893,-38.4261],[-61.9386,-38.4112],[-61.9986,-38.4268],[-62.0846,-38.3627],[-62.1963,-38.452],[-62.2277,-38.4106],[-62.2091,-38.3954],[-62.2398,-38.3609],[-62.3416,-38.4425],[-62.3878,-38.4085],[-62.6145,-38.5916],[-62.6075,-38.6158],[-62.5195,-38.6407],[-62.4729,-38.6633],[-62.4514,-38.73],[-62.4271,-38.7609],[-62.3549,-38.7557],[-62.2954,-38.7886],[-62.2591,-38.7891],[-62.182,-38.8171],[-62.061,-38.7199],[-62.0137,-38.7067],[-61.9257,-38.7312],[-61.8479,-38.6654],[-61.8184,-38.6879],[-61.7424,-38.6272],[-61.7805,-38.5673],[-61.7816,-38.4599]]]}},{"type":"Feature","properties":{"zid":"06280"},"geometry":{"type":"Polygon","coordinates":[[[-57.7768,-38.2455],[-57.8528,-38.0319],[-57.8817,-38.0554],[-57.9426,-38.0089],[-57.959,-38.0227],[-58.0473,-37.9556],[-58.2559,-38.1309],[-58.3291,-38.0741],[-58.3435,-38.1573],[-58.3236,-38.2214],[-58.3382,-38.2509],[-58.2867,-38.3097],[-58.2696,-38.3524],[-58.2849,-38.3856],[-58.2381,-38.4458],[-58.0562,-38.3802],[-57.9509,-38.3294],[-57.8603,-38.2994],[-57.7768,-38.2455]]]}},{"type":"Feature","properties":{"zid":"06357"},"geometry":{"type":"Polygon","coordinates":[[[-57.5197,-37.8895],[-57.698,-37.7543],[-57.6732,-37.745],[-57.7358,-37.6996],[-58.0473,-37.9556],[-57.959,-38.0227],[-57.9426,-38.0089],[-57.8817,-38.0554],[-57.8528,-38.0319],[-57.7768,-38.2455],[-57.7057,-38.2172],[-57.6162,-38.1513],[-57.5896,-38.1165],[-57.5449,-38.1006],[-57.5406,-38.0465],[-57.5241,-38.0166],[-57.5414,-37.9686],[-57.5197,-37.8895]]]}},{"type":"Feature","properties":{"zid":"06518"},"geometry":{"type":"Polygon","coordinates":[[[-57.6748,-37.2029],[-57.769,-37.136],[-58.0945,-37.4374],[-58.084,-37.4451],[-57.7646,-37.6749],[-57.7358,-37.6996],[-57.6732,-37.745],[-57.698,-37.7543],[-57.5197,-37.8895],[-57.5038,-37.8463],[-57.4114,-37.7351],[-57.2944,-37.6429],[-57.1876,-37.5498],[-57.2111,-37.533],[-57.3633,-37.4237],[-57.6748,-37.2029]]]}},{"type":"Feature","properties":{"zid":"06868"},"geometry":{"type":"Polygon","coordinates":[[[-56.9091,-37.189],[-56.9495,-37.1846],[-57.0136,-37.2734],[-57.1056,-37.3781],[-57.1634,-37.4857],[-57.2111,-37.533],[-57.1876,-37.5498],[-57.0882,-37.4469],[-56.9899,-37.2885],[-56.9091,-37.189]]]}},{"type":"Feature","properties":{"zid":"06644"},"geometry":{"type":"Polygon","coordinates":[[[-56.8193,-37.0249],[-56.8195,-37.0252],[-56.8959,-37.1124],[-56.9495,-37.1846],[-56.9091,-37.189],[-56.7902,-37.0341],[-56.8193,-37.0249]]]}},{"type":"Feature","properties":{"zid":"06336"},"geometry":{"type":"Polygon","coordinates":[[[-56.7741,-36.3214],[-56.8138,-36.3346],[-56.877,-36.3292],[-56.914,-36.3381],[-57.0142,-36.3276],[-57.0647,-36.3856],[-57.0429,-36.4131],[-57.0987,-36.4421],[-57.1762,-36.5128],[-57.1648,-36.521],[-57.3288,-36.6692],[-57.1758,-36.7844],[-57.1062,-36.8359],[-57.0897,-36.8295],[-56.9972,-36.8618],[-56.9814,-36.9496],[-56.9547,-36.9894],[-56.8195,-37.0252],[-56.8193,-37.0249],[-56.7353,-36.9007],[-56.6979,-36.8539],[-56.7124,-36.8206],[-56.7007,-36.7055],[-56.7156,-36.5602],[-56.7119,-36.4886],[-56.7196,-36.4181],[-56.7415,-36.3645],[-56.7741,-36.3214]]]}},{"type":"Feature","properties":{"zid":"06420"},"geometry":{"type":"Polygon","coordinates":[[[-56.7902,-37.0341],[-56.6671,-36.883],[-56.6754,-36.8207],[-56.6737,-36.7105],[-56.7002,-36.4125],[-56.716,-36.3554],[-56.7456,-36.3083],[-56.7741,-36.3214],[-56.7415,-36.3645],[-56.7196,-36.4181],[-56.7119,-36.4886],[-56.7156,-36.5602],[-56.7007,-36.7055],[-56.7124,-36.8206],[-56.6979,-36.8539],[-56.7353,-36.9007],[-56.8193,-37.0249],[-56.7902,-37.0341]]]}},{"type":"Feature","properties":{"zid":"06505"},"geometry":{"type":"Polygon","coordinates":[[[-57.3037,-35.1972],[-57.3389,-35.1597],[-57.5085,-35.0247],[-57.5998,-34.9904],[-57.6802,-34.934],[-57.7082,-34.9303],[-57.7524,-34.9707],[-57.9681,-35.1597],[-57.8901,-35.2221],[-58.0358,-35.344],[-57.9863,-35.3285],[-57.9368,-35.376],[-57.8724,-35.3871],[-57.7962,-35.4449],[-57.7587,-35.4053],[-57.7268,-35.3493],[-57.6827,-35.3768],[-57.6134,-35.3331],[-57.6676,-35.2933],[-57.633,-35.2609],[-57.5842,-35.2972],[-57.5889,-35.35],[-57.5713,-35.3634],[-57.5032,-35.302],[-57.5494,-35.2962],[-57.4929,-35.2436],[-57.4601,-35.2668],[-57.4256,-35.2346],[-57.4039,-35.2505],[-57.3037,-35.1972]]]}},{"type":"Feature","properties":{"zid":"06861"},"geometry":{"type":"Polygon","coordinates":[[[-58.4596,-34.5278],[-58.4794,-34.4898],[-58.5538,-34.5302],[-58.51,-34.5692],[-58.4596,-34.5278]]]}},{"type":"Feature","properties":{"zid":"86014"},"geometry":{"type":"Polygon","coordinates":[[[-61.7122,-26.2345],[-62.3105,-26.2331],[-62.8328,-26.2309],[-63.0333,-26.2256],[-63.4284,-26.22],[-63.7613,-26.2143],[-63.7683,-26.2656],[-63.6923,-26.4787],[-63.6495,-26.5315],[-63.6536,-26.5999],[-63.673,-26.6487],[-63.6546,-26.6659],[-63.6523,-26.7485],[-63.6857,-26.8481],[-63.6821,-26.907],[-63.6572,-26.9251],[-63.5485,-26.9255],[-63.571,-26.8872],[-63.3784,-26.888],[-63.3784,-26.7641],[-63.2337,-26.7648],[-63.2336,-26.7942],[-62.9293,-26.7937],[-62.9285,-26.8203],[-62.7659,-26.8235],[-62.7651,-26.832],[-62.504,-26.8327],[-62.5042,-26.7872],[-62.0648,-26.7899],[-62.0647,-26.8094],[-61.7126,-26.8091],[-61.7125,-26.7551],[-61.7125,-26.6536],[-61.7122,-26.2345]]]}},{"type":"Feature","properties":{"zid":"86098"},"geometry":{"type":"Polygon","coordinates":[[[-63.2235,-27.728],[-63.2653,-27.7212],[-63.2752,-27.7661],[-63.3415,-27.7548],[-63.3807,-27.7664],[-63.4993,-27.7814],[-63.4815,-27.8358],[-63.4425,-27.9228],[-63.4423,-27.953],[-63.4121,-27.97],[-63.3979,-28.0265],[-63.3164,-28.0642],[-63.2799,-28.1054],[-63.2808,-28.1406],[-63.2401,-28.1697],[-63.2003,-28.1659],[-63.1449,-28.2069],[-63.1426,-28.2295],[-63.093,-28.2792],[-63.1107,-28.3166],[-62.8996,-28.3205],[-62.582,-28.3209],[-62.3526,-28.3186],[-61.8641,-28.3188],[-61.871,-28.3577],[-61.772,-28.3571],[-61.712,-27.9986],[-61.7119,-27.7972],[-62.2314,-27.7905],[-62.232,-27.8199],[-62.5706,-27.8176],[-62.5703,-27.7993],[-62.6744,-27.7982],[-62.6742,-27.8203],[-62.8843,-27.8198],[-62.8843,-27.7776],[-62.9482,-27.7753],[-62.9486,-27.7515],[-63.0059,-27.745],[-63.1491,-27.7407],[-63.2235,-27.728]]]}},{"type":"Feature","properties":{"zid":"86077"},"geometry":{"type":"Polygon","coordinates":[[[-61.772,-28.3571],[-61.871,-28.3577],[-61.8641,-28.3188],[-62.3526,-28.3186],[-62.582,-28.3209],[-62.8996,-28.3205],[-63.1107,-28.3166],[-63.1097,-28.3272],[-63.0408,-28.4076],[-62.9207,-28.4551],[-62.8768,-28.5184],[-62.8876,-28.5601],[-62.7534,-28.6324],[-62.7142,-28.7091],[-62.7134,-28.7454],[-62.6605,-28.8313],[-62.6545,-28.8627],[-62.6447,-28.8655],[-62.4884,-28.8644],[-61.8572,-28.8664],[-61.772,-28.3571]]]}},{"type":"Feature","properties":{"zid":"86154"},"geometry":{"type":"Polygon","coordinates":[[[-61.9917,-29.6616],[-62.0112,-29.6651],[-62.4375,-29.6666],[-62.4361,-29.9496],[-62.4603,-29.9692],[-62.6085,-30.0565],[-62.5565,-30.0628],[-62.5646,-30.1148],[-62.6013,-30.1909],[-62.5894,-30.2687],[-62.5345,-30.312],[-62.5201,-30.3419],[-62.1738,-30.3453],[-62.1576,-30.3962],[-62.1307,-30.4804],[-62.0525,-30.0196],[-62.0164,-29.8071],[-61.9917,-29.6616]]]}},{"type":"Feature","properties":{"zid":"86126"},"geometry":{"type":"Polygon","coordinates":[[[-63.8807,-28.9104],[-63.9563,-28.8713],[-64.0057,-28.8775],[-64.1075,-28.8348],[-64.194,-28.7596],[-64.2661,-29.0373],[-64.5136,-29.0344],[-64.5887,-29.5418],[-64.4894,-29.5281],[-64.2755,-29.4987],[-64.0823,-29.5301],[-63.9808,-29.551],[-63.9578,-29.6235],[-63.8739,-29.6308],[-63.8419,-29.5808],[-63.7838,-29.5842],[-63.7484,-29.6533],[-63.719,-29.6662],[-63.6279,-29.655],[-63.5687,-29.6643],[-63.4654,-29.6645],[-63.4805,-29.7255],[-63.4596,-29.7569],[-63.2705,-29.7792],[-63.2708,-29.6842],[-63.2785,-29.635],[-63.3446,-29.6143],[-63.3294,-29.5375],[-63.4624,-29.5105],[-63.5327,-29.4833],[-63.5749,-29.5003],[-63.5809,-29.453],[-63.6422,-29.4396],[-63.6782,-29.4127],[-63.6532,-29.3925],[-63.6473,-29.3063],[-63.7051,-29.3349],[-63.6706,-29.1819],[-63.7383,-29.1702],[-63.7504,-29.2255],[-63.7945,-29.2176],[-63.7741,-29.1011],[-63.7301,-29.1088],[-63.7188,-29.0592],[-63.8357,-29.0365],[-63.8459,-29.0037],[-63.8194,-28.9625],[-63.8807,-28.9104]]]}},{"type":"Feature","properties":{"zid":"86063"},"geometry":{"type":"Polygon","coordinates":[[[-64.621,-28.1659],[-64.7574,-28.1418],[-64.7853,-28.1622],[-64.832,-28.1527],[-64.8545,-28.2473],[-64.9378,-28.2309],[-64.9483,-28.2731],[-65.1096,-28.2408],[-65.1052,-28.3222],[-65.0971,-28.4709],[-65.1259,-28.6115],[-65.1882,-28.6184],[-65.1391,-28.657],[-65.1268,-28.7162],[-65.0166,-28.7378],[-64.9773,-28.7892],[-64.9386,-28.8057],[-64.9011,-28.8413],[-64.912,-28.8866],[-64.9066,-28.9324],[-64.8637,-29.0161],[-64.8544,-29.0703],[-64.8545,-29.1974],[-64.8376,-29.2286],[-64.7812,-29.2655],[-64.8247,-29.2738],[-64.8426,-29.3337],[-64.7879,-29.4006],[-64.8167,-29.4527],[-64.8312,-29.5124],[-64.8246,-29.5743],[-64.5887,-29.5418],[-64.5136,-29.0344],[-64.559,-29.0158],[-64.5343,-28.8974],[-64.5449,-28.8957],[-64.5133,-28.7171],[-64.5347,-28.6785],[-64.5668,-28.6728],[-64.5493,-28.5673],[-64.5235,-28.5719],[-64.5125,-28.5243],[-64.5542,-28.5162],[-64.5459,-28.4776],[-64.6005,-28.4676],[-64.5896,-28.4198],[-64.5576,-28.3858],[-64.4535,-28.4043],[-64.4907,-28.3713],[-64.4816,-28.3312],[-64.5124,-28.3166],[-64.4841,-28.1898],[-64.621,-28.1659]]]}},{"type":"Feature","properties":{"zid":"06672"},"geometry":{"type":"Polygon","coordinates":[[[-58.4372,-36.4521],[-58.5791,-36.3474],[-58.5975,-36.3637],[-58.7829,-36.2258],[-58.7631,-36.2083],[-58.8413,-36.1414],[-59.0235,-36.2149],[-59.0707,-36.2214],[-59.0992,-36.2677],[-59.1565,-36.2894],[-59.2892,-36.3747],[-59.2297,-36.4208],[-59.25,-36.4375],[-59.2028,-36.4932],[-59.1384,-36.5429],[-59.2249,-36.6116],[-59.255,-36.6464],[-59.2633,-36.7147],[-59.2964,-36.7805],[-59.3468,-36.819],[-59.3593,-36.8451],[-59.2107,-36.9564],[-59.2195,-36.9639],[-59.0901,-37.0628],[-59.0447,-37.0268],[-59.0219,-36.9613],[-59.005,-36.9456],[-58.9373,-36.9363],[-58.9109,-36.876],[-58.7943,-36.8049],[-58.7878,-36.7897],[-58.6851,-36.74],[-58.721,-36.7002],[-58.4372,-36.4521]]]}},{"type":"Feature","properties":{"zid":"06721"},"geometry":{"type":"Polygon","coordinates":[[[-62.8159,-36.7318],[-63.1276,-36.4795],[-63.2828,-36.6076],[-62.97,-36.863],[-62.8159,-36.7318]]]}},{"type":"Feature","properties":{"zid":"06091"},"geometry":{"type":"Polygon","coordinates":[[[-58.0177,-34.7803],[-58.1946,-34.7357],[-58.2675,-34.7736],[-58.1999,-34.8138],[-58.1799,-34.866],[-58.2474,-34.9236],[-58.2111,-34.9518],[-58.208,-34.942],[-58.0836,-34.8351],[-58.0177,-34.7803]]]}},{"type":"Feature","properties":{"zid":"06819"},"geometry":{"type":"Polygon","coordinates":[[[-62.0989,-37.9355],[-62.1524,-37.9621],[-62.1779,-38.0021],[-62.2448,-38.0417],[-62.276,-38.0857],[-62.331,-38.108],[-62.3469,-38.1359],[-62.4423,-38.0558],[-62.4681,-38.0499],[-62.4897,-38.0082],[-62.5753,-38.0752],[-62.7344,-37.9487],[-62.8144,-38.0107],[-62.655,-38.1389],[-62.7359,-38.2025],[-62.655,-38.267],[-62.7754,-38.364],[-62.8997,-38.4567],[-62.7372,-38.5858],[-62.649,-38.5166],[-62.6145,-38.5916],[-62.3878,-38.4085],[-62.3416,-38.4425],[-62.2398,-38.3609],[-62.2091,-38.3954],[-62.2277,-38.4106],[-62.1963,-38.452],[-62.0846,-38.3627],[-61.9986,-38.4268],[-61.9386,-38.4112],[-61.893,-38.4261],[-61.8127,-38.4855],[-61.7816,-38.4599],[-61.7451,-38.4046],[-61.7383,-38.3565],[-61.7127,-38.2864],[-61.7674,-38.1725],[-61.8201,-38.0763],[-61.872,-38.0335],[-61.9319,-38.0102],[-61.9516,-38.057],[-62.0504,-37.9907],[-62.0989,-37.9355]]]}},{"type":"Feature","properties":{"zid":"06196"},"geometry":{"type":"Polygon","coordinates":[[[-60.8457,-37.9358],[-60.8519,-37.9408],[-61.178,-37.6808],[-61.5093,-37.938],[-61.6829,-38.0742],[-61.663,-38.0908],[-61.7674,-38.1725],[-61.7127,-38.2864],[-61.7383,-38.3565],[-61.7451,-38.4046],[-61.7816,-38.4599],[-61.7805,-38.5673],[-61.7424,-38.6272],[-61.7285,-38.6571],[-61.5257,-38.5007],[-61.4654,-38.4827],[-61.3287,-38.3753],[-61.3192,-38.3931],[-61.1886,-38.2906],[-61.1398,-38.3049],[-61.0985,-38.2958],[-60.9908,-38.3106],[-60.9345,-38.3533],[-60.8761,-38.3725],[-60.8361,-38.4038],[-60.7406,-38.3307],[-60.7341,-38.3001],[-60.7469,-38.2304],[-60.7291,-38.1886],[-60.7231,-38.1166],[-60.6763,-38.0931],[-60.7595,-38.0285],[-60.7438,-38.0161],[-60.8457,-37.9358]]]}},{"type":"Feature","properties":{"zid":"06351"},"geometry":{"type":"Polygon","coordinates":[[[-61.7116,-34.628],[-61.7696,-34.5764],[-61.8454,-34.6374],[-61.9839,-34.5182],[-61.8161,-34.3856],[-62.2691,-34.3858],[-62.3164,-34.5697],[-62.3482,-34.6538],[-62.1882,-34.6827],[-62.2638,-34.7431],[-62.2402,-34.762],[-62.2856,-34.8135],[-62.2831,-34.8568],[-62.2226,-34.8548],[-62.1852,-34.9178],[-62.1046,-34.9847],[-61.9832,-34.886],[-61.9027,-34.9528],[-61.6735,-34.761],[-61.7729,-34.6764],[-61.7116,-34.628]]]}},{"type":"Feature","properties":{"zid":"06742"},"geometry":{"type":"Polygon","coordinates":[[[-59.3328,-38.7367],[-59.3721,-38.6665],[-59.4121,-38.6207],[-59.3797,-38.5685],[-59.3427,-38.5507],[-59.3465,-38.5016],[-59.4059,-38.4571],[-59.316,-38.3839],[-59.3542,-38.3034],[-59.3107,-38.2036],[-59.2467,-38.1551],[-59.3541,-38.1151],[-59.4147,-38.1138],[-59.5475,-38.0607],[-59.63,-38.0405],[-59.6413,-38.0252],[-59.7779,-38.1376],[-59.7937,-38.1974],[-59.8342,-38.2315],[-59.8335,-38.2422],[-59.99,-38.3714],[-59.9295,-38.3965],[-59.8741,-38.44],[-59.9367,-38.4914],[-59.8864,-38.5293],[-59.8215,-38.4754],[-59.7336,-38.5334],[-59.6906,-38.637],[-59.6871,-38.6802],[-59.654,-38.7002],[-59.6254,-38.7442],[-59.6273,-38.7858],[-59.3328,-38.7367]]]}},{"type":"Feature","properties":{"zid":"06833"},"geometry":{"type":"Polygon","coordinates":[[[-59.8342,-38.2315],[-59.8867,-38.1573],[-60.0363,-38.2808],[-60.1732,-38.1764],[-60.3707,-38.0167],[-60.4632,-38.0895],[-60.4421,-38.107],[-60.5496,-38.1921],[-60.6763,-38.0931],[-60.7231,-38.1166],[-60.7291,-38.1886],[-60.7469,-38.2304],[-60.7341,-38.3001],[-60.7406,-38.3307],[-60.7391,-38.3749],[-60.6765,-38.4332],[-60.6201,-38.4702],[-60.5935,-38.5456],[-60.6125,-38.5942],[-60.5781,-38.7251],[-60.5431,-38.8033],[-60.5293,-38.9143],[-60.4973,-38.9289],[-60.2657,-38.8883],[-59.7889,-38.8264],[-59.7282,-38.8062],[-59.6273,-38.7858],[-59.6254,-38.7442],[-59.654,-38.7002],[-59.6871,-38.6802],[-59.6906,-38.637],[-59.7336,-38.5334],[-59.8215,-38.4754],[-59.8864,-38.5293],[-59.9367,-38.4914],[-59.8741,-38.44],[-59.9295,-38.3965],[-59.99,-38.3714],[-59.8335,-38.2422],[-59.8342,-38.2315]]]}},{"type":"Feature","properties":{"zid":"06189"},"geometry":{"type":"Polygon","coordinates":[[[-60.7406,-38.3307],[-60.8361,-38.4038],[-60.8761,-38.3725],[-60.9345,-38.3533],[-60.9908,-38.3106],[-61.0985,-38.2958],[-61.1398,-38.3049],[-61.1886,-38.2906],[-61.3192,-38.3931],[-61.3287,-38.3753],[-61.4654,-38.4827],[-61.5257,-38.5007],[-61.7285,-38.6571],[-61.7155,-38.7143],[-61.7246,-38.7466],[-61.6634,-38.8574],[-61.4532,-38.9397],[-61.4412,-38.9184],[-61.3423,-38.9155],[-61.3149,-38.9463],[-61.2695,-38.9486],[-61.1378,-38.9294],[-61.1102,-38.9959],[-61.018,-38.9819],[-60.8622,-38.9804],[-60.6824,-38.9483],[-60.4973,-38.9289],[-60.5293,-38.9143],[-60.5431,-38.8033],[-60.5781,-38.7251],[-60.6125,-38.5942],[-60.5935,-38.5456],[-60.6201,-38.4702],[-60.6765,-38.4332],[-60.7391,-38.3749],[-60.7406,-38.3307]]]}},{"type":"Feature","properties":{"zid":"06581"},"geometry":{"type":"Polygon","coordinates":[[[-59.1102,-37.8262],[-59.1336,-37.7575],[-59.1657,-37.7375],[-59.1692,-37.6936],[-59.1531,-37.6574],[-59.1855,-37.6168],[-59.226,-37.6508],[-59.307,-37.7203],[-59.3407,-37.7335],[-59.5079,-37.8688],[-59.6765,-37.9997],[-59.6413,-38.0252],[-59.63,-38.0405],[-59.5475,-38.0607],[-59.4147,-38.1138],[-59.3541,-38.1151],[-59.2467,-38.1551],[-59.3107,-38.2036],[-59.3542,-38.3034],[-59.316,-38.3839],[-59.4059,-38.4571],[-59.3465,-38.5016],[-59.3427,-38.5507],[-59.3797,-38.5685],[-59.4121,-38.6207],[-59.3721,-38.6665],[-59.3328,-38.7367],[-59.2367,-38.7163],[-59.111,-38.7004],[-59.0198,-38.679],[-58.8315,-38.6231],[-58.6909,-38.575],[-58.6195,-38.5619],[-58.708,-38.495],[-58.7571,-38.4725],[-58.7875,-38.4007],[-58.7823,-38.378],[-58.8169,-38.3195],[-58.8661,-38.293],[-58.903,-38.25],[-58.9045,-38.2245],[-58.9542,-38.1554],[-59.0296,-38.0925],[-59.0793,-38.0201],[-59.1248,-37.9956],[-59.1275,-37.9739],[-59.1684,-37.9358],[-59.1676,-37.8862],[-59.1102,-37.8262]]]}},{"type":"Feature","properties":{"zid":"46105"},"geometry":{"type":"Polygon","coordinates":[[[-66.9763,-29.819],[-67.5368,-29.7861],[-67.6125,-29.656],[-67.7235,-29.7263],[-67.8204,-29.8044],[-67.8976,-29.8756],[-67.992,-29.9792],[-67.857,-30.1005],[-67.6859,-30.215],[-67.6743,-30.2356],[-67.5909,-30.2981],[-67.577,-30.4062],[-67.5078,-30.5157],[-67.4149,-30.5157],[-66.9171,-30.5313],[-66.9002,-30.4669],[-66.865,-30.4159],[-66.8566,-30.1151],[-66.8764,-30.0288],[-66.8606,-29.9983],[-66.8472,-29.8297],[-66.9763,-29.819]]]}},{"type":"Feature","properties":{"zid":"46084"},"geometry":{"type":"Polygon","coordinates":[[[-65.6423,-30.754],[-65.9684,-30.7496],[-66.3533,-30.7477],[-66.3257,-30.7929],[-66.3902,-30.8488],[-66.4114,-30.9389],[-66.4899,-30.9869],[-66.4807,-31.0957],[-66.4276,-31.1361],[-66.4193,-31.1875],[-66.3081,-31.1887],[-66.2653,-31.2032],[-65.7708,-31.3683],[-65.771,-31.2614],[-65.7715,-31.0442],[-65.6423,-30.754]]]}},{"type":"Feature","properties":{"zid":"46035"},"geometry":{"type":"Polygon","coordinates":[[[-65.5448,-29.8277],[-65.7008,-29.8271],[-66.4303,-30.0243],[-66.4822,-30.1864],[-66.5014,-30.264],[-66.4289,-30.4071],[-66.4042,-30.4674],[-66.3718,-30.5097],[-66.2324,-30.5266],[-65.9976,-30.3936],[-65.4925,-30.3718],[-65.423,-30.1196],[-65.5448,-29.8277]]]}},{"type":"Feature","properties":{"zid":"70070"},"geometry":{"type":"Polygon","coordinates":[[[-68.6015,-31.5709],[-68.6321,-31.6212],[-68.6949,-31.6212],[-68.7112,-31.6462],[-68.6644,-31.7342],[-68.6719,-31.8629],[-68.6889,-31.9072],[-68.5415,-31.8728],[-68.4307,-31.8709],[-68.4541,-31.8177],[-68.4909,-31.79],[-68.5203,-31.6732],[-68.505,-31.6381],[-68.519,-31.5958],[-68.6015,-31.5709]]]}},{"type":"Feature","properties":{"zid":"70133"},"geometry":{"type":"Polygon","coordinates":[[[-68.6517,-31.4724],[-68.6891,-31.4955],[-68.8049,-31.5202],[-68.8586,-31.5115],[-68.9199,-31.5213],[-68.9954,-31.52],[-69.0049,-31.4467],[-69.0055,-31.3661],[-69.0283,-31.3219],[-69.1088,-31.2645],[-69.1994,-31.2469],[-69.2119,-31.2557],[-69.2075,-31.3124],[-69.2186,-31.3404],[-69.1991,-31.378],[-69.2156,-31.4009],[-69.2192,-31.4562],[-69.2005,-31.5138],[-69.1667,-31.5585],[-69.1521,-31.6183],[-69.1621,-31.7255],[-69.1064,-31.8327],[-69.1026,-31.8719],[-69.1176,-31.9081],[-68.6889,-31.9072],[-68.6719,-31.8629],[-68.6644,-31.7342],[-68.7112,-31.6462],[-68.6949,-31.6212],[-68.7077,-31.5645],[-68.6517,-31.4724]]]}},{"type":"Feature","properties":{"zid":"46007"},"geometry":{"type":"Polygon","coordinates":[[[-66.3526,-28.7328],[-66.396,-28.677],[-66.4962,-28.6223],[-66.4963,-28.5313],[-66.5309,-28.5315],[-66.5152,-28.4625],[-66.5708,-28.2886],[-66.9426,-28.2662],[-67.0119,-28.338],[-67.0224,-28.3782],[-66.9981,-28.4338],[-66.9888,-28.5097],[-67.0127,-28.5699],[-67.0119,-28.6038],[-66.8366,-28.628],[-66.7347,-28.8523],[-66.3526,-28.7328]]]}},{"type":"Feature","properties":{"zid":"06466"},"geometry":{"type":"Polygon","coordinates":[[[-57.4896,-35.8115],[-57.5235,-35.8097],[-57.5998,-35.7808],[-57.6793,-35.7787],[-57.7584,-35.7615],[-57.861,-35.6858],[-57.8982,-35.6915],[-57.9803,-35.7573],[-58.0117,-35.7398],[-58.0802,-35.7867],[-58.0969,-35.775],[-58.1459,-35.8193],[-58.165,-35.8676],[-58.0895,-35.9506],[-58.0166,-35.945],[-58.0339,-36.0006],[-58.0043,-36.0421],[-57.9574,-36.0278],[-57.9273,-35.9892],[-57.7226,-35.9134],[-57.7131,-35.8419],[-57.5889,-35.8307],[-57.574,-35.8548],[-57.5248,-35.8383],[-57.4896,-35.8115]]]}},{"type":"Feature","properties":{"zid":"06218"},"geometry":{"type":"Polygon","coordinates":[[[-57.7962,-35.4449],[-57.8724,-35.3871],[-57.9368,-35.376],[-57.9863,-35.3285],[-58.0358,-35.344],[-58.045,-35.3347],[-58.1386,-35.4204],[-58.155,-35.4083],[-58.1939,-35.441],[-58.1524,-35.4724],[-58.1991,-35.5225],[-58.3322,-35.6351],[-58.3415,-35.652],[-58.4362,-35.7331],[-58.4548,-35.7612],[-58.3353,-35.8633],[-58.2825,-35.8607],[-58.2638,-35.8231],[-58.223,-35.8195],[-58.165,-35.8676],[-58.1459,-35.8193],[-58.0969,-35.775],[-58.0802,-35.7867],[-58.0117,-35.7398],[-57.9803,-35.7573],[-57.8982,-35.6915],[-57.861,-35.6858],[-57.7584,-35.7615],[-57.6793,-35.7787],[-57.5998,-35.7808],[-57.5235,-35.8097],[-57.4896,-35.8115],[-57.4758,-35.7835],[-57.4237,-35.7826],[-57.3989,-35.7452],[-57.365,-35.746],[-57.347,-35.7162],[-57.3736,-35.6785],[-57.4381,-35.6378],[-57.464,-35.5945],[-57.4355,-35.5208],[-57.4815,-35.4728],[-57.5439,-35.4715],[-57.5848,-35.4562],[-57.6889,-35.4846],[-57.7449,-35.4736],[-57.7962,-35.4449]]]}},{"type":"Feature","properties":{"zid":"06655"},"geometry":{"type":"Polygon","coordinates":[[[-57.347,-35.7162],[-57.2697,-35.619],[-57.1551,-35.4981],[-57.1302,-35.4234],[-57.2231,-35.2731],[-57.3037,-35.1972],[-57.4039,-35.2505],[-57.4256,-35.2346],[-57.4601,-35.2668],[-57.4929,-35.2436],[-57.5494,-35.2962],[-57.5032,-35.302],[-57.5713,-35.3634],[-57.5889,-35.35],[-57.5842,-35.2972],[-57.633,-35.2609],[-57.6676,-35.2933],[-57.6134,-35.3331],[-57.6827,-35.3768],[-57.7268,-35.3493],[-57.7587,-35.4053],[-57.7962,-35.4449],[-57.7449,-35.4736],[-57.6889,-35.4846],[-57.5848,-35.4562],[-57.5439,-35.4715],[-57.4815,-35.4728],[-57.4355,-35.5208],[-57.464,-35.5945],[-57.4381,-35.6378],[-57.3736,-35.6785],[-57.347,-35.7162]]]}},{"type":"Feature","properties":{"zid":"38014"},"geometry":{"type":"Polygon","coordinates":[[[-65.1406,-24.3322],[-65.2695,-24.3138],[-65.2694,-24.362],[-65.3572,-24.383],[-65.3574,-24.4625],[-65.3434,-24.4977],[-65.2293,-24.4862],[-65.1945,-24.4598],[-65.1548,-24.4881],[-65.0966,-24.5328],[-65.0797,-24.5622],[-64.944,-24.5966],[-64.9006,-24.5913],[-64.8853,-24.5218],[-64.8551,-24.4723],[-64.954,-24.4497],[-64.8998,-24.3833],[-64.997,-24.3601],[-65.0207,-24.365],[-65.1406,-24.3322]]]}},{"type":"Feature","properties":{"zid":"06126"},"geometry":{"type":"Polygon","coordinates":[[[-58.6753,-34.0255],[-58.7637,-33.9453],[-58.8372,-33.9538],[-58.966,-33.9606],[-59.0005,-34.0879],[-58.9733,-34.1291],[-59.1031,-34.2001],[-59.0143,-34.2956],[-58.9772,-34.3206],[-58.9197,-34.381],[-58.9174,-34.328],[-58.9008,-34.3109],[-58.8586,-34.2621],[-58.7758,-34.2852],[-58.7931,-34.2294],[-58.7122,-34.2489],[-58.6914,-34.1724],[-58.7467,-34.1655],[-58.7931,-34.0783],[-58.6753,-34.0255]]]}},{"type":"Feature","properties":{"zid":"78042"},"geometry":{"type":"Polygon","coordinates":[[[-66.8701,-48.5827],[-67.1719,-48.4839],[-67.5531,-48.113],[-67.6161,-48.0917],[-68.1856,-48.4446],[-68.3354,-48.3796],[-68.9936,-48.4185],[-69.3553,-48.4383],[-69.7344,-48.3221],[-69.7386,-48.4863],[-69.7582,-49.2087],[-69.7578,-49.3182],[-68.8268,-49.3168],[-68.8226,-49.4548],[-68.092,-49.4469],[-67.6759,-49.4419],[-67.6666,-49.4048],[-67.6036,-49.2957],[-67.6128,-49.2503],[-67.6681,-49.2552],[-67.6831,-49.3418],[-67.7138,-49.3859],[-67.7815,-49.3802],[-67.8047,-49.3428],[-67.7608,-49.3139],[-67.7422,-49.2765],[-67.6889,-49.2618],[-67.6646,-49.2035],[-67.6151,-49.1864],[-67.6365,-49.1506],[-67.6014,-49.1068],[-67.5732,-49.0387],[-67.4677,-48.9446],[-67.3337,-48.875],[-67.2437,-48.8525],[-67.1933,-48.8136],[-67.1942,-48.7855],[-67.1522,-48.749],[-67.1297,-48.6851],[-67.014,-48.6235],[-66.9208,-48.6062],[-66.8701,-48.5827]]]}},{"type":"Feature","properties":{"zid":"78007"},"geometry":{"type":"Polygon","coordinates":[[[-69.7582,-49.2087],[-70.5808,-49.2039],[-70.6018,-49.7318],[-70.6216,-50.2125],[-70.6311,-50.2193],[-70.6387,-50.3681],[-70.6301,-50.3745],[-70.646,-50.7368],[-69.965,-50.7523],[-69.1385,-50.7656],[-69.1255,-50.6788],[-69.0926,-50.6229],[-69.0777,-50.5628],[-68.9849,-50.435],[-68.88,-50.3356],[-68.7733,-50.2881],[-68.7387,-50.2897],[-68.6339,-50.2488],[-68.4072,-50.1862],[-68.3645,-50.1651],[-68.3608,-50.1354],[-68.4517,-50.1107],[-68.5006,-50.0782],[-68.5108,-50.0182],[-68.5986,-49.9378],[-68.5583,-49.8722],[-68.5292,-49.9358],[-68.4557,-49.9923],[-68.4164,-50.059],[-68.3266,-50.123],[-68.2066,-50.1171],[-68.0461,-50.0708],[-67.917,-50.0053],[-67.8576,-49.9651],[-67.8038,-49.9036],[-67.7337,-49.7855],[-67.7154,-49.6994],[-67.7196,-49.6335],[-67.6759,-49.4419],[-68.092,-49.4469],[-68.8226,-49.4548],[-68.8268,-49.3168],[-69.7578,-49.3182],[-69.7582,-49.2087]]]}},{"type":"Feature","properties":{"zid":"62028"},"geometry":{"type":"Polygon","coordinates":[[[-63.3824,-39.8719],[-64,-39.8708],[-65,-39.8586],[-65.2455,-39.8507],[-65.2137,-39.8709],[-65.2834,-39.9253],[-65.1932,-39.9798],[-65.194,-40.4365],[-65.0039,-40.4348],[-64.6015,-40.4389],[-64.083,-40.4422],[-63.9976,-40.5063],[-63.8453,-40.3903],[-63.8309,-40.4105],[-63.3808,-40.4086],[-63.3824,-39.8719]]]}},{"type":"Feature","properties":{"zid":"02000"},"geometry":{"type":"Polygon","coordinates":[[[-58.3419,-34.6311],[-58.3616,-34.5812],[-58.4596,-34.5278],[-58.51,-34.5692],[-58.523,-34.5976],[-58.5292,-34.6546],[-58.4617,-34.7051],[-58.4469,-34.6888],[-58.4025,-34.66],[-58.3419,-34.6311]]]}},{"type":"Feature","properties":{"zid":"22036"},"geometry":{"type":"Polygon","coordinates":[[[-60.9972,-27.4177],[-61.3664,-27.1642],[-61.7127,-26.9282],[-61.7128,-27.3126],[-61.7119,-27.714],[-61.5693,-27.7142],[-61.5712,-27.4802],[-61.0223,-27.4782],[-60.9973,-27.4781],[-60.9972,-27.4177]]]}},{"type":"Feature","properties":{"zid":"34042"},"geometry":{"type":"Polygon","coordinates":[[[-58.3808,-24.9562],[-58.4303,-24.8931],[-58.4692,-24.8637],[-58.5264,-24.8507],[-58.55,-24.8281],[-58.6735,-24.8315],[-58.7401,-24.7808],[-58.8084,-24.7716],[-58.8462,-24.7375],[-58.8917,-24.715],[-58.8912,-25.052],[-59.0536,-25.174],[-58.6051,-25.4707],[-58.6052,-25.3943],[-58.3784,-25.393],[-58.3808,-24.9562]]]}},{"type":"Feature","properties":{"zid":"34021"},"geometry":{"type":"Polygon","coordinates":[[[-58.2159,-26.3841],[-58.2674,-26.3442],[-58.3384,-26.3485],[-58.5041,-26.3434],[-58.5054,-26.1736],[-58.5687,-26.1592],[-58.7567,-26.1573],[-58.7577,-26.1836],[-58.926,-26.1853],[-58.9745,-26.1858],[-58.9749,-26.3885],[-58.9098,-26.4626],[-58.8658,-26.4751],[-58.8568,-26.5089],[-58.7706,-26.5387],[-58.7515,-26.5967],[-58.6884,-26.604],[-58.6745,-26.6421],[-58.5798,-26.6859],[-58.5691,-26.7277],[-58.5308,-26.7408],[-58.4947,-26.7945],[-58.4481,-26.8274],[-58.4224,-26.8244],[-58.3782,-26.8798],[-58.3184,-26.857],[-58.3368,-26.8173],[-58.2855,-26.7968],[-58.2959,-26.7629],[-58.2454,-26.7474],[-58.2635,-26.6517],[-58.2019,-26.6542],[-58.2087,-26.6147],[-58.2009,-26.5584],[-58.2226,-26.5425],[-58.2085,-26.5049],[-58.2238,-26.4637],[-58.1839,-26.4494],[-58.2185,-26.4178],[-58.2159,-26.3841]]]}},{"type":"Feature","properties":{"zid":"34056"},"geometry":{"type":"Polygon","coordinates":[[[-58.926,-26.1853],[-58.9259,-25.7786],[-58.6047,-25.7772],[-58.605,-25.5831],[-58.6051,-25.4707],[-59.0536,-25.174],[-59.2722,-25.3376],[-59.6351,-25.6075],[-59.6366,-26.1199],[-59.5672,-26.1489],[-59.5355,-26.1413],[-59.4774,-26.1623],[-59.4348,-26.1536],[-59.4147,-26.1676],[-59.4139,-26.225],[-59.3811,-26.268],[-59.3779,-26.3208],[-59.2777,-26.3498],[-59.2265,-26.3394],[-59.1676,-26.2986],[-59.1388,-26.3127],[-59.0685,-26.3742],[-59.0429,-26.3653],[-58.9749,-26.3885],[-58.9745,-26.1858],[-58.926,-26.1853]]]}},{"type":"Feature","properties":{"zid":"22063"},"geometry":{"type":"Polygon","coordinates":[[[-61.8348,-24.3142],[-61.9051,-24.3048],[-61.9388,-24.2662],[-61.945,-24.2392],[-62.0054,-24.2309],[-62.041,-24.2405],[-62.0553,-24.2113],[-62.1361,-24.196],[-62.1827,-24.155],[-62.2283,-24.1354],[-62.2863,-24.1293],[-62.3305,-24.0791],[-62.3422,-24.1102],[-62.3424,-24.3921],[-62.7158,-24.8309],[-62.2187,-24.8301],[-62.2186,-25.4667],[-61.6273,-25.4668],[-61.3937,-25.4695],[-61.3938,-25.5603],[-61.1936,-25.5635],[-61.2036,-26.109],[-60.7998,-26.1149],[-60.0993,-26.1224],[-60.0985,-25.6692],[-60.1513,-25.6438],[-60.1713,-25.6485],[-60.2236,-25.5895],[-60.2416,-25.5446],[-60.2202,-25.5343],[-60.2245,-25.4851],[-60.3272,-25.4074],[-60.3543,-25.3227],[-60.389,-25.3353],[-60.495,-25.2069],[-60.5296,-25.1718],[-60.5722,-25.1845],[-60.6539,-25.1585],[-60.7,-25.1196],[-60.7328,-25.117],[-60.7509,-25.0776],[-60.807,-25.0642],[-60.875,-25.0197],[-60.9339,-25.0048],[-60.9725,-24.9419],[-61.0428,-24.8974],[-61.0713,-24.8549],[-61.0927,-24.8488],[-61.1469,-24.7989],[-61.1383,-24.7868],[-61.1564,-24.785],[-61.1706,-24.6999],[-61.2084,-24.6967],[-61.1973,-24.6613],[-61.2529,-24.6287],[-61.2847,-24.6243],[-61.3418,-24.6395],[-61.3812,-24.6137],[-61.454,-24.6122],[-61.4772,-24.5752],[-61.5176,-24.5486],[-61.549,-24.4996],[-61.5964,-24.4793],[-61.582,-24.4537],[-61.6103,-24.4217],[-61.6552,-24.4327],[-61.6945,-24.4152],[-61.7287,-24.342],[-61.7715,-24.3106],[-61.8348,-24.3142]]]}},{"type":"Feature","properties":{"zid":"62084"},"geometry":{"type":"Polygon","coordinates":[[[-65.7742,-39.9187],[-65.9997,-39.918],[-66.8257,-39.9106],[-66.838,-40.3635],[-66.8514,-40.8685],[-66.8593,-41.1683],[-66.8704,-41.6878],[-66.8769,-42],[-66.5003,-42],[-66.2504,-42],[-65.9736,-42],[-65.7502,-42],[-65.7281,-42],[-65.7412,-41.6748],[-65.7578,-41.2443],[-65.7901,-41.1824],[-65.7871,-40.8804],[-65.7821,-40.443],[-65.7742,-39.9187]]]}},{"type":"Feature","properties":{"zid":"62077"},"geometry":{"type":"Polygon","coordinates":[[[-64.6015,-40.4389],[-65.0039,-40.4348],[-65.194,-40.4365],[-65.1932,-39.9798],[-65.2834,-39.9253],[-65.2946,-39.9185],[-65.7742,-39.9187],[-65.7821,-40.443],[-65.7871,-40.8804],[-65.7901,-41.1824],[-65.7578,-41.2443],[-65.7412,-41.6748],[-65.7281,-42],[-65.0693,-42],[-65.0746,-41.9651],[-65.0473,-41.8373],[-65.0163,-41.8326],[-64.9989,-41.7711],[-65.0232,-41.721],[-65.0227,-41.6184],[-64.9878,-41.5188],[-65.0003,-41.4861],[-65.0439,-41.4625],[-65.1016,-41.3357],[-65.1365,-41.2276],[-65.1659,-40.9652],[-65.1471,-40.9042],[-65.1252,-40.8813],[-65.1133,-40.8321],[-65.018,-40.7644],[-64.9244,-40.7478],[-64.9167,-40.7273],[-64.8474,-40.7159],[-64.7752,-40.7398],[-64.742,-40.8107],[-64.842,-40.7845],[-64.9033,-40.8044],[-64.868,-40.8305],[-64.7571,-40.8176],[-64.6032,-40.8502],[-64.6015,-40.4389]]]}},{"type":"Feature","properties":{"zid":"62049"},"geometry":{"type":"Polygon","coordinates":[[[-66.8257,-39.9106],[-67.477,-39.8485],[-67.8722,-39.8109],[-68.2315,-40.0731],[-68.0085,-40.1582],[-68.0306,-40.6646],[-68.0436,-40.9801],[-68.0633,-41.4599],[-68.0857,-42],[-67.7506,-42],[-67.2502,-42],[-66.8769,-42],[-66.8704,-41.6878],[-66.8593,-41.1683],[-66.8514,-40.8685],[-66.838,-40.3635],[-66.8257,-39.9106]]]}},{"type":"Feature","properties":{"zid":"62056"},"geometry":{"type":"Polygon","coordinates":[[[-69.3895,-42],[-69.7553,-41.5052],[-70.2697,-41.4153],[-70.6164,-41.4134],[-70.689,-41.438],[-70.8131,-41.5229],[-70.9292,-41.4276],[-71.0304,-41.5419],[-71.2295,-41.4998],[-71.2255,-41.6654],[-71.2666,-41.7335],[-71.3064,-41.8209],[-71.2258,-41.8558],[-71.2401,-41.954],[-71.1749,-42],[-70.5,-42],[-70.0001,-42],[-69.5002,-42],[-69.4281,-42],[-69.3895,-42]]]}},{"type":"Feature","properties":{"zid":"62091"},"geometry":{"type":"Polygon","coordinates":[[[-68.0857,-42],[-68.0633,-41.4599],[-68.0436,-40.9801],[-68.0306,-40.6646],[-68.0085,-40.1582],[-68.2315,-40.0731],[-68.5948,-40.1326],[-68.7863,-40.4284],[-69.3867,-40.4688],[-69.8079,-40.6651],[-69.8885,-40.848],[-70.1795,-41.0263],[-69.9533,-41.1351],[-70.2697,-41.4153],[-69.7553,-41.5052],[-69.3895,-42],[-69.0003,-42],[-68.3894,-42],[-68.25,-42],[-68.0857,-42]]]}},{"type":"Feature","properties":{"zid":"62070"},"geometry":{"type":"Polygon","coordinates":[[[-69.8079,-40.6651],[-69.7791,-40.2496],[-69.7549,-39.876],[-69.8659,-39.9109],[-69.9328,-39.9449],[-69.9707,-39.9775],[-70.0054,-40.0474],[-69.9948,-40.1031],[-69.9707,-40.121],[-69.9503,-40.179],[-69.985,-40.1788],[-70.0588,-40.249],[-70.0501,-40.3022],[-70.0627,-40.3746],[-70.103,-40.4057],[-70.1749,-40.4276],[-70.1681,-40.4743],[-70.1895,-40.4942],[-70.2799,-40.5029],[-70.4284,-40.5354],[-70.462,-40.5134],[-70.5322,-40.5045],[-70.6294,-40.5584],[-70.6428,-40.5848],[-70.6869,-40.5949],[-70.7331,-40.5801],[-70.8649,-40.597],[-70.8731,-40.6148],[-70.9765,-40.6487],[-71.0118,-40.6793],[-71.0251,-40.7208],[-71.0937,-40.7267],[-71.1209,-40.7586],[-71.1181,-40.805],[-71.0689,-40.8507],[-71.0341,-40.9036],[-71.0364,-40.9559],[-71.1153,-41.0076],[-71.1308,-41.0473],[-71.1749,-41.0562],[-71.2194,-41.0862],[-71.162,-41.0879],[-71.1147,-41.1293],[-71.1563,-41.1822],[-71.1708,-41.2441],[-71.2172,-41.2965],[-71.2314,-41.3855],[-71.2295,-41.4998],[-71.0304,-41.5419],[-70.9292,-41.4276],[-70.8131,-41.5229],[-70.689,-41.438],[-70.6164,-41.4134],[-70.2697,-41.4153],[-69.9533,-41.1351],[-70.1795,-41.0263],[-69.8885,-40.848],[-69.8079,-40.6651]]]}},{"type":"Feature","properties":{"zid":"06007"},"geometry":{"type":"Polygon","coordinates":[[[-63.2828,-36.6076],[-63.3854,-36.5249],[-63.3852,-36.8078],[-63.3853,-37.2589],[-63.3855,-37.7099],[-63.3857,-37.8088],[-63.3773,-37.8151],[-63.215,-37.6903],[-62.8132,-37.3739],[-62.6422,-37.5198],[-62.6299,-37.5102],[-62.4254,-37.3487],[-62.5388,-37.2574],[-62.5096,-37.2338],[-62.511,-37.196],[-62.6034,-37.0979],[-62.6473,-37.123],[-62.97,-36.863],[-63.2828,-36.6076]]]}},{"type":"Feature","properties":{"zid":"06616"},"geometry":{"type":"Polygon","coordinates":[[[-63.2037,-36.0331],[-63.3855,-35.8837],[-63.3854,-35.9055],[-63.3854,-35.9184],[-63.3856,-36.3563],[-63.3856,-36.357],[-63.3854,-36.5249],[-63.2828,-36.6076],[-63.1276,-36.4795],[-63.0486,-36.4154],[-63.068,-36.3995],[-63.0399,-36.3591],[-62.9593,-36.2961],[-62.9789,-36.2801],[-62.9397,-36.2488],[-63.2037,-36.0331]]]}},{"type":"Feature","properties":{"zid":"70042"},"geometry":{"type":"Polygon","coordinates":[[[-68.4608,-31.4631],[-68.5187,-31.4577],[-68.6171,-31.5024],[-68.6421,-31.5025],[-68.5589,-31.5109],[-68.5086,-31.5049],[-68.4717,-31.4973],[-68.4307,-31.5082],[-68.4608,-31.4631]]]}},{"type":"Feature","properties":{"zid":"70063"},"geometry":{"type":"Polygon","coordinates":[[[-68.3648,-31.5712],[-68.4127,-31.5315],[-68.4476,-31.5777],[-68.4144,-31.6708],[-68.416,-31.7078],[-68.3905,-31.7428],[-68.3801,-31.7889],[-68.3805,-31.745],[-68.3469,-31.6947],[-68.337,-31.6703],[-68.3648,-31.5712]]]}},{"type":"Feature","properties":{"zid":"70007"},"geometry":{"type":"Polygon","coordinates":[[[-68.4603,-31.4591],[-68.4548,-31.4308],[-68.4113,-31.3581],[-68.3343,-31.2942],[-68.3343,-30.9299],[-68.4257,-30.9295],[-68.4237,-30.9493],[-68.4833,-30.9818],[-68.5001,-31.0044],[-68.5391,-31.1803],[-68.5385,-31.2333],[-68.5518,-31.2962],[-68.5877,-31.3597],[-68.6052,-31.4506],[-68.6413,-31.5007],[-68.6421,-31.5025],[-68.6171,-31.5024],[-68.5187,-31.4577],[-68.4608,-31.4631],[-68.4603,-31.4591]]]}},{"type":"Feature","properties":{"zid":"70014"},"geometry":{"type":"Polygon","coordinates":[[[-67.8753,-30.9307],[-68.3343,-30.9299],[-68.3343,-31.2942],[-68.4113,-31.3581],[-68.4548,-31.4308],[-68.4603,-31.4591],[-68.3824,-31.4616],[-68.0193,-31.462],[-67.9757,-31.4175],[-67.9699,-31.3752],[-67.9303,-31.3329],[-67.897,-31.1812],[-67.8957,-31.1137],[-67.8676,-31.0588],[-67.8137,-31.0122],[-67.8753,-30.9307]]]}},{"type":"Feature","properties":{"zid":"06651"},"geometry":{"type":"Polygon","coordinates":[[[-62.6299,-37.5102],[-62.6422,-37.5198],[-62.8132,-37.3739],[-63.215,-37.6903],[-63.3773,-37.8151],[-63.3857,-37.8088],[-63.3853,-38.2529],[-63.3842,-38.8292],[-63.3123,-38.7711],[-63.1219,-38.6286],[-62.8997,-38.4567],[-62.7754,-38.364],[-62.655,-38.267],[-62.7359,-38.2025],[-62.655,-38.1389],[-62.8144,-38.0107],[-62.7344,-37.9487],[-62.8956,-37.8192],[-62.7308,-37.6905],[-62.7355,-37.6718],[-62.5814,-37.5492],[-62.6299,-37.5102]]]}},{"type":"Feature","properties":{"zid":"06875"},"geometry":{"type":"MultiPolygon","coordinates":[[[[-62.6145,-38.5916],[-62.649,-38.5166],[-62.7372,-38.5858],[-62.8997,-38.4567],[-63.1219,-38.6286],[-63.3123,-38.7711],[-63.3842,-38.8292],[-63.3833,-39.3285],[-63.3231,-39.3357],[-63.2378,-39.3676],[-63.1719,-39.4132],[-63.1476,-39.3941],[-63.1018,-39.4244],[-63.0739,-39.4761],[-63.0143,-39.4873],[-62.9617,-39.5169],[-62.9228,-39.5041],[-62.8627,-39.5297],[-62.7567,-39.5064],[-62.7245,-39.5257],[-62.6266,-39.5299],[-62.5735,-39.5696],[-62.5409,-39.5736],[-62.4751,-39.6282],[-62.4758,-39.6944],[-62.4101,-39.7243],[-62.3378,-39.8023],[-62.3024,-39.7971],[-62.2335,-39.8162],[-62.215,-39.8399],[-62.1648,-39.8315],[-62.1468,-39.8567],[-62.1152,-39.8488],[-62.126,-39.7677],[-62.1191,-39.6629],[-62.0896,-39.5401],[-62.047,-39.4594],[-62.1696,-39.3755],[-62.2388,-39.3452],[-62.2322,-39.2969],[-62.1672,-39.3314],[-62.0899,-39.3885],[-62.0306,-39.3923],[-62.0093,-39.3669],[-62.0602,-39.3217],[-62.1302,-39.2927],[-62.2795,-39.2657],[-62.2474,-39.2441],[-62.3109,-39.2109],[-62.3422,-39.163],[-62.3517,-39.1052],[-62.3065,-39.0526],[-62.3045,-39.0151],[-62.3453,-38.9523],[-62.3226,-38.8944],[-62.3478,-38.8699],[-62.3386,-38.8433],[-62.4038,-38.8202],[-62.3793,-38.8012],[-62.3409,-38.8141],[-62.2954,-38.7886],[-62.3549,-38.7557],[-62.4271,-38.7609],[-62.4514,-38.73],[-62.4729,-38.6633],[-62.5195,-38.6407],[-62.6075,-38.6158],[-62.6145,-38.5916]]],[[[-61.999,-39.0907],[-62.0545,-39.1363],[-62.0187,-39.1627],[-61.9165,-39.2042],[-61.8698,-39.2443],[-61.8508,-39.2188],[-61.8553,-39.1769],[-61.8781,-39.1617],[-61.9129,-39.1017],[-61.999,-39.0907]]],[[[-62.0377,-39.0817],[-62.084,-39.0994],[-62.0554,-39.1347],[-62.0228,-39.1031],[-62.0377,-39.0817]]]]}},{"type":"Feature","properties":{"zid":"70091"},"geometry":{"type":"Polygon","coordinates":[[[-68.0193,-31.462],[-68.3824,-31.4616],[-68.4603,-31.4591],[-68.4608,-31.4631],[-68.4307,-31.5082],[-68.4127,-31.5315],[-68.3648,-31.5712],[-67.9839,-31.6305],[-68.0305,-31.567],[-68.0401,-31.5175],[-68.0193,-31.462]]]}},{"type":"Feature","properties":{"zid":"70035"},"geometry":{"type":"Polygon","coordinates":[[[-67.0783,-31.434],[-67.2806,-31.4484],[-67.3533,-31.4101],[-67.3888,-31.3506],[-67.3922,-31.317],[-67.4394,-31.2077],[-67.4301,-31.1835],[-67.445,-31.0975],[-67.4944,-31.0386],[-67.5066,-30.9871],[-67.4975,-30.9555],[-67.5306,-30.9295],[-67.8753,-30.9307],[-67.8137,-31.0122],[-67.8676,-31.0588],[-67.8957,-31.1137],[-67.897,-31.1812],[-67.9303,-31.3329],[-67.9699,-31.3752],[-67.9757,-31.4175],[-68.0193,-31.462],[-68.0401,-31.5175],[-68.0305,-31.567],[-67.9839,-31.6305],[-68.3648,-31.5712],[-68.337,-31.6703],[-68.3469,-31.6947],[-67.841,-31.7813],[-67.2399,-31.8801],[-67.1367,-31.8338],[-67.05,-31.8575],[-67.0059,-31.8554],[-66.8857,-31.8977],[-66.6618,-31.9205],[-66.7227,-31.8838],[-66.8043,-31.8088],[-66.8253,-31.7613],[-66.8682,-31.6333],[-66.952,-31.6333],[-67.0783,-31.434]]]}},{"type":"Feature","properties":{"zid":"70056"},"geometry":{"type":"Polygon","coordinates":[[[-68.2588,-29.7467],[-68.4413,-29.6505],[-68.5202,-29.6375],[-68.6218,-29.6456],[-68.7153,-29.6247],[-68.7585,-29.6328],[-68.7928,-29.6222],[-68.8328,-29.6328],[-68.8873,-29.6204],[-68.9358,-29.6239],[-68.9575,-29.6575],[-69.0101,-29.6527],[-69.0206,-29.6363],[-69.0148,-29.6991],[-69.0321,-29.7618],[-69.015,-29.8791],[-69.0399,-29.9496],[-69.0298,-29.9825],[-69.0715,-30.0724],[-69.0417,-30.249],[-69.0392,-30.2949],[-69.063,-30.3939],[-69.0571,-30.4954],[-69.0137,-30.5389],[-69.0136,-30.5389],[-68.946,-30.5389],[-68.9113,-30.5619],[-68.7817,-30.5976],[-68.806,-30.6703],[-68.8294,-30.691],[-68.8204,-30.7596],[-68.7649,-30.8797],[-68.7558,-31.0041],[-68.5001,-31.0044],[-68.4833,-30.9818],[-68.4237,-30.9493],[-68.4257,-30.9295],[-68.3343,-30.9299],[-67.8753,-30.9307],[-67.5306,-30.9295],[-67.6061,-30.8319],[-67.6577,-30.7931],[-67.7363,-30.7029],[-67.7622,-30.6362],[-67.7767,-30.5723],[-67.7643,-30.5335],[-67.7823,-30.5103],[-67.804,-30.3973],[-67.9137,-30.2465],[-67.9823,-30.2251],[-68.0074,-30.1995],[-68.0224,-30.1507],[-68.0145,-30.1264],[-68.0525,-30.0585],[-68.0634,-30.0139],[-68.0941,-29.9928],[-68.1021,-29.9577],[-68.1359,-29.9083],[-68.1627,-29.921],[-68.1746,-29.9582],[-68.2181,-29.9934],[-68.2832,-29.9015],[-68.2928,-29.8701],[-68.3589,-29.8008],[-68.2588,-29.7467]]]}},{"type":"Feature","properties":{"zid":"70119"},"geometry":{"type":"Polygon","coordinates":[[[-67.992,-29.9792],[-68.0455,-29.908],[-68.1052,-29.8842],[-68.1596,-29.8843],[-68.1844,-29.8481],[-68.199,-29.7811],[-68.2538,-29.7807],[-68.2588,-29.7467],[-68.3589,-29.8008],[-68.2928,-29.8701],[-68.2832,-29.9015],[-68.2181,-29.9934],[-68.1746,-29.9582],[-68.1627,-29.921],[-68.1359,-29.9083],[-68.1021,-29.9577],[-68.0941,-29.9928],[-68.0634,-30.0139],[-68.0525,-30.0585],[-68.0145,-30.1264],[-68.0224,-30.1507],[-68.0074,-30.1995],[-67.9823,-30.2251],[-67.9137,-30.2465],[-67.804,-30.3973],[-67.7823,-30.5103],[-67.7643,-30.5335],[-67.7767,-30.5723],[-67.7622,-30.6362],[-67.7363,-30.7029],[-67.6577,-30.7931],[-67.6061,-30.8319],[-67.5306,-30.9295],[-67.4975,-30.9555],[-67.5066,-30.9871],[-67.4944,-31.0386],[-67.445,-31.0975],[-67.4301,-31.1835],[-67.4394,-31.2077],[-67.3922,-31.317],[-67.3888,-31.3506],[-67.3533,-31.4101],[-67.2806,-31.4484],[-67.0783,-31.434],[-67.1012,-31.383],[-67.0669,-31.084],[-67.1164,-31.016],[-67.0821,-30.9161],[-67.125,-30.8975],[-67.1876,-30.8285],[-67.2206,-30.7692],[-67.2989,-30.6815],[-67.3867,-30.6429],[-67.4245,-30.6143],[-67.4463,-30.578],[-67.5078,-30.5157],[-67.577,-30.4062],[-67.5909,-30.2981],[-67.6743,-30.2356],[-67.6859,-30.215],[-67.857,-30.1005],[-67.992,-29.9792]]]}},{"type":"Feature","properties":{"zid":"70112"},"geometry":{"type":"Polygon","coordinates":[[[-68.6413,-31.5007],[-68.6052,-31.4506],[-68.5877,-31.3597],[-68.5518,-31.2962],[-68.5385,-31.2333],[-68.5391,-31.1803],[-68.5001,-31.0044],[-68.7558,-31.0041],[-68.7649,-30.8797],[-68.8204,-30.7596],[-68.8294,-30.691],[-68.806,-30.6703],[-68.7817,-30.5976],[-68.9113,-30.5619],[-68.946,-30.5389],[-69.0136,-30.5389],[-69.0638,-30.539],[-69.0539,-30.6291],[-69.1137,-30.6296],[-69.0899,-30.7481],[-69.1038,-30.7948],[-69.1211,-30.8322],[-69.1393,-30.9439],[-69.1793,-31.0507],[-69.2186,-31.1026],[-69.2268,-31.1509],[-69.2505,-31.1898],[-69.2119,-31.2557],[-69.1994,-31.2469],[-69.1088,-31.2645],[-69.0283,-31.3219],[-69.0055,-31.3661],[-69.0049,-31.4467],[-68.9954,-31.52],[-68.9199,-31.5213],[-68.8586,-31.5115],[-68.8049,-31.5202],[-68.6891,-31.4955],[-68.6517,-31.4724],[-68.6425,-31.5021],[-68.6413,-31.5007]]]}},{"type":"Feature","properties":{"zid":"74042"},"geometry":{"type":"Polygon","coordinates":[[[-66.6475,-34.7436],[-66.6479,-34.744],[-66.6067,-34.7741],[-66.6025,-34.8021],[-66.5657,-34.826],[-66.5544,-34.8922],[-66.5255,-34.951],[-66.5451,-34.9674],[-66.5226,-35.0198],[-66.5266,-35.049],[-66.4781,-35.1397],[-66.497,-35.1958],[-66.4842,-35.2408],[-66.5195,-35.2743],[-66.4956,-35.3112],[-66.5123,-35.3992],[-66.53,-35.4453],[-66.5174,-35.4701],[-66.5392,-35.562],[-66.5703,-35.582],[-66.5477,-35.6388],[-66.5806,-35.7038],[-66.5807,-35.7686],[-66.6222,-35.8484],[-66.6188,-35.9642],[-66.6378,-36.0006],[-66.3745,-35.9994],[-66.0178,-35.9999],[-65.938,-35.9999],[-65.5325,-35.9964],[-65.3563,-35.9995],[-65.1078,-35.9991],[-65.1078,-35.9882],[-65.1078,-35.9791],[-65.1077,-35.8902],[-65.1076,-35.8012],[-65.1071,-35.3583],[-65.1068,-35.0153],[-65.1059,-34.6532],[-65.252,-34.653],[-65.2525,-34.6678],[-65.568,-34.6689],[-65.5682,-34.6948],[-65.6698,-34.6927],[-65.6698,-34.7123],[-65.9752,-34.7125],[-65.9765,-34.7784],[-66.1038,-34.7727],[-66.1246,-34.7787],[-66.4488,-34.824],[-66.5285,-34.8133],[-66.6475,-34.7436]]]}},{"type":"Feature","properties":{"zid":"74007"},"geometry":{"type":"Polygon","coordinates":[[[-66.6618,-31.9205],[-66.8857,-31.8977],[-67.0059,-31.8554],[-67.05,-31.8575],[-67.1367,-31.8338],[-67.2399,-31.8801],[-67.3792,-31.8681],[-67.3683,-31.9338],[-67.3677,-32.0146],[-67.3838,-32.1252],[-67.382,-32.2113],[-67.3704,-32.2463],[-67.278,-32.2923],[-67.2662,-32.3395],[-67.2662,-32.3398],[-67.2099,-32.3612],[-67.0851,-32.3784],[-67.042,-32.3717],[-67.0106,-32.3892],[-66.9245,-32.3627],[-66.6466,-32.3652],[-66.5478,-32.3447],[-66.4359,-32.3359],[-66.3719,-32.3431],[-66.2291,-32.3379],[-66.198,-32.3759],[-66.2147,-32.4061],[-66.2086,-32.5059],[-66.2362,-32.5492],[-66.2029,-32.5724],[-66.1789,-32.6342],[-66.1441,-32.676],[-66.1674,-32.7337],[-66.1327,-32.7604],[-66.1006,-32.6321],[-66.0731,-32.6133],[-66.0245,-32.6378],[-65.9933,-32.5983],[-66.0041,-32.5827],[-65.9601,-32.4673],[-65.957,-32.4305],[-65.9319,-32.4021],[-65.8366,-32.3823],[-65.831,-32.3298],[-65.7872,-32.3085],[-65.7577,-32.2436],[-65.7173,-32.2119],[-65.6839,-32.0626],[-65.7243,-32.0516],[-65.8112,-32.0593],[-65.8217,-32.0159],[-65.8264,-31.8974],[-65.9149,-31.9099],[-65.979,-31.8892],[-66.0692,-31.9365],[-66.0793,-31.9719],[-66.1314,-31.9437],[-66.1602,-31.9628],[-66.2269,-31.9426],[-66.299,-31.9313],[-66.3375,-31.9432],[-66.3528,-31.9947],[-66.5688,-31.9498],[-66.6045,-31.9234],[-66.6618,-31.9205]]]}},{"type":"Feature","properties":{"zid":"74014"},"geometry":{"type":"Polygon","coordinates":[[[-66.2029,-32.5724],[-66.2362,-32.5492],[-66.2086,-32.5059],[-66.2147,-32.4061],[-66.198,-32.3759],[-66.2291,-32.3379],[-66.3719,-32.3431],[-66.4359,-32.3359],[-66.5478,-32.3447],[-66.6466,-32.3652],[-66.9245,-32.3627],[-67.0106,-32.3892],[-67.042,-32.3717],[-67.0851,-32.3784],[-67.2099,-32.3612],[-67.2662,-32.3398],[-67.2662,-32.3399],[-67.2638,-32.3819],[-67.3177,-32.382],[-67.2959,-32.4314],[-67.2936,-32.4956],[-67.2687,-32.5701],[-67.244,-32.6032],[-67.225,-32.6822],[-67.1957,-32.6915],[-67.167,-32.7628],[-67.1887,-32.8357],[-67.232,-32.865],[-67.2104,-32.9459],[-67.1915,-32.9828],[-67.1769,-33.0647],[-67.1835,-33.087],[-67.0196,-33.0792],[-66.9724,-33.0907],[-66.9733,-33.1408],[-66.926,-33.1563],[-66.8099,-33.1704],[-66.8001,-33.115],[-66.6818,-33.1387],[-66.6677,-33.1676],[-66.5795,-33.2066],[-66.5807,-33.1852],[-66.5227,-33.1383],[-66.5011,-33.1033],[-66.3632,-33.1018],[-66.3611,-33.1287],[-66.2795,-33.1238],[-66.2152,-33.1293],[-66.2152,-33.0843],[-66.1907,-33.0003],[-66.1879,-32.9512],[-66.217,-32.9126],[-66.2095,-32.8674],[-66.2269,-32.8327],[-66.22,-32.7522],[-66.2382,-32.7121],[-66.2362,-32.6144],[-66.2029,-32.5724]]]}},{"type":"Feature","properties":{"zid":"74056"},"geometry":{"type":"Polygon","coordinates":[[[-66.2152,-33.1293],[-66.2795,-33.1238],[-66.3611,-33.1287],[-66.3632,-33.1018],[-66.5011,-33.1033],[-66.5227,-33.1383],[-66.5807,-33.1852],[-66.5795,-33.2066],[-66.6677,-33.1676],[-66.6818,-33.1387],[-66.8001,-33.115],[-66.8099,-33.1704],[-66.926,-33.1563],[-66.9733,-33.1408],[-66.9724,-33.0907],[-67.0196,-33.0792],[-67.1835,-33.087],[-67.1819,-33.11],[-67.1828,-33.111],[-67.1751,-33.2862],[-67.1522,-33.3268],[-67.1574,-33.3705],[-67.1455,-33.4397],[-67.0943,-33.5084],[-67.0964,-33.5328],[-67.037,-33.6069],[-67.0041,-33.63],[-67.0047,-33.6658],[-66.9737,-33.6893],[-66.9494,-33.7313],[-66.8837,-33.7683],[-66.8733,-33.8329],[-66.8012,-33.863],[-66.7286,-33.9288],[-66.6864,-33.939],[-66.6632,-33.9863],[-66.708,-34.0255],[-66.7239,-34.1156],[-66.7183,-34.1899],[-66.7459,-34.2216],[-66.7843,-34.2326],[-66.7759,-34.2977],[-66.8028,-34.3057],[-66.7869,-34.3777],[-66.7884,-34.4212],[-66.7574,-34.4345],[-66.7565,-34.5117],[-66.7563,-34.5121],[-66.7652,-34.5509],[-66.7039,-34.6237],[-66.6907,-34.6745],[-66.6383,-34.7247],[-66.6473,-34.7434],[-66.6475,-34.7436],[-66.5285,-34.8133],[-66.4488,-34.824],[-66.1246,-34.7787],[-66.1038,-34.7727],[-65.9765,-34.7784],[-65.9752,-34.7125],[-66.0097,-34.7123],[-66.0041,-34.5823],[-66.0071,-34.401],[-66.0011,-34.2932],[-66.0053,-34.044],[-66.0372,-34.0444],[-66.0378,-34.0069],[-66.1424,-34.0072],[-66.1473,-33.9508],[-66.1194,-33.8611],[-66.1393,-33.8403],[-66.2163,-33.833],[-66.1654,-33.6548],[-66.1898,-33.6558],[-66.1561,-33.5651],[-66.1639,-33.5444],[-66.1515,-33.4469],[-66.1357,-33.3899],[-66.1101,-33.3835],[-66.1235,-33.3651],[-66.1025,-33.2773],[-66.1054,-33.2219],[-66.1801,-33.2395],[-66.2283,-33.1686],[-66.2152,-33.1293]]]}},{"type":"Feature","properties":{"zid":"74035"},"geometry":{"type":"Polygon","coordinates":[[[-66.1101,-33.3835],[-66.1357,-33.3899],[-66.1515,-33.4469],[-66.1639,-33.5444],[-66.1561,-33.5651],[-66.1898,-33.6558],[-66.1654,-33.6548],[-66.2163,-33.833],[-66.1393,-33.8403],[-66.1194,-33.8611],[-66.1473,-33.9508],[-66.1424,-34.0072],[-66.0378,-34.0069],[-66.0372,-34.0444],[-66.0053,-34.044],[-66.0011,-34.2932],[-66.0071,-34.401],[-66.0041,-34.5823],[-66.0097,-34.7123],[-65.9752,-34.7125],[-65.6698,-34.7123],[-65.6698,-34.6927],[-65.5682,-34.6948],[-65.568,-34.6689],[-65.2525,-34.6678],[-65.252,-34.653],[-65.1059,-34.6532],[-65.1085,-34.2425],[-65.1093,-33.9558],[-65.1247,-33.5866],[-65.143,-33.1948],[-65.0708,-33.1383],[-65.0481,-33.0688],[-64.9997,-33.0027],[-65.0139,-32.9618],[-65.1267,-32.949],[-65.1683,-32.9273],[-65.2832,-32.9066],[-65.3581,-32.9083],[-65.3798,-32.9436],[-65.4823,-32.9613],[-65.56,-33.0064],[-65.5708,-33.0568],[-65.6081,-33.0545],[-65.6131,-33.1092],[-65.602,-33.1947],[-65.6227,-33.2133],[-65.613,-33.3357],[-65.5637,-33.4118],[-65.557,-33.4698],[-65.7088,-33.4673],[-65.7912,-33.4444],[-65.7929,-33.5075],[-66.0475,-33.376],[-66.1101,-33.3835]]]}},{"type":"Feature","properties":{"zid":"74049"},"geometry":{"type":"Polygon","coordinates":[[[-65.7698,-31.8886],[-65.8264,-31.8974],[-65.8217,-32.0159],[-65.8112,-32.0593],[-65.7243,-32.0516],[-65.6839,-32.0626],[-65.7173,-32.2119],[-65.6928,-32.2283],[-65.5845,-32.2501],[-65.5807,-32.2642],[-65.4751,-32.2768],[-65.4051,-32.2686],[-65.4172,-32.3194],[-65.3804,-32.3632],[-65.3856,-32.405],[-65.4297,-32.467],[-65.4083,-32.5362],[-65.4082,-32.5362],[-65.347,-32.5518],[-65.2551,-32.5204],[-65.2226,-32.4846],[-65.1513,-32.5014],[-65.0849,-32.4989],[-65.0814,-32.468],[-65.0067,-32.483],[-64.9194,-32.4794],[-64.9293,-32.4171],[-64.9233,-32.3278],[-64.9528,-32.3086],[-65.212,-32.3267],[-65.2192,-32.2795],[-65.2105,-32.2353],[-65.2312,-32.2111],[-65.2251,-32.1789],[-65.2458,-32.089],[-65.328,-32.0348],[-65.6064,-31.9085],[-65.628,-31.8986],[-65.7698,-31.8886]]]}},{"type":"Feature","properties":{"zid":"74063"},"geometry":{"type":"Polygon","coordinates":[[[-65.4083,-32.5362],[-65.4297,-32.467],[-65.3856,-32.405],[-65.3804,-32.3632],[-65.4172,-32.3194],[-65.4051,-32.2686],[-65.4751,-32.2768],[-65.5807,-32.2642],[-65.5845,-32.2501],[-65.6928,-32.2283],[-65.7173,-32.2119],[-65.7577,-32.2436],[-65.7872,-32.3085],[-65.831,-32.3298],[-65.8366,-32.3823],[-65.9319,-32.4021],[-65.957,-32.4305],[-65.9601,-32.4673],[-66.0041,-32.5827],[-65.9933,-32.5983],[-66.0245,-32.6378],[-66.0731,-32.6133],[-66.1006,-32.6321],[-66.1327,-32.7604],[-66.0762,-32.7946],[-65.945,-32.8141],[-65.935,-32.8301],[-65.8648,-32.8436],[-65.849,-32.81],[-65.7804,-32.8196],[-65.7186,-32.8974],[-65.7178,-32.9257],[-65.6814,-32.9396],[-65.6342,-32.9373],[-65.6117,-32.8722],[-65.5305,-32.8815],[-65.5137,-32.8944],[-65.4943,-32.8459],[-65.4904,-32.7745],[-65.4592,-32.7615],[-65.4681,-32.7071],[-65.445,-32.6908],[-65.4448,-32.6554],[-65.4105,-32.6281],[-65.4009,-32.5929],[-65.4091,-32.5399],[-65.4083,-32.5362]]]}},{"type":"Feature","properties":{"zid":"74021"},"geometry":{"type":"Polygon","coordinates":[[[-66.2152,-33.1293],[-66.2283,-33.1686],[-66.1801,-33.2395],[-66.1054,-33.2219],[-66.1025,-33.2773],[-66.1235,-33.3651],[-66.1101,-33.3835],[-66.0475,-33.376],[-65.7929,-33.5075],[-65.7912,-33.4444],[-65.7088,-33.4673],[-65.557,-33.4698],[-65.5637,-33.4118],[-65.613,-33.3357],[-65.6227,-33.2133],[-65.602,-33.1947],[-65.6131,-33.1092],[-65.6081,-33.0545],[-65.5708,-33.0568],[-65.56,-33.0064],[-65.5659,-32.9429],[-65.5137,-32.8944],[-65.5305,-32.8815],[-65.6117,-32.8722],[-65.6342,-32.9373],[-65.6814,-32.9396],[-65.7178,-32.9257],[-65.7186,-32.8974],[-65.7804,-32.8196],[-65.849,-32.81],[-65.8648,-32.8436],[-65.935,-32.8301],[-65.945,-32.8141],[-66.0762,-32.7946],[-66.1327,-32.7604],[-66.1674,-32.7337],[-66.1441,-32.676],[-66.1789,-32.6342],[-66.2029,-32.5724],[-66.2362,-32.6144],[-66.2382,-32.7121],[-66.22,-32.7522],[-66.2269,-32.8327],[-66.2095,-32.8674],[-66.217,-32.9126],[-66.1879,-32.9512],[-66.1907,-33.0003],[-66.2152,-33.0843],[-66.2152,-33.1293]]]}},{"type":"Feature","properties":{"zid":"74028"},"geometry":{"type":"Polygon","coordinates":[[[-64.9194,-32.4794],[-65.0067,-32.483],[-65.0814,-32.468],[-65.0849,-32.4989],[-65.1513,-32.5014],[-65.2226,-32.4846],[-65.2551,-32.5204],[-65.347,-32.5518],[-65.4082,-32.5362],[-65.4091,-32.5399],[-65.4009,-32.5929],[-65.4105,-32.6281],[-65.4448,-32.6554],[-65.445,-32.6908],[-65.4681,-32.7071],[-65.4592,-32.7615],[-65.4904,-32.7745],[-65.4943,-32.8459],[-65.5137,-32.8944],[-65.5659,-32.9429],[-65.56,-33.0064],[-65.4823,-32.9613],[-65.3798,-32.9436],[-65.3581,-32.9083],[-65.2832,-32.9066],[-65.1683,-32.9273],[-65.1267,-32.949],[-65.0139,-32.9618],[-64.9928,-32.9452],[-64.98,-32.8852],[-64.9617,-32.8564],[-64.9685,-32.7988],[-64.9432,-32.7614],[-64.9482,-32.7228],[-64.9095,-32.6854],[-64.9239,-32.6535],[-64.9161,-32.6081],[-64.8899,-32.5796],[-64.8827,-32.5316],[-64.9194,-32.4794]]]}},{"type":"Feature","properties":{"zid":"70126"},"geometry":{"type":"Polygon","coordinates":[[[-68.4107,-31.8343],[-68.3578,-31.8593],[-68.3464,-31.9152],[-68.3079,-31.965],[-68.2729,-32.0563],[-68.332,-32.1101],[-68.2993,-32.1376],[-68.2929,-32.1318],[-68.2479,-32.0915],[-68.2053,-32.1212],[-68.1597,-32.1186],[-68.0626,-32.0754],[-67.9584,-32.0919],[-67.9281,-32.1557],[-67.8359,-32.2223],[-67.7796,-32.235],[-67.7357,-32.223],[-67.5969,-32.2463],[-67.5233,-32.2295],[-67.5031,-32.2385],[-67.4729,-32.3067],[-67.4286,-32.3268],[-67.3817,-32.3305],[-67.3322,-32.3502],[-67.3177,-32.382],[-67.2638,-32.3819],[-67.2662,-32.3399],[-67.2662,-32.3395],[-67.278,-32.2923],[-67.3704,-32.2463],[-67.382,-32.2113],[-67.3838,-32.1252],[-67.3677,-32.0146],[-67.3683,-31.9338],[-67.3792,-31.8681],[-67.2399,-31.8801],[-67.841,-31.7813],[-68.3469,-31.6947],[-68.3805,-31.745],[-68.3801,-31.7889],[-68.4107,-31.8343]]]}},{"type":"Feature","properties":{"zid":"70105"},"geometry":{"type":"Polygon","coordinates":[[[-68.4107,-31.8343],[-68.4541,-31.8177],[-68.4307,-31.8709],[-68.5415,-31.8728],[-68.6889,-31.9072],[-69.1176,-31.9081],[-69.1141,-31.96],[-69.1264,-32.0019],[-69.0645,-32.0755],[-69.0131,-32.1159],[-68.9176,-32.1146],[-68.9176,-32.338],[-68.6657,-32.3371],[-68.5116,-32.2634],[-68.4612,-32.2381],[-68.4612,-32.1392],[-68.301,-32.1392],[-68.2993,-32.1376],[-68.332,-32.1101],[-68.2729,-32.0563],[-68.3079,-31.965],[-68.3464,-31.9152],[-68.3578,-31.8593],[-68.4107,-31.8343]]]}},{"type":"Feature","properties":{"zid":"66070"},"geometry":{"type":"Polygon","coordinates":[[[-64.5848,-22.6758],[-64.6099,-22.6685],[-64.6756,-22.757],[-64.699,-22.7602],[-64.7432,-22.7976],[-64.778,-22.808],[-64.7909,-22.7775],[-64.7533,-22.7332],[-64.7656,-22.5821],[-64.7838,-22.5306],[-64.8351,-22.4726],[-64.8485,-22.5157],[-64.8064,-22.5758],[-64.8402,-22.5983],[-64.891,-22.582],[-64.9613,-22.5902],[-65.0005,-22.5846],[-65.0416,-22.5471],[-65.069,-22.558],[-65.0903,-22.6028],[-65.1507,-22.6044],[-65.1984,-22.5949],[-65.2597,-22.5674],[-65.2847,-22.5414],[-65.3454,-22.5283],[-65.3486,-22.5512],[-65.3447,-22.6064],[-65.2717,-22.6482],[-65.3059,-22.7207],[-65.302,-22.765],[-65.2742,-22.7901],[-65.2761,-22.8169],[-65.2526,-22.875],[-65.2517,-22.928],[-65.1905,-22.9943],[-65.1316,-23.004],[-65.068,-23.0449],[-65.0209,-23.0196],[-64.9939,-23.048],[-64.9602,-23.031],[-64.8946,-23.0516],[-64.842,-23.046],[-64.7342,-23.0638],[-64.6794,-23.0341],[-64.6307,-23.0866],[-64.5634,-23.0702],[-64.5619,-23.004],[-64.55,-22.9656],[-64.4987,-22.9081],[-64.4865,-22.8698],[-64.5214,-22.8128],[-64.5156,-22.7636],[-64.5848,-22.6758]]]}},{"type":"Feature","properties":{"zid":"66126"},"geometry":{"type":"Polygon","coordinates":[[[-64.4817,-22.4811],[-64.5033,-22.5244],[-64.5052,-22.6099],[-64.547,-22.6617],[-64.5848,-22.6758],[-64.5156,-22.7636],[-64.5214,-22.8128],[-64.4865,-22.8698],[-64.4987,-22.9081],[-64.55,-22.9656],[-64.5619,-23.004],[-64.5634,-23.0702],[-64.6307,-23.0866],[-64.6794,-23.0341],[-64.7342,-23.0638],[-64.842,-23.046],[-64.8946,-23.0516],[-64.9602,-23.031],[-64.9939,-23.048],[-65.0209,-23.0196],[-65.068,-23.0449],[-65.0716,-23.1323],[-65.0466,-23.1521],[-65.0697,-23.1995],[-65.038,-23.2284],[-65.0101,-23.2851],[-64.9396,-23.2848],[-64.8995,-23.3385],[-64.9067,-23.4238],[-64.8684,-23.4474],[-64.8714,-23.4789],[-64.8447,-23.4914],[-64.7883,-23.4962],[-64.7612,-23.4757],[-64.6795,-23.4577],[-64.6541,-23.4846],[-64.5861,-23.5122],[-64.5534,-23.5123],[-64.4948,-23.5687],[-64.4788,-23.6082],[-64.4311,-23.6335],[-64.3543,-23.518],[-64.1571,-23.518],[-64.161,-24.0706],[-64.1508,-24.1364],[-64.158,-24.1548],[-64.0084,-24.1636],[-63.6444,-24.2235],[-63.6225,-24.1126],[-63.5304,-24.1279],[-63.4986,-23.9602],[-63.5086,-23.9585],[-63.4578,-23.7064],[-63.437,-23.7103],[-63.4021,-23.5353],[-63.406,-23.5153],[-63.4989,-23.4515],[-63.5887,-23.431],[-63.6189,-23.3877],[-63.6428,-23.3971],[-63.7257,-23.3226],[-63.7887,-23.3172],[-63.847,-23.3229],[-63.9114,-23.2998],[-64.0071,-23.3324],[-64.0392,-23.3079],[-64.073,-23.3059],[-64.0834,-23.2647],[-64.1355,-23.2489],[-64.1624,-23.2731],[-64.1899,-23.2593],[-64.2269,-23.2049],[-64.1832,-23.1508],[-64.1912,-23.1277],[-64.2765,-23.0629],[-64.2819,-23.0287],[-64.3327,-23.0089],[-64.328,-22.9512],[-64.3421,-22.9385],[-64.315,-22.8827],[-64.3288,-22.8567],[-64.3447,-22.7388],[-64.3929,-22.7196],[-64.3968,-22.6835],[-64.4337,-22.6487],[-64.4126,-22.5377],[-64.4455,-22.5229],[-64.4817,-22.4811]]]}},{"type":"Feature","properties":{"zid":"66084"},"geometry":{"type":"Polygon","coordinates":[[[-64.9416,-26.3022],[-64.9461,-26.289],[-64.9115,-26.1891],[-64.8917,-26.1797],[-64.8714,-26.118],[-64.8944,-26.0909],[-64.8843,-26.0448],[-64.9184,-26.0308],[-64.9829,-26.0279],[-65.108,-26.0079],[-65.1132,-26.0378],[-65.157,-26.0402],[-65.2132,-26.0115],[-65.2495,-25.96],[-65.2501,-25.899],[-65.2984,-25.8598],[-65.3483,-25.8743],[-65.3844,-25.9443],[-65.443,-25.9605],[-65.4703,-26.015],[-65.5278,-26.0194],[-65.5631,-26.0753],[-65.5516,-26.0878],[-65.5046,-26.09],[-65.4328,-26.1101],[-65.363,-26.0587],[-65.2951,-26.0962],[-65.2721,-26.1732],[-65.0508,-26.231],[-65.0378,-26.2903],[-64.9725,-26.2744],[-64.9416,-26.3022]]]}},{"type":"Feature","properties":{"zid":"66021"},"geometry":{"type":"Polygon","coordinates":[[[-66.1814,-26.1352],[-66.1795,-26.1349],[-66.1423,-26.1593],[-66.0998,-26.2205],[-66,-26.264],[-65.719,-26.3527],[-65.7072,-26.2974],[-65.7228,-26.2798],[-65.7028,-26.2416],[-65.7117,-26.2134],[-65.6946,-26.1829],[-65.6885,-26.1173],[-65.6618,-26.0577],[-65.6173,-26.0021],[-65.6198,-25.971],[-65.7481,-25.9569],[-65.7151,-25.9069],[-65.7262,-25.8728],[-65.7974,-25.882],[-65.7943,-25.9363],[-65.841,-25.9787],[-65.8659,-25.9823],[-65.8718,-26.0313],[-66.0475,-26.0163],[-66.1598,-26.0437],[-66.1663,-26.1155],[-66.1814,-26.1352]]]}},{"type":"Feature","properties":{"zid":"66161"},"geometry":{"type":"Polygon","coordinates":[[[-64.4817,-22.4811],[-64.4904,-22.4384],[-64.5657,-22.372],[-64.5642,-22.3235],[-64.5419,-22.279],[-64.5983,-22.2413],[-64.651,-22.1895],[-64.7376,-22.1935],[-64.7792,-22.1773],[-64.8626,-22.1229],[-64.8857,-22.129],[-64.9873,-22.0939],[-64.9934,-22.0824],[-65.1866,-22.0853],[-65.1941,-22.1447],[-65.2138,-22.15],[-65.2403,-22.2792],[-65.2266,-22.3202],[-65.2614,-22.3374],[-65.2844,-22.3896],[-65.3057,-22.4666],[-65.3454,-22.5283],[-65.2847,-22.5414],[-65.2597,-22.5674],[-65.1984,-22.5949],[-65.1507,-22.6044],[-65.0903,-22.6028],[-65.069,-22.558],[-65.0416,-22.5471],[-65.0005,-22.5846],[-64.9613,-22.5902],[-64.891,-22.582],[-64.8402,-22.5983],[-64.8064,-22.5758],[-64.8485,-22.5157],[-64.8351,-22.4726],[-64.7838,-22.5306],[-64.7656,-22.5821],[-64.7533,-22.7332],[-64.7909,-22.7775],[-64.778,-22.808],[-64.7432,-22.7976],[-64.699,-22.7602],[-64.6756,-22.757],[-64.6099,-22.6685],[-64.5848,-22.6758],[-64.547,-22.6617],[-64.5052,-22.6099],[-64.5033,-22.5244],[-64.4817,-22.4811]]]}},{"type":"Feature","properties":{"zid":"66056"},"geometry":{"type":"Polygon","coordinates":[[[-63.1322,-21.9993],[-63.6653,-21.9993],[-63.9315,-21.9994],[-63.9603,-22.0629],[-63.9862,-22.0937],[-63.9971,-22.1422],[-64.0331,-22.1968],[-64.036,-22.2435],[-64.0624,-22.2384],[-64.0805,-22.2947],[-64.1163,-22.3622],[-64.1154,-22.4045],[-64.1996,-22.4912],[-64.217,-22.5436],[-64.2426,-22.5601],[-64.2374,-22.6114],[-64.2573,-22.6285],[-64.2718,-22.7098],[-64.2653,-22.7667],[-64.3046,-22.8377],[-64.315,-22.8827],[-64.3421,-22.9385],[-64.328,-22.9512],[-64.3327,-23.0089],[-64.2819,-23.0287],[-64.2765,-23.0629],[-64.1912,-23.1277],[-64.1832,-23.1508],[-64.2269,-23.2049],[-64.1899,-23.2593],[-64.1624,-23.2731],[-64.1355,-23.2489],[-64.0834,-23.2647],[-64.073,-23.3059],[-64.0392,-23.3079],[-64.0071,-23.3324],[-63.9114,-23.2998],[-63.847,-23.3229],[-63.7887,-23.3172],[-63.7257,-23.3226],[-63.6428,-23.3971],[-63.6189,-23.3877],[-63.5887,-23.431],[-63.4989,-23.4515],[-63.406,-23.5153],[-63.4021,-23.5353],[-63.3685,-23.5863],[-63.2799,-23.628],[-63.2688,-23.5594],[-63.2957,-23.5348],[-63.2816,-23.4581],[-63.2661,-23.4597],[-63.2037,-22.9431],[-63.1231,-22.9443],[-63.1216,-22.4915],[-63.1337,-22.4915],[-63.1322,-21.9993]]]}},{"type":"Feature","properties":{"zid":"66133"},"geometry":{"type":"Polygon","coordinates":[[[-62.3423,-22.4609],[-62.4039,-22.4519],[-62.4473,-22.4212],[-62.4803,-22.3808],[-62.5148,-22.3795],[-62.5429,-22.3399],[-62.6253,-22.3099],[-62.63,-22.2481],[-62.6602,-22.2507],[-62.6849,-22.2123],[-62.7171,-22.2037],[-62.7667,-22.1519],[-62.7896,-22.1639],[-62.813,-22.0967],[-62.7992,-22.06],[-62.8142,-22.0422],[-62.8112,-21.9988],[-63.1322,-21.9993],[-63.1337,-22.4915],[-63.1216,-22.4915],[-63.1231,-22.9443],[-63.2037,-22.9431],[-63.2661,-23.4597],[-63.2816,-23.4581],[-63.2957,-23.5348],[-63.2688,-23.5594],[-63.2799,-23.628],[-63.3685,-23.5863],[-63.4021,-23.5353],[-63.437,-23.7103],[-63.4578,-23.7064],[-63.5086,-23.9585],[-63.4986,-23.9602],[-63.5304,-24.1279],[-63.427,-24.1449],[-63.4347,-24.1843],[-63.3448,-24.1567],[-63.3748,-24.3134],[-63.2874,-24.2776],[-63.2938,-24.3205],[-63.2105,-24.3156],[-63.1935,-24.2108],[-63.1501,-24.2155],[-63.1637,-24.2949],[-63.0364,-24.3751],[-63.0096,-24.2193],[-62.9368,-24.258],[-62.939,-24.5953],[-62.9369,-24.716],[-63.2341,-24.7188],[-63.2335,-24.8566],[-63.0746,-24.8556],[-63.0743,-25.1291],[-63.0713,-25.2445],[-63.0706,-25.2437],[-62.7158,-24.8309],[-62.3424,-24.3921],[-62.3422,-24.1102],[-62.342,-23.4954],[-62.3416,-22.8887],[-62.3423,-22.4609]]]}},{"type":"Feature","properties":{"zid":"06392"},"geometry":{"type":"Polygon","coordinates":[[[-62.8839,-34.3865],[-63.3851,-34.3858],[-63.3853,-34.5296],[-63.3857,-35.0022],[-63.3857,-35.3697],[-63.3295,-35.3232],[-63.3472,-35.3],[-63.3117,-35.2716],[-63.2851,-35.2885],[-63.2112,-35.229],[-63.2355,-35.2086],[-63.1391,-35.1284],[-63.0904,-35.1683],[-63.1154,-35.1889],[-62.9646,-35.3119],[-62.8996,-35.2593],[-62.6106,-35.0227],[-62.6067,-34.9967],[-62.6222,-34.6325],[-62.5848,-34.6107],[-62.3482,-34.6538],[-62.3164,-34.5697],[-62.2691,-34.3858],[-62.8839,-34.3865]]]}},{"type":"Feature","properties":{"zid":"58098"},"geometry":{"type":"Polygon","coordinates":[[[-68.8198,-39.3689],[-69.1622,-39.0955],[-69.286,-38.9999],[-69.6208,-39.253],[-69.7133,-39.1788],[-69.8985,-39.3183],[-70.0281,-39.4154],[-69.8369,-39.568],[-69.5281,-39.8144],[-69.376,-39.7321],[-69.314,-39.6539],[-69.2691,-39.6214],[-69.2801,-39.5987],[-69.1717,-39.5574],[-69.1073,-39.5147],[-69.057,-39.5264],[-68.9999,-39.5152],[-68.9291,-39.459],[-68.921,-39.4248],[-68.8478,-39.393],[-68.8198,-39.3689]]]}},{"type":"Feature","properties":{"zid":"58112"},"geometry":{"type":"Polygon","coordinates":[[[-69.5437,-38.4806],[-69.6206,-38.4796],[-69.6791,-38.5132],[-69.7545,-38.5292],[-69.7717,-38.5966],[-69.849,-38.6317],[-69.9016,-38.6405],[-69.9457,-38.6854],[-69.9867,-38.7022],[-70.0557,-38.7714],[-70.1526,-38.7917],[-70.4866,-39.0387],[-70.3781,-39.1279],[-70.3156,-39.133],[-70.2658,-39.1853],[-70.233,-39.1951],[-70.15,-39.1908],[-70.0615,-39.2123],[-70.0521,-39.2441],[-69.9453,-39.2829],[-69.8985,-39.3183],[-69.7133,-39.1788],[-69.6208,-39.253],[-69.286,-38.9999],[-69.5475,-38.7932],[-69.3177,-38.6146],[-69.3988,-38.5564],[-69.403,-38.5314],[-69.4584,-38.4881],[-69.5437,-38.4806]]]}},{"type":"Feature","properties":{"zid":"66028"},"geometry":{"type":"Polygon","coordinates":[[[-65.0819,-25.1003],[-65.0643,-24.9608],[-65.0905,-24.9472],[-65.0952,-24.9113],[-65.0533,-24.8656],[-65.0366,-24.814],[-65.0189,-24.8055],[-65.0942,-24.7155],[-65.1492,-24.7049],[-65.2201,-24.716],[-65.3492,-24.7215],[-65.433,-24.7146],[-65.5814,-24.6446],[-65.5827,-24.6924],[-65.5992,-24.7368],[-65.598,-24.8053],[-65.5206,-24.8455],[-65.5143,-24.8763],[-65.4132,-24.8522],[-65.3437,-24.8609],[-65.3488,-24.9123],[-65.3303,-24.9431],[-65.3057,-25.0602],[-65.2446,-25.1154],[-65.2263,-25.1504],[-65.2581,-25.1616],[-65.2807,-25.2007],[-65.2712,-25.2218],[-65.288,-25.2451],[-65.2526,-25.2784],[-65.2143,-25.2394],[-65.1941,-25.1876],[-65.1706,-25.177],[-65.1476,-25.1148],[-65.0819,-25.1003]]]}},{"type":"Feature","properties":{"zid":"66035"},"geometry":{"type":"Polygon","coordinates":[[[-65.2581,-25.1616],[-65.2263,-25.1504],[-65.2446,-25.1154],[-65.3057,-25.0602],[-65.3303,-24.9431],[-65.3488,-24.9123],[-65.3437,-24.8609],[-65.4132,-24.8522],[-65.5143,-24.8763],[-65.5472,-24.9111],[-65.5204,-24.935],[-65.5415,-24.9721],[-65.5149,-24.9882],[-65.5317,-25.0269],[-65.4887,-25.0418],[-65.3945,-25.0979],[-65.3694,-25.0745],[-65.2873,-25.1549],[-65.2581,-25.1616]]]}},{"type":"Feature","properties":{"zid":"66042"},"geometry":{"type":"Polygon","coordinates":[[[-65.5317,-25.0269],[-65.6105,-25.0196],[-65.667,-25.0547],[-65.6917,-25.0548],[-65.7157,-25.0924],[-65.7467,-25.1011],[-65.7781,-25.071],[-65.822,-25.0799],[-65.8539,-25.071],[-65.8342,-25.1143],[-65.8866,-25.1512],[-65.8574,-25.1836],[-65.8377,-25.1998],[-65.8227,-25.2615],[-65.8281,-25.2861],[-65.7919,-25.3053],[-65.7693,-25.3177],[-65.7368,-25.2941],[-65.7141,-25.2506],[-65.6691,-25.2684],[-65.6469,-25.243],[-65.6076,-25.2344],[-65.6038,-25.2035],[-65.5123,-25.2075],[-65.4827,-25.1915],[-65.3931,-25.1858],[-65.3622,-25.2196],[-65.2712,-25.2218],[-65.2807,-25.2007],[-65.2581,-25.1616],[-65.2873,-25.1549],[-65.3694,-25.0745],[-65.3945,-25.0979],[-65.4887,-25.0418],[-65.5317,-25.0269]]]}},{"type":"Feature","properties":{"zid":"66147"},"geometry":{"type":"Polygon","coordinates":[[[-65.9416,-23.9795],[-66.0078,-24.0022],[-66.0351,-24.0832],[-66.1059,-24.1477],[-66.0998,-24.2307],[-66.1416,-24.2712],[-66.1555,-24.3092],[-66.1499,-24.354],[-66.1936,-24.4332],[-66.1509,-24.4308],[-66.128,-24.4956],[-66.1217,-24.6283],[-66.1267,-24.7081],[-66.1159,-24.7415],[-66.0255,-24.7531],[-66.0046,-24.7655],[-65.9961,-24.8159],[-65.9717,-24.8632],[-65.9674,-24.8995],[-65.9391,-24.9388],[-65.8874,-24.9392],[-65.8927,-25.0161],[-65.8539,-25.071],[-65.822,-25.0799],[-65.7781,-25.071],[-65.7467,-25.1011],[-65.7157,-25.0924],[-65.6917,-25.0548],[-65.667,-25.0547],[-65.6105,-25.0196],[-65.5317,-25.0269],[-65.5149,-24.9882],[-65.5415,-24.9721],[-65.5204,-24.935],[-65.5472,-24.9111],[-65.5143,-24.8763],[-65.5206,-24.8455],[-65.598,-24.8053],[-65.5992,-24.7368],[-65.5827,-24.6924],[-65.5814,-24.6446],[-65.5823,-24.5738],[-65.6608,-24.5289],[-65.6586,-24.3687],[-65.6827,-24.3077],[-65.6725,-24.2487],[-65.725,-24.186],[-65.7209,-24.1093],[-65.7528,-24.058],[-65.8674,-24.0033],[-65.9502,-24.0036],[-65.9416,-23.9795]]]}},{"type":"Feature","properties":{"zid":"66077"},"geometry":{"type":"Polygon","coordinates":[[[-65.3574,-24.4625],[-65.4398,-24.4605],[-65.488,-24.4276],[-65.5437,-24.4493],[-65.6002,-24.417],[-65.6162,-24.3879],[-65.6586,-24.3687],[-65.6608,-24.5289],[-65.5823,-24.5738],[-65.5814,-24.6446],[-65.433,-24.7146],[-65.3492,-24.7215],[-65.2201,-24.716],[-65.2747,-24.6774],[-65.2705,-24.608],[-65.1997,-24.5854],[-65.2102,-24.5436],[-65.1548,-24.4881],[-65.1945,-24.4598],[-65.2293,-24.4862],[-65.3434,-24.4977],[-65.3574,-24.4625]]]}},{"type":"Feature","properties":{"zid":"66014"},"geometry":{"type":"Polygon","coordinates":[[[-65.8539,-25.071],[-65.8927,-25.0161],[-65.8874,-24.9392],[-65.9391,-24.9388],[-65.9674,-24.8995],[-65.9717,-24.8632],[-65.9961,-24.8159],[-66.0046,-24.7655],[-66.0255,-24.7531],[-66.1159,-24.7415],[-66.0972,-24.7938],[-66.1076,-24.8632],[-66.0947,-24.9049],[-66.1287,-24.9297],[-66.199,-24.93],[-66.2607,-24.857],[-66.3336,-24.8617],[-66.3848,-24.8467],[-66.404,-24.8236],[-66.4118,-24.8126],[-66.525,-24.8447],[-66.556,-24.871],[-66.5963,-24.9368],[-66.5933,-24.9969],[-66.6236,-25.0502],[-66.6257,-25.106],[-66.5784,-25.1014],[-66.5084,-25.1279],[-66.443,-25.1205],[-66.4079,-25.1428],[-66.3796,-25.1864],[-66.3204,-25.1646],[-66.244,-25.2111],[-66.2305,-25.2548],[-66.0365,-25.2939],[-66.0016,-25.3114],[-65.9539,-25.2831],[-65.946,-25.2437],[-65.8671,-25.2419],[-65.8574,-25.1836],[-65.8866,-25.1512],[-65.8342,-25.1143],[-65.8539,-25.071]]]}},{"type":"Feature","properties":{"zid":"66098"},"geometry":{"type":"Polygon","coordinates":[[[-65.2712,-25.2218],[-65.3622,-25.2196],[-65.3931,-25.1858],[-65.4827,-25.1915],[-65.5123,-25.2075],[-65.6038,-25.2035],[-65.6076,-25.2344],[-65.6469,-25.243],[-65.6691,-25.2684],[-65.7141,-25.2506],[-65.7368,-25.2941],[-65.7693,-25.3177],[-65.7919,-25.3053],[-65.7974,-25.3435],[-65.7799,-25.4634],[-65.747,-25.5131],[-65.7517,-25.5571],[-65.7764,-25.572],[-65.7633,-25.6084],[-65.7699,-25.6486],[-65.8014,-25.6369],[-65.8491,-25.6881],[-65.8448,-25.744],[-65.869,-25.7778],[-65.796,-25.7827],[-65.8046,-25.8586],[-65.7974,-25.882],[-65.7262,-25.8728],[-65.6923,-25.8167],[-65.6839,-25.7629],[-65.6997,-25.706],[-65.6493,-25.6319],[-65.6266,-25.6331],[-65.575,-25.5838],[-65.4917,-25.4756],[-65.4762,-25.4022],[-65.4522,-25.378],[-65.4263,-25.3148],[-65.3951,-25.2848],[-65.3401,-25.2975],[-65.3482,-25.3387],[-65.3323,-25.4277],[-65.1866,-25.4095],[-65.1592,-25.3753],[-65.177,-25.3002],[-65.2526,-25.2784],[-65.288,-25.2451],[-65.2712,-25.2218]]]}},{"type":"Feature","properties":{"zid":"66154"},"geometry":{"type":"Polygon","coordinates":[[[-65.7919,-25.3053],[-65.8281,-25.2861],[-65.8227,-25.2615],[-65.8377,-25.1998],[-65.8574,-25.1836],[-65.8671,-25.2419],[-65.946,-25.2437],[-65.9539,-25.2831],[-66.0016,-25.3114],[-66.0009,-25.3427],[-66.0264,-25.4522],[-66.1464,-25.4555],[-66.1909,-25.4821],[-66.2379,-25.4819],[-66.3038,-25.5109],[-66.3084,-25.5587],[-66.349,-25.5681],[-66.3386,-25.6385],[-66.322,-25.6492],[-66.3292,-25.7491],[-66.348,-25.7858],[-66.3338,-25.8694],[-66.3621,-25.8835],[-66.3824,-25.9353],[-66.3717,-25.9881],[-66.5954,-25.9044],[-66.8014,-26.0165],[-66.7222,-26.0795],[-66.6609,-26.0767],[-66.6593,-26.1072],[-66.5734,-26.1764],[-66.5749,-26.2139],[-66.5571,-26.2542],[-66.5566,-26.3105],[-66.5399,-26.3532],[-66.4775,-26.3593],[-66.4453,-26.3744],[-66.382,-26.4168],[-66.342,-26.3423],[-66.293,-26.2293],[-66.2431,-26.177],[-66.2304,-26.1497],[-66.1814,-26.1352],[-66.1663,-26.1155],[-66.1598,-26.0437],[-66.0475,-26.0163],[-65.8718,-26.0313],[-65.8659,-25.9823],[-65.841,-25.9787],[-65.7943,-25.9363],[-65.7974,-25.882],[-65.8046,-25.8586],[-65.796,-25.7827],[-65.869,-25.7778],[-65.8448,-25.744],[-65.8491,-25.6881],[-65.8014,-25.6369],[-65.7699,-25.6486],[-65.7633,-25.6084],[-65.7764,-25.572],[-65.7517,-25.5571],[-65.747,-25.5131],[-65.7799,-25.4634],[-65.7974,-25.3435],[-65.7919,-25.3053]]]}},{"type":"Feature","properties":{"zid":"66007"},"geometry":{"type":"Polygon","coordinates":[[[-63.5304,-24.1279],[-63.6225,-24.1126],[-63.6444,-24.2235],[-64.0084,-24.1636],[-64.158,-24.1548],[-64.18,-24.2636],[-64.252,-24.3642],[-64.3175,-24.427],[-64.4217,-24.4022],[-64.4358,-24.4409],[-64.4768,-24.4626],[-64.5019,-24.5058],[-64.5326,-24.5048],[-64.5601,-24.5772],[-64.5939,-24.5834],[-64.6399,-24.6111],[-64.6401,-24.6112],[-64.7036,-24.6386],[-64.728,-24.705],[-64.7681,-24.7328],[-64.799,-24.7717],[-64.8024,-24.8794],[-64.7959,-24.8981],[-64.8264,-24.9402],[-64.8164,-24.9722],[-64.8565,-25.0222],[-64.8864,-25.0003],[-64.9059,-25.0392],[-64.907,-25.1043],[-64.9309,-25.1329],[-64.9766,-25.1488],[-64.9373,-25.1746],[-64.8941,-25.2443],[-64.8938,-25.2859],[-64.8412,-25.3209],[-64.8274,-25.3459],[-64.7695,-25.369],[-64.7003,-25.3785],[-64.6211,-25.3628],[-64.5725,-25.3161],[-64.552,-25.2619],[-64.4637,-25.2226],[-64.3951,-25.2518],[-64.3592,-25.2408],[-64.3358,-25.1933],[-64.2627,-25.121],[-64.1607,-25.1088],[-64.1533,-25.1437],[-64.0964,-25.172],[-64.0602,-25.2682],[-64.0251,-25.4607],[-63.99,-25.5134],[-63.9532,-25.5313],[-63.9416,-25.5819],[-63.9592,-25.6564],[-63.9191,-25.6821],[-63.9184,-25.6821],[-63.6605,-25.6854],[-63.5663,-25.7099],[-63.4755,-25.71],[-63.4224,-25.6492],[-63.0743,-25.248],[-63.0713,-25.2445],[-63.0743,-25.1291],[-63.0746,-24.8556],[-63.2335,-24.8566],[-63.2341,-24.7188],[-62.9369,-24.716],[-62.939,-24.5953],[-62.9368,-24.258],[-63.0096,-24.2193],[-63.0364,-24.3751],[-63.1637,-24.2949],[-63.1501,-24.2155],[-63.1935,-24.2108],[-63.2105,-24.3156],[-63.2938,-24.3205],[-63.2874,-24.2776],[-63.3748,-24.3134],[-63.3448,-24.1567],[-63.4347,-24.1843],[-63.427,-24.1449],[-63.5304,-24.1279]]]}},{"type":"Feature","properties":{"zid":"66063"},"geometry":{"type":"Polygon","coordinates":[[[-65.7262,-25.8728],[-65.7151,-25.9069],[-65.7481,-25.9569],[-65.6198,-25.971],[-65.6173,-26.0021],[-65.6618,-26.0577],[-65.6885,-26.1173],[-65.603,-26.1211],[-65.5516,-26.0878],[-65.5631,-26.0753],[-65.5278,-26.0194],[-65.4703,-26.015],[-65.443,-25.9605],[-65.3844,-25.9443],[-65.3483,-25.8743],[-65.2984,-25.8598],[-65.2812,-25.8246],[-65.2848,-25.7821],[-65.259,-25.7761],[-65.2395,-25.712],[-65.2031,-25.6981],[-65.1706,-25.6521],[-65.1341,-25.621],[-65.1656,-25.5806],[-65.1493,-25.5378],[-65.1634,-25.5177],[-65.1637,-25.4433],[-65.1866,-25.4095],[-65.3323,-25.4277],[-65.3482,-25.3387],[-65.3401,-25.2975],[-65.3951,-25.2848],[-65.4263,-25.3148],[-65.4522,-25.378],[-65.4762,-25.4022],[-65.4917,-25.4756],[-65.575,-25.5838],[-65.6266,-25.6331],[-65.6493,-25.6319],[-65.6997,-25.706],[-65.6839,-25.7629],[-65.6923,-25.8167],[-65.7262,-25.8728]]]}},{"type":"Feature","properties":{"zid":"82028"},"geometry":{"type":"Polygon","coordinates":[[[-60.3429,-33.1779],[-60.3333,-33.2146],[-60.4026,-33.2027],[-60.4591,-33.2574],[-60.4915,-33.3151],[-60.5794,-33.3618],[-60.6092,-33.361],[-60.6829,-33.3346],[-60.7145,-33.3073],[-60.7726,-33.3026],[-60.8199,-33.2666],[-60.8951,-33.2943],[-60.9241,-33.3397],[-60.9446,-33.366],[-61.019,-33.4081],[-61.075,-33.4191],[-61.1888,-33.4916],[-61.3138,-33.3291],[-61.383,-33.3667],[-61.3471,-33.4131],[-61.4163,-33.4508],[-61.1534,-33.79],[-61.1251,-33.8339],[-60.934,-33.6547],[-60.9111,-33.581],[-60.8613,-33.5463],[-60.8247,-33.5438],[-60.7821,-33.5776],[-60.7471,-33.5883],[-60.6906,-33.5841],[-60.6255,-33.6255],[-60.5233,-33.6487],[-60.4596,-33.6315],[-60.4575,-33.5983],[-60.4185,-33.5585],[-60.421,-33.5046],[-60.4085,-33.466],[-60.3467,-33.4243],[-60.3234,-33.3503],[-60.2907,-33.3232],[-60.2595,-33.2619],[-60.2978,-33.2423],[-60.2916,-33.1942],[-60.2943,-33.1918],[-60.3429,-33.1779]]]}},{"type":"Feature","properties":{"zid":"82084"},"geometry":{"type":"Polygon","coordinates":[[[-60.6589,-32.8339],[-60.7815,-32.8387],[-60.8426,-32.8203],[-60.8739,-32.8402],[-60.8611,-32.8855],[-60.8779,-32.9533],[-61.0086,-32.9299],[-60.9383,-33.0178],[-60.9913,-33.0333],[-60.9607,-33.074],[-60.9141,-33.0493],[-60.9122,-33.0946],[-60.8803,-33.1238],[-60.9454,-33.1603],[-60.9459,-33.2011],[-60.9817,-33.1922],[-61.0016,-33.2474],[-60.9241,-33.3397],[-60.8951,-33.2943],[-60.8199,-33.2666],[-60.7726,-33.3026],[-60.7145,-33.3073],[-60.6829,-33.3346],[-60.6092,-33.361],[-60.5794,-33.3618],[-60.4915,-33.3151],[-60.4591,-33.2574],[-60.4026,-33.2027],[-60.3333,-33.2146],[-60.3429,-33.1779],[-60.3921,-33.189],[-60.4934,-33.1314],[-60.6105,-32.9913],[-60.6169,-32.9539],[-60.6762,-32.8996],[-60.6793,-32.867],[-60.6589,-32.8339]]]}},{"type":"Feature","properties":{"zid":"82056"},"geometry":{"type":"Polygon","coordinates":[[[-60.8278,-32.4583],[-60.8676,-32.4516],[-60.8967,-32.4675],[-61.1909,-32.4314],[-61.1928,-32.4388],[-61.4377,-32.3938],[-61.4848,-32.5771],[-61.4713,-32.5796],[-61.5156,-32.7535],[-61.5328,-32.8466],[-61.6424,-32.8833],[-61.7129,-33.0905],[-61.6426,-33.0839],[-61.6349,-33.0666],[-61.5705,-33.0643],[-61.4441,-33.0142],[-61.3392,-33.0001],[-61.259,-32.9635],[-61.2072,-32.9027],[-61.1619,-32.8461],[-61.0764,-32.812],[-60.9913,-32.6928],[-60.8886,-32.6689],[-60.8122,-32.6369],[-60.8392,-32.5951],[-60.8555,-32.4751],[-60.8278,-32.4583]]]}},{"type":"Feature","properties":{"zid":"82070"},"geometry":{"type":"Polygon","coordinates":[[[-60.819,-30.801],[-60.8769,-30.7647],[-60.9034,-30.7087],[-60.8925,-30.6693],[-61.079,-30.6385],[-61.0764,-30.6271],[-61.1785,-30.6097],[-61.2098,-30.748],[-61.2664,-30.9954],[-61.3272,-31.2735],[-61.3598,-31.3941],[-61.3916,-31.5393],[-61.4293,-31.5329],[-61.45,-31.597],[-61.4993,-31.5883],[-61.5414,-31.7676],[-61.5588,-31.8501],[-61.3976,-31.8784],[-61.3928,-31.858],[-61.3547,-31.8298],[-61.3008,-31.8319],[-61.1959,-31.8518],[-61.1702,-31.8314],[-60.9931,-31.8643],[-60.9782,-31.8003],[-60.95,-31.7298],[-60.9145,-31.7376],[-60.9046,-31.6972],[-60.8133,-31.6542],[-60.8289,-31.5897],[-60.7612,-31.5992],[-60.758,-31.5702],[-60.7952,-31.5312],[-60.777,-31.4624],[-60.8105,-31.3905],[-60.7887,-31.3546],[-60.8272,-31.3499],[-60.8521,-31.373],[-60.8953,-31.3725],[-60.9312,-31.3499],[-60.9093,-31.3144],[-60.9076,-31.2661],[-60.8581,-31.2428],[-60.8403,-31.2112],[-60.8488,-31.1824],[-60.8123,-31.1329],[-60.8034,-31.0915],[-60.8445,-31.0587],[-60.8142,-31.0151],[-60.8361,-30.9598],[-60.822,-30.9205],[-60.8306,-30.8872],[-60.7804,-30.8918],[-60.821,-30.828],[-60.819,-30.801]]]}},{"type":"Feature","properties":{"zid":"82112"},"geometry":{"type":"Polygon","coordinates":[[[-60.1364,-30.1274],[-60.1747,-30.1658],[-60.1983,-30.1221],[-60.2121,-30.0677],[-60.2897,-30.03],[-60.2796,-29.9789],[-60.5495,-29.9349],[-60.7204,-29.9102],[-60.6975,-29.9458],[-60.7223,-29.9771],[-60.7181,-30.009],[-60.7515,-30.0578],[-60.7265,-30.1231],[-60.7055,-30.1356],[-60.7268,-30.1995],[-60.6452,-30.303],[-60.6778,-30.3542],[-60.68,-30.3886],[-60.6473,-30.4264],[-60.6517,-30.4959],[-60.6863,-30.5318],[-60.6338,-30.5957],[-60.6224,-30.6407],[-60.5909,-30.6689],[-60.5987,-30.7142],[-60.6232,-30.7471],[-60.7165,-30.7598],[-60.7306,-30.7924],[-60.7608,-30.8079],[-60.7951,-30.7829],[-60.819,-30.801],[-60.821,-30.828],[-60.7804,-30.8918],[-60.8306,-30.8872],[-60.822,-30.9205],[-60.8361,-30.9598],[-60.8142,-31.0151],[-60.6579,-31.0421],[-60.6703,-31.112],[-60.5493,-31.1323],[-60.5738,-31.188],[-60.4495,-31.2131],[-60.4209,-31.1642],[-60.369,-31.1165],[-60.3201,-31.0392],[-60.3323,-31.0164],[-60.2983,-30.9702],[-60.2842,-30.8595],[-60.2476,-30.8564],[-60.2477,-30.7417],[-60.2122,-30.6886],[-60.3389,-30.6693],[-60.3481,-30.6331],[-60.3826,-30.6093],[-60.3397,-30.5681],[-60.3431,-30.5245],[-60.3267,-30.4681],[-60.251,-30.4169],[-60.2456,-30.3918],[-60.1965,-30.3634],[-60.2134,-30.3432],[-60.185,-30.295],[-60.1229,-30.1512],[-60.1364,-30.1274]]]}},{"type":"Feature","properties":{"zid":"10028"},"geometry":{"type":"Polygon","coordinates":[[[-68.507,-25.1683],[-68.5048,-25.2221],[-68.5474,-25.2619],[-68.5215,-25.329],[-68.5266,-25.3703],[-68.5867,-25.4278],[-68.5891,-25.4483],[-68.5608,-25.5058],[-68.5382,-25.5108],[-68.5257,-25.5583],[-68.5462,-25.6294],[-68.4778,-25.707],[-68.4403,-25.8929],[-68.4199,-25.9766],[-68.381,-26.178],[-68.5573,-26.2867],[-68.5656,-26.3189],[-68.5877,-26.492],[-68.4374,-26.7021],[-68.3472,-26.8144],[-68.3139,-26.8235],[-68.2538,-26.7938],[-68.1698,-26.8207],[-68.1396,-26.818],[-68.1235,-26.7797],[-68.0874,-26.7612],[-68.0188,-26.7595],[-67.958,-26.788],[-67.8579,-26.7967],[-67.8547,-26.7691],[-67.8062,-26.7604],[-67.7695,-26.8091],[-67.7402,-26.7842],[-67.7041,-26.7792],[-67.6704,-26.8041],[-67.6139,-26.7871],[-67.5947,-26.8185],[-67.5457,-26.8347],[-67.533,-26.8816],[-67.487,-26.8594],[-67.4901,-26.8253],[-67.4644,-26.7836],[-67.3482,-26.7374],[-67.2845,-26.7051],[-67.1826,-26.6679],[-67.1606,-26.6252],[-67.0905,-26.6137],[-67.048,-26.5014],[-67.046,-26.4207],[-67.034,-26.3975],[-67.035,-26.3297],[-67.019,-26.3275],[-66.9957,-26.254],[-66.9896,-26.1964],[-66.9637,-26.1381],[-66.9223,-26.1013],[-66.9077,-26.1185],[-66.8498,-26.1093],[-66.8241,-26.0757],[-66.8811,-25.9974],[-66.9095,-25.9868],[-66.9195,-25.9446],[-66.8524,-25.9186],[-66.8393,-25.8807],[-66.8476,-25.7963],[-66.8632,-25.7429],[-66.8129,-25.7001],[-66.6913,-25.7037],[-66.6481,-25.7117],[-66.6304,-25.6544],[-66.6065,-25.6287],[-66.5639,-25.6218],[-66.5728,-25.5867],[-66.5346,-25.5365],[-66.5352,-25.4623],[-66.5185,-25.4403],[-66.5344,-25.3756],[-66.5994,-25.3631],[-66.5602,-25.3003],[-66.8793,-25.2417],[-67.2916,-25.2403],[-67.8646,-25.2384],[-68.507,-25.1683]]]}},{"type":"Feature","properties":{"zid":"42014"},"geometry":{"type":"Polygon","coordinates":[[[-64.5282,-38.2464],[-64.5367,-38.8581],[-64.4472,-38.8678],[-64.3208,-38.9069],[-64.2301,-38.9241],[-64.1526,-38.9632],[-64.0495,-38.9996],[-64.0113,-39.0021],[-63.9986,-39.0356],[-63.9335,-39.0616],[-63.8979,-39.107],[-63.8703,-39.096],[-63.8194,-39.1265],[-63.7915,-39.1189],[-63.7112,-39.1982],[-63.6365,-39.2436],[-63.558,-39.2614],[-63.5389,-39.2982],[-63.46,-39.3283],[-63.3833,-39.3285],[-63.3842,-38.8292],[-63.3853,-38.2529],[-64.5282,-38.2464]]]}},{"type":"Feature","properties":{"zid":"42063"},"geometry":{"type":"Polygon","coordinates":[[[-67.1326,-35.9991],[-67.1329,-35.9991],[-67.1949,-35.9993],[-67.6274,-35.9984],[-68.2722,-35.9976],[-68.2964,-35.9976],[-68.2961,-36.1725],[-68.2502,-36.1725],[-68.2465,-36.3747],[-68.2468,-36.8028],[-67.1269,-36.7995],[-67.1306,-36.275],[-67.1326,-35.9996],[-67.1326,-35.9991]]]}},{"type":"Feature","properties":{"zid":"42056"},"geometry":{"type":"Polygon","coordinates":[[[-63.3856,-35.4541],[-63.3857,-35.3697],[-63.3857,-35.0022],[-63.9349,-35.0076],[-63.9374,-35.4524],[-63.7392,-35.4533],[-63.3856,-35.4541]]]}},{"type":"Feature","properties":{"zid":"42126"},"geometry":{"type":"Polygon","coordinates":[[[-65.1076,-35.8012],[-65.1076,-35.8023],[-64.4932,-35.8107],[-64.4878,-35.4499],[-64.4802,-35.0115],[-64.4809,-35.0115],[-65.1068,-35.0153],[-65.1071,-35.3583],[-65.1076,-35.8012]]]}},{"type":"Feature","properties":{"zid":"42084"},"geometry":{"type":"Polygon","coordinates":[[[-64.5282,-38.2464],[-64.5202,-37.7039],[-65.6553,-37.6898],[-65.6849,-38.8317],[-65.6152,-38.8083],[-65.6033,-38.7771],[-65.5265,-38.7785],[-65.5025,-38.7981],[-65.3895,-38.8318],[-65.3771,-38.8556],[-65.2675,-38.8221],[-65.2184,-38.8371],[-65.1689,-38.8022],[-64.9572,-38.8231],[-64.9264,-38.8329],[-64.8771,-38.8145],[-64.8095,-38.8161],[-64.738,-38.8407],[-64.6724,-38.8336],[-64.5998,-38.8578],[-64.5367,-38.8581],[-64.5282,-38.2464]]]}},{"type":"Feature","properties":{"zid":"42077"},"geometry":{"type":"Polygon","coordinates":[[[-64.5282,-38.2464],[-63.3853,-38.2529],[-63.3857,-37.8088],[-63.3855,-37.7099],[-64.1802,-37.7066],[-64.5202,-37.7039],[-64.5282,-38.2464]]]}},{"type":"Feature","properties":{"zid":"42091"},"geometry":{"type":"Polygon","coordinates":[[[-65.9777,-37.6832],[-65.9997,-36.9614],[-66.0054,-36.7814],[-66.5967,-36.7909],[-67.1269,-36.7995],[-67.1117,-37.7002],[-65.9777,-37.6832]]]}},{"type":"Feature","properties":{"zid":"42070"},"geometry":{"type":"Polygon","coordinates":[[[-63.3853,-37.2589],[-64.1742,-37.2569],[-64.1802,-37.7066],[-63.3855,-37.7099],[-63.3853,-37.2589]]]}},{"type":"Feature","properties":{"zid":"42105"},"geometry":{"type":"Polygon","coordinates":[[[-63.3855,-35.8837],[-63.3856,-35.4541],[-63.7392,-35.4533],[-63.9374,-35.4524],[-63.9374,-35.4529],[-63.9376,-35.6836],[-63.9392,-35.8139],[-63.9405,-35.9047],[-63.3854,-35.9056],[-63.3854,-35.9055],[-63.3855,-35.8837]]]}},{"type":"Feature","properties":{"zid":"86175"},"geometry":{"type":"Polygon","coordinates":[[[-63.7346,-28.0031],[-63.9238,-27.967],[-63.9565,-28.0009],[-64.0464,-27.9854],[-64.041,-27.9612],[-64.1098,-27.9726],[-64.1126,-27.9831],[-64.0601,-28.0943],[-64.0625,-28.196],[-64.0826,-28.2489],[-64.0825,-28.2763],[-64.0519,-28.3285],[-63.9657,-28.3482],[-63.951,-28.3777],[-63.8513,-28.3911],[-63.7865,-28.4357],[-63.6941,-28.3795],[-63.7099,-28.3484],[-63.6358,-28.3512],[-63.6115,-28.2546],[-63.6168,-28.199],[-63.6141,-28.1542],[-63.6539,-28.1475],[-63.6507,-28.0748],[-63.737,-28.0145],[-63.7346,-28.0031]]]}},{"type":"Feature","properties":{"zid":"38112"},"geometry":{"type":"Polygon","coordinates":[[[-65.1866,-22.0853],[-65.475,-22.0895],[-65.4838,-22.0958],[-65.5744,-22.0762],[-65.5824,-22.0941],[-65.6753,-22.1116],[-65.7149,-22.0974],[-65.7483,-22.1091],[-65.809,-22.0703],[-65.8232,-22.1854],[-65.8557,-22.2062],[-65.9032,-22.1955],[-65.9615,-22.2006],[-65.9471,-22.2432],[-65.9696,-22.3009],[-65.9861,-22.4033],[-65.8285,-22.4387],[-65.6953,-22.4628],[-65.5915,-22.4699],[-65.5303,-22.4935],[-65.5077,-22.5259],[-65.4524,-22.5525],[-65.3486,-22.5512],[-65.3454,-22.5283],[-65.3057,-22.4666],[-65.2844,-22.3896],[-65.2614,-22.3374],[-65.2266,-22.3202],[-65.2403,-22.2792],[-65.2138,-22.15],[-65.1941,-22.1447],[-65.1866,-22.0853]]]}},{"type":"Feature","properties":{"zid":"38077"},"geometry":{"type":"Polygon","coordinates":[[[-65.809,-22.0703],[-65.9248,-21.9335],[-66.0482,-21.919],[-66.0433,-21.8719],[-66.0763,-21.835],[-66.1941,-21.796],[-66.2411,-21.7889],[-66.236,-21.8496],[-66.2603,-21.9061],[-66.2924,-22.0346],[-66.2879,-22.0858],[-66.3478,-22.128],[-66.6232,-22.1974],[-66.6382,-22.2255],[-66.6862,-22.2095],[-66.7393,-22.2385],[-66.7664,-22.3577],[-66.7481,-22.3748],[-66.681,-22.378],[-66.5848,-22.4129],[-66.5597,-22.4136],[-66.4926,-22.3764],[-66.4715,-22.3259],[-66.4106,-22.2608],[-66.3425,-22.2897],[-66.3212,-22.325],[-66.2973,-22.3149],[-66.0595,-22.2584],[-66.0157,-22.2961],[-65.9861,-22.4033],[-65.9696,-22.3009],[-65.9471,-22.2432],[-65.9615,-22.2006],[-65.9032,-22.1955],[-65.8557,-22.2062],[-65.8232,-22.1854],[-65.809,-22.0703]]]}},{"type":"Feature","properties":{"zid":"38063"},"geometry":{"type":"Polygon","coordinates":[[[-64.7157,-24.0558],[-64.783,-24.0943],[-64.8512,-24.074],[-64.8527,-24.0501],[-64.9204,-24.0107],[-65.0307,-24.0209],[-65.0539,-24.0144],[-65.049,-24.1804],[-65.0752,-24.1993],[-65.0531,-24.2636],[-65.0594,-24.3028],[-65.034,-24.3202],[-65.0207,-24.365],[-64.997,-24.3601],[-64.8998,-24.3833],[-64.954,-24.4497],[-64.8551,-24.4723],[-64.8375,-24.4692],[-64.7258,-24.5299],[-64.665,-24.6074],[-64.6401,-24.6112],[-64.6399,-24.6111],[-64.5939,-24.5834],[-64.5601,-24.5772],[-64.5326,-24.5048],[-64.5226,-24.4623],[-64.5478,-24.4346],[-64.5206,-24.3272],[-64.5777,-24.3205],[-64.614,-24.3342],[-64.6915,-24.3351],[-64.7415,-24.3106],[-64.7183,-24.2768],[-64.6931,-24.2095],[-64.6929,-24.1655],[-64.7198,-24.0984],[-64.7157,-24.0558]]]}},{"type":"Feature","properties":{"zid":"38105"},"geometry":{"type":"Polygon","coordinates":[[[-65.0697,-23.1995],[-65.1193,-23.2443],[-65.121,-23.2599],[-65.1789,-23.3197],[-65.1656,-23.3723],[-65.1374,-23.4173],[-65.1602,-23.449],[-65.1619,-23.4888],[-65.1313,-23.5307],[-65.1266,-23.5772],[-65.0848,-23.6018],[-65.0712,-23.6347],[-65.0179,-23.7],[-64.9306,-23.7255],[-64.9024,-23.6799],[-64.8946,-23.6002],[-64.8596,-23.5833],[-64.8431,-23.5331],[-64.8447,-23.4914],[-64.8714,-23.4789],[-64.8684,-23.4474],[-64.9067,-23.4238],[-64.8995,-23.3385],[-64.9396,-23.2848],[-65.0101,-23.2851],[-65.038,-23.2284],[-65.0697,-23.1995]]]}},{"type":"Feature","properties":{"zid":"34035"},"geometry":{"type":"Polygon","coordinates":[[[-58.8917,-24.715],[-58.9714,-24.6628],[-59.0239,-24.6601],[-59.0574,-24.631],[-59.1107,-24.6238],[-59.1534,-24.5997],[-59.1859,-24.5635],[-59.2413,-24.5461],[-59.2578,-24.5196],[-59.2965,-24.5135],[-59.3519,-24.4817],[-59.3806,-24.4211],[-59.4422,-24.3894],[-59.4761,-24.333],[-59.7567,-24.1695],[-60.039,-24.0117],[-60.1744,-24.0438],[-60.2744,-24.0442],[-60.365,-24.0202],[-60.6131,-24.2685],[-60.8754,-24.5303],[-61.1329,-24.7869],[-61.1383,-24.7868],[-61.1469,-24.7989],[-61.0927,-24.8488],[-61.0713,-24.8549],[-61.0428,-24.8974],[-60.9725,-24.9419],[-60.9339,-25.0048],[-60.875,-25.0197],[-60.807,-25.0642],[-60.7509,-25.0776],[-60.7328,-25.117],[-60.7,-25.1196],[-60.6539,-25.1585],[-60.5722,-25.1845],[-60.5296,-25.1718],[-60.495,-25.2069],[-60.389,-25.3353],[-60.3543,-25.3227],[-60.3272,-25.4074],[-60.2245,-25.4851],[-60.2202,-25.5343],[-60.2416,-25.5446],[-60.2236,-25.5895],[-60.1713,-25.6485],[-60.1513,-25.6438],[-60.0985,-25.6692],[-60.0182,-25.7041],[-60.0215,-25.723],[-59.9265,-25.7919],[-59.9003,-25.7949],[-59.8437,-25.856],[-59.8246,-25.8916],[-59.7555,-25.9189],[-59.7514,-25.9632],[-59.6961,-26.0065],[-59.6723,-26.0028],[-59.6825,-26.0895],[-59.6571,-26.1347],[-59.6366,-26.1199],[-59.6351,-25.6075],[-59.2722,-25.3376],[-59.0536,-25.174],[-58.8912,-25.052],[-58.8917,-24.715]]]}},{"type":"Feature","properties":{"zid":"34007"},"geometry":{"type":"Polygon","coordinates":[[[-60.365,-24.0202],[-60.4359,-23.9666],[-60.4867,-23.951],[-60.5085,-23.9708],[-60.5888,-23.9589],[-60.5919,-23.9241],[-60.6324,-23.9085],[-60.6907,-23.9022],[-60.7442,-23.873],[-60.846,-23.8716],[-60.8587,-23.8492],[-60.9437,-23.8014],[-60.9868,-23.8129],[-61.0204,-23.7726],[-61.0987,-23.6559],[-61.1082,-23.5987],[-61.165,-23.5667],[-61.2282,-23.5496],[-61.2794,-23.4905],[-61.3847,-23.4472],[-61.419,-23.4475],[-61.4472,-23.4223],[-61.4941,-23.4244],[-61.5298,-23.3457],[-61.5691,-23.3344],[-61.6081,-23.2832],[-61.6477,-23.2823],[-61.7369,-23.2317],[-61.7352,-23.1988],[-61.7558,-23.1705],[-61.7934,-23.1652],[-61.8518,-23.0945],[-61.8439,-23.4929],[-61.8338,-24.0068],[-61.8348,-24.3142],[-61.7715,-24.3106],[-61.7287,-24.342],[-61.6945,-24.4152],[-61.6552,-24.4327],[-61.6103,-24.4217],[-61.582,-24.4537],[-61.5964,-24.4793],[-61.549,-24.4996],[-61.5176,-24.5486],[-61.4772,-24.5752],[-61.454,-24.6122],[-61.3812,-24.6137],[-61.3418,-24.6395],[-61.2847,-24.6243],[-61.2529,-24.6287],[-61.1973,-24.6613],[-61.2084,-24.6967],[-61.1706,-24.6999],[-61.1564,-24.785],[-61.1383,-24.7868],[-61.1329,-24.7869],[-60.8754,-24.5303],[-60.6131,-24.2685],[-60.365,-24.0202]]]}},{"type":"Feature","properties":{"zid":"38084"},"geometry":{"type":"Polygon","coordinates":[[[-66.5849,-22.9993],[-66.9912,-22.9993],[-67.0731,-23.2597],[-67.213,-23.6949],[-66.9976,-23.885],[-66.9411,-23.984],[-66.8871,-23.9717],[-66.84,-24.0681],[-66.8012,-24.0945],[-66.741,-24.0926],[-66.7141,-24.1323],[-66.6786,-24.1421],[-66.6463,-24.1725],[-66.5587,-24.1873],[-66.5353,-24.208],[-66.4206,-24.1607],[-66.4143,-24.1287],[-66.3818,-24.1278],[-66.3702,-24.0501],[-66.3497,-24.0212],[-66.3681,-23.9719],[-66.3599,-23.9123],[-66.3544,-23.8839],[-66.3793,-23.8474],[-66.3579,-23.8229],[-66.3769,-23.7489],[-66.3676,-23.6946],[-66.3303,-23.6566],[-66.3111,-23.5614],[-66.2605,-23.5583],[-66.2396,-23.4925],[-66.2186,-23.4844],[-66.1821,-23.4356],[-66.1844,-23.4169],[-66.1983,-23.3917],[-66.1582,-23.3276],[-66.1059,-23.2233],[-66.1153,-23.1557],[-66.1994,-23.0701],[-66.2818,-22.9993],[-66.5849,-22.9993]]]}},{"type":"Feature","properties":{"zid":"42133"},"geometry":{"type":"Polygon","coordinates":[[[-64.4802,-35.0115],[-64.4878,-35.4499],[-63.9374,-35.4524],[-63.9349,-35.0076],[-64.4059,-35.0111],[-64.4802,-35.0115]]]}},{"type":"Feature","properties":{"zid":"34028"},"geometry":{"type":"Polygon","coordinates":[[[-61.8348,-24.3142],[-61.8338,-24.0068],[-61.8439,-23.4929],[-62.342,-23.4954],[-62.3422,-24.1102],[-62.3305,-24.0791],[-62.2863,-24.1293],[-62.2283,-24.1354],[-62.1827,-24.155],[-62.1361,-24.196],[-62.0553,-24.2113],[-62.041,-24.2405],[-62.0054,-24.2309],[-61.945,-24.2392],[-61.9388,-24.2662],[-61.9051,-24.3048],[-61.8348,-24.3142]]]}},{"type":"Feature","properties":{"zid":"38094"},"geometry":{"type":"Polygon","coordinates":[[[-65.1789,-23.3197],[-65.3387,-23.3911],[-65.3957,-23.3675],[-65.4265,-23.3365],[-65.5343,-23.3116],[-65.6899,-23.3758],[-65.6349,-23.3831],[-65.5795,-23.4345],[-65.5662,-23.4978],[-65.5436,-23.5522],[-65.504,-23.5966],[-65.5097,-23.655],[-65.4734,-23.6935],[-65.4153,-23.7068],[-65.3652,-23.7315],[-65.3752,-23.7843],[-65.2959,-23.8195],[-65.2697,-23.8274],[-65.2332,-23.7908],[-65.1816,-23.799],[-65.1055,-23.8563],[-65.0882,-23.7439],[-65.0384,-23.7029],[-65.0179,-23.7],[-65.0712,-23.6347],[-65.0848,-23.6018],[-65.1266,-23.5772],[-65.1313,-23.5307],[-65.1619,-23.4888],[-65.1602,-23.449],[-65.1374,-23.4173],[-65.1656,-23.3723],[-65.1789,-23.3197]]]}},{"type":"Feature","properties":{"zid":"38042"},"geometry":{"type":"Polygon","coordinates":[[[-65.0207,-24.365],[-65.034,-24.3202],[-65.0594,-24.3028],[-65.0531,-24.2636],[-65.0752,-24.1993],[-65.049,-24.1804],[-65.0539,-24.0144],[-65.1099,-24.0325],[-65.1304,-24.086],[-65.2023,-24.0876],[-65.2184,-24.2052],[-65.2571,-24.2298],[-65.2281,-24.2546],[-65.235,-24.2767],[-65.1765,-24.2816],[-65.1406,-24.3322],[-65.0207,-24.365]]]}},{"type":"Feature","properties":{"zid":"86140"},"geometry":{"type":"Polygon","coordinates":[[[-63.6634,-28.9386],[-63.7024,-28.9452],[-63.8184,-28.9126],[-63.8355,-28.8942],[-63.8807,-28.9104],[-63.8194,-28.9625],[-63.8459,-29.0037],[-63.8357,-29.0365],[-63.7188,-29.0592],[-63.7301,-29.1088],[-63.7741,-29.1011],[-63.7945,-29.2176],[-63.7504,-29.2255],[-63.7383,-29.1702],[-63.6706,-29.1819],[-63.7051,-29.3349],[-63.6473,-29.3063],[-63.6532,-29.3925],[-63.6782,-29.4127],[-63.6422,-29.4396],[-63.5809,-29.453],[-63.5749,-29.5003],[-63.5327,-29.4833],[-63.4624,-29.5105],[-63.3294,-29.5375],[-63.3446,-29.6143],[-63.2785,-29.635],[-63.2708,-29.6842],[-63.2705,-29.7792],[-62.8063,-29.8338],[-62.8076,-29.7811],[-62.849,-29.7488],[-62.8449,-29.6684],[-62.9053,-29.6384],[-63,-29.5484],[-63.0124,-29.5195],[-63.055,-29.4803],[-63.0693,-29.4458],[-63.1096,-29.4034],[-63.1335,-29.3178],[-63.1578,-29.3124],[-63.2113,-29.2414],[-63.308,-29.1902],[-63.3271,-29.1362],[-63.3815,-29.1367],[-63.3991,-29.0934],[-63.4795,-29.0268],[-63.5389,-29.0171],[-63.5361,-28.9902],[-63.5789,-28.9782],[-63.6048,-28.9453],[-63.6634,-28.9386]]]}},{"type":"Feature","properties":{"zid":"22161"},"geometry":{"type":"Polygon","coordinates":[[[-59.5965,-27.2842],[-59.708,-27.2872],[-60.0113,-27.2864],[-60.2129,-27.2851],[-60.2154,-27.7381],[-60.2156,-28.0007],[-59.8112,-28.0013],[-59.4012,-28.0001],[-59.4036,-27.8407],[-59.4038,-27.4676],[-59.5822,-27.4681],[-59.581,-27.2985],[-59.5965,-27.2842]]]}},{"type":"Feature","properties":{"zid":"42154"},"geometry":{"type":"Polygon","coordinates":[[[-64.1742,-37.2569],[-64.1721,-36.9868],[-65.0713,-36.9772],[-65.3981,-36.9706],[-65.6348,-36.9658],[-65.6344,-36.9516],[-65.9997,-36.9614],[-65.9777,-37.6832],[-65.6549,-37.676],[-65.6553,-37.6898],[-64.5202,-37.7039],[-64.1802,-37.7066],[-64.1742,-37.2569]]]}},{"type":"Feature","properties":{"zid":"42140"},"geometry":{"type":"Polygon","coordinates":[[[-65.0589,-36.2534],[-65.0623,-36.4867],[-65.067,-36.7649],[-65.0713,-36.9772],[-64.1721,-36.9868],[-64.1699,-36.8056],[-64.1704,-36.7164],[-64.283,-36.7152],[-64.2829,-36.6866],[-64.357,-36.6249],[-64.5054,-36.6223],[-64.4998,-36.2623],[-64.812,-36.2581],[-65.0565,-36.2535],[-65.0589,-36.2534]]]}},{"type":"Feature","properties":{"zid":"42021"},"geometry":{"type":"Polygon","coordinates":[[[-63.9435,-36.3555],[-63.9429,-36.2656],[-64.4998,-36.2623],[-64.5054,-36.6223],[-64.357,-36.6249],[-64.2829,-36.6866],[-64.283,-36.7152],[-64.1704,-36.7164],[-64.1699,-36.8056],[-63.9458,-36.8062],[-63.9435,-36.3555]]]}},{"type":"Feature","properties":{"zid":"22133"},"geometry":{"type":"Polygon","coordinates":[[[-60.1011,-26.3028],[-60.2015,-26.3019],[-60.2055,-26.6325],[-60.2287,-26.6243],[-60.413,-27.0454],[-60.2725,-27.0949],[-60.0886,-26.6738],[-60.0057,-26.703],[-60.0015,-26.3036],[-60.1011,-26.3028]]]}},{"type":"Feature","properties":{"zid":"22119"},"geometry":{"type":"Polygon","coordinates":[[[-59.5538,-27.0129],[-59.5537,-26.9831],[-59.6042,-26.9828],[-59.6045,-26.8019],[-59.7046,-26.8018],[-59.7037,-26.7114],[-59.8539,-26.7108],[-59.8541,-26.7553],[-60.0372,-27.1776],[-60.0111,-27.1963],[-60.0113,-27.2864],[-59.708,-27.2872],[-59.5965,-27.2842],[-59.5543,-27.2399],[-59.5538,-27.0129]]]}},{"type":"Feature","properties":{"zid":"06623"},"geometry":{"type":"Polygon","coordinates":[[[-60.4575,-33.5983],[-60.4596,-33.6315],[-60.5233,-33.6487],[-60.6255,-33.6255],[-60.6906,-33.5841],[-60.7471,-33.5883],[-60.7821,-33.5776],[-60.8247,-33.5438],[-60.8613,-33.5463],[-60.9111,-33.581],[-60.8108,-33.6748],[-60.9009,-33.7492],[-60.8613,-33.781],[-60.9428,-33.8569],[-60.9065,-33.8873],[-60.9,-33.8829],[-60.7033,-34.0269],[-60.6603,-34.0889],[-60.6245,-34.1122],[-60.5784,-34.1164],[-60.5155,-34.1438],[-60.4964,-34.1765],[-60.4142,-34.0935],[-60.3124,-34.0015],[-60.2375,-34.0111],[-60.2315,-33.8698],[-60.1966,-33.8246],[-60.1564,-33.7455],[-60.1388,-33.7111],[-60.1722,-33.6619],[-60.2394,-33.6645],[-60.3132,-33.6511],[-60.3278,-33.6755],[-60.3934,-33.642],[-60.4575,-33.5983]]]}},{"type":"Feature","properties":{"zid":"22154"},"geometry":{"type":"Polygon","coordinates":[[[-59.1546,-26.8698],[-59.1551,-26.8185],[-59.2013,-26.8015],[-59.4522,-26.8028],[-59.4528,-26.7121],[-59.5032,-26.7125],[-59.5035,-26.6221],[-59.703,-26.6219],[-59.7032,-26.5317],[-59.8036,-26.5309],[-59.8525,-26.5302],[-59.8539,-26.7108],[-59.7037,-26.7114],[-59.7046,-26.8018],[-59.6045,-26.8019],[-59.6042,-26.9828],[-59.5537,-26.9831],[-59.5538,-27.0129],[-59.4029,-27.0124],[-59.3511,-27.0273],[-59.3515,-26.9823],[-59.3011,-26.9821],[-59.3018,-27.0159],[-59.17,-26.8997],[-59.1546,-26.8698]]]}},{"type":"Feature","properties":{"zid":"22070"},"geometry":{"type":"Polygon","coordinates":[[[-60.6148,-26.9741],[-60.6945,-26.946],[-60.5084,-26.5252],[-60.7888,-26.4255],[-60.9002,-26.6768],[-60.9301,-26.6618],[-60.99,-26.6613],[-60.9927,-26.842],[-60.8831,-26.927],[-60.8514,-26.8899],[-60.8162,-26.9023],[-60.8156,-27.055],[-60.6153,-27.0572],[-60.6148,-26.9741]]]}},{"type":"Feature","properties":{"zid":"42147"},"geometry":{"type":"Polygon","coordinates":[[[-63.9392,-35.8139],[-63.9376,-35.6836],[-63.9374,-35.4529],[-63.9374,-35.4524],[-64.4878,-35.4499],[-64.4932,-35.8107],[-63.9392,-35.8139]]]}},{"type":"Feature","properties":{"zid":"22098"},"geometry":{"type":"Polygon","coordinates":[[[-60.5184,-27.4648],[-60.9093,-27.46],[-60.9094,-27.3998],[-60.9972,-27.4001],[-60.9972,-27.4177],[-60.9973,-27.4781],[-61.0223,-27.4782],[-61.0194,-27.6349],[-61.0137,-27.7941],[-60.9087,-27.7939],[-60.9091,-27.9983],[-60.6444,-27.9998],[-60.2156,-28.0007],[-60.2154,-27.7381],[-60.5219,-27.7372],[-60.5233,-27.6456],[-60.4692,-27.6459],[-60.4678,-27.4652],[-60.5184,-27.4648]]]}},{"type":"Feature","properties":{"zid":"22043"},"geometry":{"type":"Polygon","coordinates":[[[-60.9091,-27.9983],[-60.9087,-27.7939],[-61.0137,-27.7941],[-61.0194,-27.6349],[-61.1298,-27.6353],[-61.1295,-27.7055],[-61.2405,-27.7056],[-61.2401,-27.7942],[-61.5683,-27.7948],[-61.5693,-27.7142],[-61.7119,-27.714],[-61.7119,-27.7972],[-61.712,-27.9986],[-61.098,-27.9977],[-60.9091,-27.9983]]]}},{"type":"Feature","properties":{"zid":"46063"},"geometry":{"type":"Polygon","coordinates":[[[-65.4925,-30.3718],[-65.9976,-30.3936],[-66.2324,-30.5266],[-66.3718,-30.5097],[-66.3716,-30.5307],[-66.4196,-30.6095],[-66.4197,-30.6308],[-66.3847,-30.6767],[-66.3533,-30.7477],[-65.9684,-30.7496],[-65.6423,-30.754],[-65.5991,-30.6567],[-65.5252,-30.4908],[-65.4925,-30.3718]]]}},{"type":"Feature","properties":{"zid":"86056"},"geometry":{"type":"Polygon","coordinates":[[[-61.7122,-26.2345],[-61.7118,-25.6547],[-62.0128,-25.6549],[-62.5355,-25.6513],[-63.1924,-25.6491],[-63.4224,-25.6492],[-63.4755,-25.71],[-63.5663,-25.7099],[-63.6605,-25.6854],[-63.9184,-25.6821],[-63.8926,-25.7151],[-63.8777,-25.7737],[-63.783,-25.8861],[-63.786,-25.9115],[-63.7535,-25.9291],[-63.7181,-26.0149],[-63.6902,-26.0341],[-63.6961,-26.0809],[-63.7613,-26.2143],[-63.4284,-26.22],[-63.0333,-26.2256],[-62.8328,-26.2309],[-62.3105,-26.2331],[-61.7122,-26.2345]]]}},{"type":"Feature","properties":{"zid":"86147"},"geometry":{"type":"Polygon","coordinates":[[[-64.7985,-27.1508],[-64.8112,-27.1493],[-64.8543,-27.3183],[-64.9744,-27.3509],[-65.0089,-27.4837],[-65.0014,-27.4889],[-64.9681,-27.5054],[-64.9674,-27.5541],[-65.012,-27.566],[-65.0271,-27.5871],[-64.991,-27.7241],[-64.9184,-27.6949],[-64.908,-27.709],[-64.8117,-27.6557],[-64.8197,-27.6949],[-64.771,-27.7035],[-64.7604,-27.6474],[-64.7037,-27.6565],[-64.6266,-27.6664],[-64.6233,-27.6499],[-64.5333,-27.6662],[-64.5229,-27.7059],[-64.4382,-27.6043],[-64.4636,-27.5886],[-64.4639,-27.5496],[-64.513,-27.4952],[-64.5588,-27.4954],[-64.6166,-27.4441],[-64.5704,-27.3385],[-64.6616,-27.2464],[-64.6855,-27.2326],[-64.7424,-27.2346],[-64.7651,-27.1845],[-64.7985,-27.1508]]]}},{"type":"Feature","properties":{"zid":"46014"},"geometry":{"type":"Polygon","coordinates":[[[-66.4112,-28.8163],[-66.3526,-28.7328],[-66.7347,-28.8523],[-66.7754,-29.049],[-66.7974,-29.0677],[-66.8349,-29.1551],[-66.8622,-29.1744],[-66.8913,-29.2384],[-66.9351,-29.3028],[-66.946,-29.3573],[-67.0254,-29.4253],[-67.0715,-29.4288],[-67.09,-29.4055],[-67.1014,-29.43],[-67.0859,-29.474],[-67.0516,-29.4977],[-67.0319,-29.5364],[-67.0606,-29.6386],[-67.0286,-29.7575],[-66.9763,-29.819],[-66.8472,-29.8297],[-66.6092,-29.8491],[-66.6322,-30.1102],[-66.5256,-30.1472],[-66.4822,-30.1864],[-66.4303,-30.0243],[-65.7008,-29.8271],[-65.5448,-29.8277],[-65.5905,-29.7182],[-65.7192,-29.4099],[-65.7173,-29.3286],[-65.7483,-29.2697],[-65.8162,-29.2698],[-65.8174,-29.1789],[-65.9265,-29.0822],[-65.9478,-29.0774],[-66.0997,-28.9444],[-66.368,-28.8664],[-66.3917,-28.8679],[-66.4112,-28.8163]]]}},{"type":"Feature","properties":{"zid":"62014"},"geometry":{"type":"Polygon","coordinates":[[[-65.6849,-38.8317],[-65.6984,-38.8197],[-65.8546,-38.7966],[-65.9418,-38.7694],[-65.9461,-38.7493],[-66.077,-38.7425],[-66.1041,-38.7274],[-66.218,-38.741],[-66.3134,-38.7445],[-66.3462,-38.7565],[-66.3891,-38.7384],[-66.4418,-38.7456],[-66.4967,-38.7185],[-66.5386,-38.7209],[-66.5948,-38.6842],[-66.5782,-38.6228],[-66.6107,-38.5575],[-66.6448,-38.5376],[-66.6391,-39.1016],[-66.5655,-39.092],[-66.5716,-39.2829],[-67.001,-39.3777],[-67.3628,-39.4669],[-67.8722,-39.8109],[-67.477,-39.8485],[-66.8257,-39.9106],[-65.9997,-39.918],[-65.7742,-39.9187],[-65.2946,-39.9185],[-65.2834,-39.9253],[-65.2137,-39.8709],[-65.2455,-39.8507],[-65.2262,-39.1267],[-65.2184,-38.8371],[-65.2675,-38.8221],[-65.3771,-38.8556],[-65.3895,-38.8318],[-65.5025,-38.7981],[-65.5265,-38.7785],[-65.6033,-38.7771],[-65.6152,-38.8083],[-65.6849,-38.8317]]]}},{"type":"Feature","properties":{"zid":"62042"},"geometry":{"type":"Polygon","coordinates":[[[-67.1029,-38.3791],[-67.1479,-38.3316],[-67.1531,-38.2913],[-67.1966,-38.2538],[-67.1861,-38.2165],[-67.2611,-38.2171],[-67.3171,-38.2476],[-67.3641,-38.2538],[-67.5479,-38.2563],[-67.5932,-38.2406],[-67.6565,-38.2018],[-67.6856,-38.1381],[-67.7301,-38.1148],[-67.7299,-38.0774],[-67.8594,-38.0539],[-67.9033,-37.9821],[-67.8462,-37.9177],[-67.7833,-37.8959],[-67.7305,-37.8519],[-67.7238,-37.7935],[-67.7604,-37.7434],[-67.7708,-37.6692],[-67.8415,-37.6209],[-67.9239,-37.6172],[-68.027,-37.5974],[-68.1068,-37.5962],[-68.1514,-37.5805],[-68.2018,-37.5889],[-68.2543,-37.5719],[-68.2538,-37.7046],[-68.2558,-38.171],[-68.2563,-38.6795],[-68.2422,-38.6969],[-68.1632,-38.7378],[-68.1212,-38.7467],[-68.1182,-38.7934],[-68.093,-38.8193],[-68.0821,-38.8702],[-68.0026,-38.989],[-67.9145,-39.0066],[-67.7968,-39.0391],[-67.6917,-39.094],[-67.622,-39.111],[-67.5312,-39.0742],[-67.5066,-39.0833],[-67.3669,-39.0879],[-67.3286,-39.1032],[-67.2781,-39.0957],[-67.2544,-39.1126],[-67.1893,-39.1231],[-67.1291,-39.1573],[-67.0224,-39.1781],[-66.9349,-39.1538],[-66.8591,-39.1558],[-66.8173,-39.1334],[-66.7496,-39.134],[-66.6796,-39.1043],[-66.6391,-39.1016],[-66.6448,-38.5376],[-66.7439,-38.518],[-66.7892,-38.4796],[-66.812,-38.4848],[-66.8931,-38.4603],[-66.9958,-38.4457],[-67.007,-38.4243],[-67.0918,-38.3996],[-67.1017,-38.3811],[-67.1029,-38.3791]]]}},{"type":"Feature","properties":{"zid":"58035"},"geometry":{"type":"Polygon","coordinates":[[[-68.2563,-38.6795],[-68.3132,-38.6486],[-68.337,-38.6187],[-68.3908,-38.5971],[-68.4131,-38.5675],[-68.4907,-38.5445],[-68.556,-38.4902],[-68.6173,-38.4574],[-68.6215,-38.4346],[-68.7252,-38.4049],[-68.7458,-38.3757],[-68.8612,-38.3743],[-68.9407,-38.4433],[-68.9495,-38.4744],[-68.9944,-38.4919],[-69.0417,-38.5582],[-69.1106,-38.5828],[-69.1411,-38.6137],[-69.1756,-38.605],[-69.2218,-38.6281],[-69.2641,-38.6001],[-69.3177,-38.6146],[-69.5475,-38.7932],[-69.286,-38.9999],[-69.1622,-39.0955],[-68.8198,-39.3689],[-68.8185,-39.3126],[-68.7881,-39.278],[-68.7546,-39.2696],[-68.6655,-39.2173],[-68.6625,-39.178],[-68.5947,-39.1202],[-68.5639,-39.0784],[-68.4974,-39.0684],[-68.4693,-39.0458],[-68.3039,-38.9872],[-68.2252,-38.9888],[-68.2074,-38.9712],[-68.1181,-38.9805],[-68.0931,-38.9924],[-68.024,-38.9764],[-68.0026,-38.989],[-68.0821,-38.8702],[-68.093,-38.8193],[-68.1182,-38.7934],[-68.1212,-38.7467],[-68.1632,-38.7378],[-68.2422,-38.6969],[-68.2563,-38.6795]]]}},{"type":"Feature","properties":{"zid":"58014"},"geometry":{"type":"Polygon","coordinates":[[[-68.2538,-37.7046],[-68.7737,-37.7004],[-69.062,-37.698],[-69.8857,-37.6914],[-69.8673,-37.7735],[-69.8507,-37.8023],[-69.8633,-37.8526],[-69.8526,-37.9141],[-69.8112,-37.9606],[-69.8211,-38.061],[-69.8147,-38.0882],[-69.7773,-38.1051],[-69.7579,-38.1921],[-69.7171,-38.2438],[-69.7306,-38.2741],[-69.7053,-38.3707],[-69.6695,-38.378],[-69.6347,-38.4261],[-69.5747,-38.4364],[-69.5437,-38.4806],[-69.4584,-38.4881],[-69.403,-38.5314],[-69.3988,-38.5564],[-69.3177,-38.6146],[-69.2641,-38.6001],[-69.2218,-38.6281],[-69.1756,-38.605],[-69.1411,-38.6137],[-69.1106,-38.5828],[-69.0417,-38.5582],[-68.9944,-38.4919],[-68.9495,-38.4744],[-68.9407,-38.4433],[-68.8612,-38.3743],[-68.7458,-38.3757],[-68.7252,-38.4049],[-68.6215,-38.4346],[-68.6173,-38.4574],[-68.556,-38.4902],[-68.4907,-38.5445],[-68.4131,-38.5675],[-68.3908,-38.5971],[-68.337,-38.6187],[-68.3132,-38.6486],[-68.2563,-38.6795],[-68.2558,-38.171],[-68.2538,-37.7046]]]}},{"type":"Feature","properties":{"zid":"58091"},"geometry":{"type":"Polygon","coordinates":[[[-70.0425,-36.659],[-70.0578,-37.258],[-70.0215,-37.2854],[-70.1004,-37.4057],[-70.105,-37.4354],[-70.0846,-37.473],[-70.0949,-37.5015],[-70.0859,-37.5309],[-70.0454,-37.5596],[-70.0321,-37.6342],[-69.9809,-37.6671],[-69.9118,-37.6666],[-69.8857,-37.6914],[-69.062,-37.698],[-68.7737,-37.7004],[-68.2538,-37.7046],[-68.2543,-37.5719],[-68.2899,-37.559],[-68.4027,-37.5586],[-68.4367,-37.5446],[-68.4979,-37.4577],[-68.5812,-37.4545],[-68.6874,-37.4415],[-68.7231,-37.3883],[-68.7811,-37.3672],[-68.8661,-37.4012],[-68.8847,-37.382],[-69.0014,-37.3734],[-69.0371,-37.353],[-69.0497,-37.2884],[-69.0383,-37.2556],[-69.0644,-37.2234],[-69.1331,-37.2018],[-69.1652,-37.1806],[-69.2252,-37.171],[-69.2861,-37.1445],[-69.3963,-37.1718],[-69.4266,-37.1597],[-69.4668,-37.1726],[-69.5309,-37.1741],[-69.6117,-37.1487],[-69.7556,-37.0686],[-69.7763,-36.991],[-69.7716,-36.9001],[-69.7524,-36.8868],[-69.82,-36.849],[-69.8506,-36.8463],[-69.8866,-36.8083],[-69.9217,-36.7948],[-69.9194,-36.7652],[-69.9475,-36.7216],[-70.0425,-36.659]]]}},{"type":"Feature","properties":{"zid":"78035"},"geometry":{"type":"Polygon","coordinates":[[[-71.646,-45.9999],[-71.6673,-46.04],[-71.781,-46.1182],[-71.8272,-46.1112],[-71.9075,-46.1447],[-71.8601,-46.1939],[-71.799,-46.19],[-71.7574,-46.2214],[-71.7244,-46.2954],[-71.7568,-46.3462],[-71.6696,-46.5286],[-71.6623,-46.6203],[-71.6437,-46.6822],[-71.6907,-46.7014],[-71.7975,-46.7795],[-71.8627,-46.8026],[-71.9155,-46.7982],[-71.9553,-46.8167],[-71.9316,-46.8693],[-71.9711,-46.911],[-71.9541,-46.9774],[-71.8808,-47.0109],[-71.9039,-47.0505],[-71.9501,-47.0865],[-71.8806,-47.1069],[-71.8503,-47.1628],[-71.8909,-47.1854],[-71.8919,-47.2273],[-71.5715,-47.3639],[-70.7689,-47.3199],[-70.2498,-47.8453],[-69.783,-48.307],[-69.7344,-48.3221],[-69.7092,-47.3013],[-69.7076,-47.2347],[-69.6867,-47.1613],[-69.6737,-46.6724],[-69.6562,-45.9999],[-69.6566,-45.9999],[-71.646,-45.9999]]]}},{"type":"Feature","properties":{"zid":"42049"},"geometry":{"type":"Polygon","coordinates":[[[-66.6378,-36.0006],[-67.1325,-35.9991],[-67.1326,-35.9991],[-67.1326,-35.9996],[-67.1269,-36.7995],[-66.5967,-36.7909],[-66.0054,-36.7814],[-66.0198,-36.3204],[-66.0384,-36.3211],[-66.0486,-36.1514],[-66.0229,-36.1509],[-66.0266,-36.0604],[-66.0177,-35.9999],[-66.0178,-35.9999],[-66.3745,-35.9994],[-66.6378,-36.0006]]]}},{"type":"Feature","properties":{"zid":"42112"},"geometry":{"type":"Polygon","coordinates":[[[-67.1269,-36.7995],[-68.2468,-36.8028],[-68.2474,-37.1709],[-68.2543,-37.5719],[-68.2018,-37.5889],[-68.1514,-37.5805],[-68.1068,-37.5962],[-68.027,-37.5974],[-67.9239,-37.6172],[-67.8415,-37.6209],[-67.7708,-37.6692],[-67.7604,-37.7434],[-67.7238,-37.7935],[-67.7305,-37.8519],[-67.7833,-37.8959],[-67.8462,-37.9177],[-67.9033,-37.9821],[-67.8594,-38.0539],[-67.7299,-38.0774],[-67.7301,-38.1148],[-67.6856,-38.1381],[-67.6565,-38.2018],[-67.5932,-38.2406],[-67.5479,-38.2563],[-67.3641,-38.2538],[-67.3171,-38.2476],[-67.2611,-38.2171],[-67.1861,-38.2165],[-67.1966,-38.2538],[-67.1531,-38.2913],[-67.1479,-38.3316],[-67.1029,-38.3791],[-67.1022,-38.3803],[-67.1117,-37.7002],[-67.1269,-36.7995]]]}},{"type":"Feature","properties":{"zid":"94008"},"geometry":{"type":"Polygon","coordinates":[[[-66.9491,-54.1885],[-67.0135,-54.1572],[-67.1266,-54.1297],[-67.3181,-54.0481],[-67.3423,-54.0149],[-67.4456,-53.9791],[-67.5352,-53.9271],[-67.5733,-53.8881],[-67.5864,-53.8306],[-67.6676,-53.7936],[-67.7377,-53.7469],[-67.8262,-53.705],[-67.9374,-53.6339],[-68.0307,-53.533],[-68.066,-53.4557],[-68.0788,-53.3979],[-68.1371,-53.3313],[-68.2066,-53.3067],[-68.3079,-53.3212],[-68.4545,-53.2973],[-68.5484,-53.2475],[-68.556,-53.2122],[-68.5385,-53.1459],[-68.3595,-53.0179],[-68.2629,-53.0008],[-68.2877,-52.9514],[-68.5378,-52.7318],[-68.6067,-52.659],[-68.607,-52.8987],[-68.6065,-53.3541],[-68.6072,-53.8473],[-68.6079,-54.1885],[-68.0756,-54.1904],[-67.3845,-54.19],[-67.0048,-54.1887],[-66.9491,-54.1885]]]}},{"type":"Feature","properties":{"zid":"42035"},"geometry":{"type":"Polygon","coordinates":[[[-65.1077,-35.8902],[-65.1078,-35.9791],[-65.1078,-35.9823],[-65.0506,-35.9834],[-65.055,-36.0739],[-65.0589,-36.2534],[-65.0565,-36.2535],[-64.812,-36.2581],[-64.4998,-36.2623],[-63.9429,-36.2656],[-63.9405,-35.9047],[-63.9392,-35.8139],[-64.4932,-35.8107],[-65.1076,-35.8023],[-65.1077,-35.8902]]]}},{"type":"Feature","properties":{"zid":"42098"},"geometry":{"type":"Polygon","coordinates":[[[-66.0177,-35.9999],[-66.0266,-36.0604],[-66.0229,-36.1509],[-66.0486,-36.1514],[-66.0384,-36.3211],[-66.0198,-36.3204],[-66.0054,-36.7814],[-65.9997,-36.9614],[-65.6344,-36.9516],[-65.6348,-36.9658],[-65.3981,-36.9706],[-65.0713,-36.9772],[-65.067,-36.7649],[-65.0623,-36.4867],[-65.0589,-36.2534],[-65.055,-36.0739],[-65.0506,-35.9834],[-65.1078,-35.9823],[-65.1078,-35.9882],[-65.1078,-35.9991],[-65.3563,-35.9995],[-65.5325,-35.9964],[-65.938,-35.9999],[-66.0177,-35.9999]]]}},{"type":"Feature","properties":{"zid":"06749"},"geometry":{"type":"MultiPolygon","coordinates":[[[[-58.345,-34.0384],[-58.3789,-34.0122],[-58.4773,-34.0026],[-58.5532,-34.0267],[-58.6305,-34.0398],[-58.6753,-34.0255],[-58.7931,-34.0783],[-58.7467,-34.1655],[-58.6914,-34.1724],[-58.7122,-34.2489],[-58.6495,-34.2666],[-58.5397,-34.2984],[-58.4515,-34.2658],[-58.4167,-34.2644],[-58.3935,-34.2244],[-58.3518,-34.1995],[-58.3711,-34.1717],[-58.363,-34.0646],[-58.345,-34.0384]]],[[[-58.5162,-34.4433],[-58.5603,-34.43],[-58.5946,-34.4603],[-58.6003,-34.4904],[-58.5162,-34.4433]]]]}},{"type":"Feature","properties":{"zid":"86035"},"geometry":{"type":"Polygon","coordinates":[[[-63.99,-27.0303],[-64.0205,-27.061],[-64.0848,-27.0619],[-64.113,-27.1091],[-64.1767,-27.1086],[-64.178,-27.1986],[-64.3043,-27.1869],[-64.3279,-27.1964],[-64.4452,-27.1748],[-64.4875,-27.3528],[-64.5581,-27.3095],[-64.5704,-27.3385],[-64.6166,-27.4441],[-64.5588,-27.4954],[-64.513,-27.4952],[-64.4639,-27.5496],[-64.4636,-27.5886],[-64.4382,-27.6043],[-64.4062,-27.6076],[-64.3702,-27.636],[-64.3095,-27.7328],[-64.2076,-27.8118],[-64.0854,-27.7399],[-64.0697,-27.7545],[-63.9339,-27.7364],[-63.9342,-27.6975],[-63.8798,-27.6558],[-63.916,-27.6555],[-63.9887,-27.5587],[-63.9956,-27.5178],[-63.9645,-27.3962],[-64.0038,-27.3895],[-64.0008,-27.3312],[-63.9809,-27.2473],[-63.9268,-27.2377],[-63.9266,-27.1925],[-63.9757,-27.1915],[-63.9761,-27.1445],[-63.9403,-27.1449],[-63.9398,-27.0306],[-63.99,-27.0303]]]}},{"type":"Feature","properties":{"zid":"86182"},"geometry":{"type":"Polygon","coordinates":[[[-63.4815,-27.8358],[-63.5809,-27.867],[-63.5926,-27.8296],[-63.6605,-27.8176],[-63.6564,-27.8338],[-63.6892,-27.9839],[-63.7346,-28.0031],[-63.737,-28.0145],[-63.6507,-28.0748],[-63.6539,-28.1475],[-63.6141,-28.1542],[-63.6168,-28.199],[-63.5809,-28.205],[-63.5861,-28.2346],[-63.5534,-28.2529],[-63.4673,-28.2552],[-63.4597,-28.2124],[-63.3616,-28.317],[-63.3339,-28.3299],[-63.2309,-28.3493],[-63.2283,-28.3273],[-63.1097,-28.3272],[-63.1107,-28.3166],[-63.093,-28.2792],[-63.1426,-28.2295],[-63.1449,-28.2069],[-63.2003,-28.1659],[-63.2401,-28.1697],[-63.2808,-28.1406],[-63.2799,-28.1054],[-63.3164,-28.0642],[-63.3979,-28.0265],[-63.4121,-27.97],[-63.4423,-27.953],[-63.4425,-27.9228],[-63.4815,-27.8358]]]}},{"type":"Feature","properties":{"zid":"78014"},"geometry":{"type":"Polygon","coordinates":[[[-66.8701,-48.5827],[-66.8311,-48.523],[-66.7716,-48.4984],[-66.754,-48.4736],[-66.6131,-48.4266],[-66.4944,-48.4175],[-66.4373,-48.3502],[-66.3403,-48.3569],[-66.3602,-48.3147],[-66.3392,-48.2791],[-66.2248,-48.2001],[-66.1713,-48.195],[-66.118,-48.122],[-65.9813,-48.1003],[-65.9168,-48.1102],[-65.9679,-48.0497],[-65.9511,-47.9785],[-65.9103,-47.9334],[-65.7844,-47.9461],[-65.792,-47.9027],[-65.8445,-47.8935],[-65.861,-47.8666],[-65.8864,-47.7704],[-65.9518,-47.759],[-66.0317,-47.7812],[-66.0344,-47.7441],[-65.9827,-47.7418],[-65.8975,-47.7576],[-65.8524,-47.7499],[-65.7948,-47.6446],[-65.7404,-47.512],[-65.7184,-47.3283],[-65.7563,-47.2164],[-65.7443,-47.2015],[-65.8926,-47.0974],[-65.9969,-47.0716],[-66.0974,-47.0844],[-66.1977,-47.0874],[-66.3824,-47.0635],[-66.5019,-47.0379],[-66.5443,-47.0462],[-66.6569,-47.0313],[-66.708,-47.0336],[-66.791,-46.9998],[-66.8992,-46.9122],[-66.9507,-46.8504],[-67.0266,-46.8152],[-67.0819,-46.7683],[-67.0816,-46.7504],[-67.1635,-46.6871],[-67.2379,-46.6679],[-67.2501,-46.6489],[-67.3289,-46.629],[-67.3944,-46.594],[-67.4436,-46.544],[-67.5676,-46.3486],[-67.596,-46.2853],[-67.6277,-46.1581],[-67.6243,-46.0493],[-67.5957,-45.9999],[-68.3631,-45.9999],[-69.6481,-45.9999],[-69.6562,-45.9999],[-69.6737,-46.6724],[-69.6867,-47.1613],[-69.7076,-47.2347],[-69.7092,-47.3013],[-69.7344,-48.3221],[-69.3553,-48.4383],[-68.9936,-48.4185],[-68.3354,-48.3796],[-68.1856,-48.4446],[-67.6161,-48.0917],[-67.5531,-48.113],[-67.1719,-48.4839],[-66.8701,-48.5827]]]}},{"type":"Feature","properties":{"zid":"86042"},"geometry":{"type":"Polygon","coordinates":[[[-61.8572,-28.8664],[-62.4884,-28.8644],[-62.6447,-28.8655],[-62.6435,-28.9102],[-62.6704,-28.9284],[-62.6696,-28.994],[-62.6413,-29.0327],[-62.6138,-29.0942],[-62.5573,-29.114],[-62.5354,-29.1371],[-62.4872,-29.1393],[-62.4209,-29.1685],[-62.4136,-29.196],[-62.2925,-29.3024],[-62.3094,-29.3271],[-62.2469,-29.3616],[-62.1987,-29.3585],[-62.1834,-29.3787],[-62.1298,-29.3584],[-62.0438,-29.3728],[-61.9992,-29.4219],[-61.9499,-29.4158],[-61.8572,-28.8664]]]}},{"type":"Feature","properties":{"zid":"86007"},"geometry":{"type":"Polygon","coordinates":[[[-62.6447,-28.8655],[-62.6545,-28.8627],[-62.8946,-28.863],[-62.8945,-28.8917],[-63.0681,-28.8918],[-63.0681,-28.9701],[-62.9802,-28.9667],[-62.9807,-29.202],[-62.8915,-29.2021],[-62.8915,-29.2836],[-62.8022,-29.2843],[-62.7527,-29.307],[-62.7526,-29.3634],[-62.6165,-29.3641],[-62.6171,-29.4425],[-62.4978,-29.4428],[-62.4978,-29.4822],[-62.558,-29.4824],[-62.5336,-29.5969],[-62.4378,-29.5968],[-62.4375,-29.6666],[-62.0112,-29.6651],[-61.9917,-29.6616],[-61.9499,-29.4158],[-61.9992,-29.4219],[-62.0438,-29.3728],[-62.1298,-29.3584],[-62.1834,-29.3787],[-62.1987,-29.3585],[-62.2469,-29.3616],[-62.3094,-29.3271],[-62.2925,-29.3024],[-62.4136,-29.196],[-62.4209,-29.1685],[-62.4872,-29.1393],[-62.5354,-29.1371],[-62.5573,-29.114],[-62.6138,-29.0942],[-62.6413,-29.0327],[-62.6696,-28.994],[-62.6704,-28.9284],[-62.6435,-28.9102],[-62.6447,-28.8655]]]}},{"type":"Feature","properties":{"zid":"22091"},"geometry":{"type":"Polygon","coordinates":[[[-60.0993,-26.1224],[-60.7998,-26.1149],[-60.8045,-26.4199],[-60.7888,-26.4255],[-60.5084,-26.5252],[-60.2287,-26.6243],[-60.2055,-26.6325],[-60.2015,-26.3019],[-60.1011,-26.3028],[-60.0993,-26.1224]]]}},{"type":"Feature","properties":{"zid":"06805"},"geometry":{"type":"Polygon","coordinates":[[[-58.5397,-34.2984],[-58.6495,-34.2666],[-58.6784,-34.343],[-58.7346,-34.4025],[-58.7056,-34.4393],[-58.6466,-34.5014],[-58.6064,-34.5345],[-58.6003,-34.4904],[-58.5946,-34.4603],[-58.5603,-34.43],[-58.5162,-34.4433],[-58.5142,-34.4435],[-58.4881,-34.4369],[-58.4762,-34.3912],[-58.485,-34.3346],[-58.5397,-34.2984]]]}},{"type":"Feature","properties":{"zid":"86084"},"geometry":{"type":"Polygon","coordinates":[[[-64.7037,-27.6565],[-64.7604,-27.6474],[-64.771,-27.7035],[-64.8197,-27.6949],[-64.8117,-27.6557],[-64.908,-27.709],[-64.9184,-27.6949],[-64.991,-27.7241],[-65.0281,-27.7527],[-65.0166,-27.794],[-65.039,-27.8793],[-65.108,-27.8932],[-65.1596,-27.877],[-65.1708,-27.9465],[-65.1124,-28.1867],[-65.1096,-28.2408],[-64.9483,-28.2731],[-64.9378,-28.2309],[-64.8545,-28.2473],[-64.832,-28.1527],[-64.7853,-28.1622],[-64.7574,-28.1418],[-64.621,-28.1659],[-64.6043,-28.0886],[-64.5824,-28.0923],[-64.5459,-27.9361],[-64.5579,-27.8924],[-64.6598,-27.8879],[-64.6525,-27.836],[-64.7094,-27.8258],[-64.7135,-27.776],[-64.7037,-27.6565]]]}},{"type":"Feature","properties":{"zid":"78049"},"geometry":{"type":"Polygon","coordinates":[[[-71.8919,-47.2273],[-71.9966,-47.2066],[-72.0163,-47.2481],[-71.9979,-47.2966],[-72.0726,-47.3419],[-72.1276,-47.3284],[-72.1429,-47.3633],[-72.1986,-47.4157],[-72.2318,-47.4032],[-72.2939,-47.4459],[-72.3397,-47.4548],[-72.2914,-47.512],[-72.3272,-47.5713],[-72.3148,-47.5954],[-72.3596,-47.6395],[-72.4059,-47.6573],[-72.4354,-47.7329],[-72.5049,-47.7622],[-72.4714,-47.8124],[-72.4814,-47.8701],[-72.5231,-47.91],[-72.5042,-47.9575],[-72.4289,-47.9651],[-72.4195,-48.0019],[-72.444,-48.0647],[-72.362,-48.0733],[-72.3559,-48.1007],[-72.3068,-48.14],[-72.3167,-48.234],[-72.2653,-48.2778],[-72.2347,-48.3249],[-72.2858,-48.3562],[-72.3505,-48.3485],[-72.3463,-48.3853],[-72.4045,-48.4143],[-72.3745,-48.4488],[-72.4408,-48.5135],[-72.5037,-48.5163],[-72.5654,-48.4833],[-72.0062,-48.824],[-71.4002,-49.1933],[-70.5808,-49.2039],[-69.7582,-49.2087],[-69.7386,-48.4863],[-69.7344,-48.3221],[-69.783,-48.307],[-70.2498,-47.8453],[-70.7689,-47.3199],[-71.5715,-47.3639],[-71.8919,-47.2273]]]}},{"type":"Feature","properties":{"zid":"78028"},"geometry":{"type":"Polygon","coordinates":[[[-72.5654,-48.4833],[-72.5857,-48.4873],[-72.5421,-48.6314],[-72.5322,-48.7976],[-72.6396,-48.8662],[-72.6884,-48.8648],[-72.6967,-48.8967],[-72.739,-48.9063],[-72.793,-48.9628],[-72.8506,-48.9661],[-72.9197,-48.9357],[-72.9932,-48.9994],[-73.0049,-49.0635],[-73.0449,-49.0809],[-73.0604,-49.1252],[-73.1406,-49.1803],[-73.1437,-49.271],[-73.4707,-49.2011],[-73.4967,-49.2683],[-73.4323,-49.3141],[-73.4276,-49.3936],[-73.4895,-49.4343],[-73.4638,-49.4825],[-73.5448,-49.5047],[-73.536,-49.564],[-73.4922,-49.5792],[-73.461,-49.6245],[-73.5061,-49.6662],[-73.5045,-49.7094],[-73.4388,-49.7578],[-73.4453,-49.7939],[-73.4965,-49.8144],[-73.4905,-49.8526],[-73.5474,-49.9461],[-73.5068,-49.963],[-73.5666,-50.0204],[-73.4993,-50.0443],[-73.4895,-50.0816],[-73.5349,-50.112],[-73.5222,-50.1578],[-73.5535,-50.1814],[-73.5654,-50.2707],[-73.4863,-50.3189],[-73.4571,-50.3918],[-73.4037,-50.4519],[-73.4278,-50.485],[-73.2887,-50.586],[-73.2363,-50.6665],[-73.1693,-50.6857],[-73.2255,-50.7193],[-73.2844,-50.7865],[-73.2571,-50.8249],[-73.2099,-50.822],[-73.1302,-50.7831],[-73.0063,-50.762],[-72.9552,-50.7377],[-72.8914,-50.6702],[-72.7898,-50.6326],[-72.7373,-50.6249],[-72.6681,-50.6593],[-72.596,-50.6814],[-72.5404,-50.6186],[-72.4904,-50.6003],[-72.4161,-50.6199],[-72.3595,-50.6171],[-72.2983,-50.6821],[-71.9257,-50.6959],[-71.2069,-50.7203],[-70.646,-50.7368],[-70.6301,-50.3745],[-70.6387,-50.3681],[-70.6311,-50.2193],[-70.6216,-50.2125],[-70.6018,-49.7318],[-70.5808,-49.2039],[-71.4002,-49.1933],[-72.0062,-48.824],[-72.5654,-48.4833]]]}},{"type":"Feature","properties":{"zid":"62035"},"geometry":{"type":"Polygon","coordinates":[[[-68.0026,-38.989],[-68.024,-38.9764],[-68.0931,-38.9924],[-68.1181,-38.9805],[-68.2074,-38.9712],[-68.2252,-38.9888],[-68.3039,-38.9872],[-68.4693,-39.0458],[-68.4974,-39.0684],[-68.5639,-39.0784],[-68.5947,-39.1202],[-68.6625,-39.178],[-68.6655,-39.2173],[-68.7546,-39.2696],[-68.7881,-39.278],[-68.8185,-39.3126],[-68.8198,-39.3689],[-68.8478,-39.393],[-68.921,-39.4248],[-68.9291,-39.459],[-68.9999,-39.5152],[-69.057,-39.5264],[-69.1073,-39.5147],[-69.1717,-39.5574],[-69.2801,-39.5987],[-69.2691,-39.6214],[-69.314,-39.6539],[-69.376,-39.7321],[-69.5281,-39.8144],[-69.5885,-39.8164],[-69.6273,-39.842],[-69.6992,-39.8481],[-69.7549,-39.876],[-69.7791,-40.2496],[-69.8079,-40.6651],[-69.3867,-40.4688],[-68.7863,-40.4284],[-68.5948,-40.1326],[-68.2315,-40.0731],[-67.8722,-39.8109],[-67.3628,-39.4669],[-67.001,-39.3777],[-66.5716,-39.2829],[-66.5655,-39.092],[-66.6391,-39.1016],[-66.6796,-39.1043],[-66.7496,-39.134],[-66.8173,-39.1334],[-66.8591,-39.1558],[-66.9349,-39.1538],[-67.0224,-39.1781],[-67.1291,-39.1573],[-67.1893,-39.1231],[-67.2544,-39.1126],[-67.2781,-39.0957],[-67.3286,-39.1032],[-67.3669,-39.0879],[-67.5066,-39.0833],[-67.5312,-39.0742],[-67.622,-39.111],[-67.6917,-39.094],[-67.7968,-39.0391],[-67.9145,-39.0066],[-68.0026,-38.989]]]}},{"type":"Feature","properties":{"zid":"62063"},"geometry":{"type":"Polygon","coordinates":[[[-64.5367,-38.8581],[-64.5998,-38.8578],[-64.6724,-38.8336],[-64.738,-38.8407],[-64.8095,-38.8161],[-64.8771,-38.8145],[-64.9264,-38.8329],[-64.9572,-38.8231],[-65.1689,-38.8022],[-65.2184,-38.8371],[-65.2262,-39.1267],[-65.2455,-39.8507],[-65,-39.8586],[-64,-39.8708],[-63.3824,-39.8719],[-63.3833,-39.3285],[-63.46,-39.3283],[-63.5389,-39.2982],[-63.558,-39.2614],[-63.6365,-39.2436],[-63.7112,-39.1982],[-63.7915,-39.1189],[-63.8194,-39.1265],[-63.8703,-39.096],[-63.8979,-39.107],[-63.9335,-39.0616],[-63.9986,-39.0356],[-64.0113,-39.0021],[-64.0495,-38.9996],[-64.1526,-38.9632],[-64.2301,-38.9241],[-64.3208,-38.9069],[-64.4472,-38.8678],[-64.5367,-38.8581]]]}},{"type":"Feature","properties":{"zid":"62007"},"geometry":{"type":"Polygon","coordinates":[[[-63.3808,-40.4086],[-63.8309,-40.4105],[-63.8453,-40.3903],[-63.9976,-40.5063],[-64.083,-40.4422],[-64.6015,-40.4389],[-64.6032,-40.8502],[-64.5434,-40.8644],[-64.3951,-40.9271],[-64.3114,-40.956],[-64.2062,-41.0098],[-64.1384,-41.0221],[-63.994,-41.0609],[-63.9226,-41.0921],[-63.8711,-41.1374],[-63.7886,-41.159],[-63.6018,-41.156],[-63.4373,-41.162],[-63.321,-41.1511],[-63.2291,-41.1592],[-63.1439,-41.1574],[-63.0533,-41.144],[-62.993,-41.1095],[-62.8845,-41.0794],[-62.7897,-41.0242],[-62.802,-40.9826],[-62.879,-40.8948],[-62.9156,-40.8697],[-62.9511,-40.8227],[-63.0327,-40.7931],[-63.0569,-40.7696],[-63.1921,-40.7167],[-63.2722,-40.7227],[-63.3414,-40.7006],[-63.3801,-40.6744],[-63.3808,-40.4086]]]}},{"type":"Feature","properties":{"zid":"62021"},"geometry":{"type":"Polygon","coordinates":[[[-71.2194,-41.0862],[-71.3062,-41.1001],[-71.3607,-41.0887],[-71.4564,-41.0417],[-71.5577,-41.0224],[-71.6076,-41.0349],[-71.7027,-41.0218],[-71.7853,-41.0188],[-71.8607,-41.0307],[-71.8179,-41.0621],[-71.8521,-41.0984],[-71.8394,-41.1495],[-71.8871,-41.161],[-71.8564,-41.2128],[-71.8769,-41.2965],[-71.9094,-41.3618],[-71.8651,-41.3977],[-71.8656,-41.4203],[-71.8298,-41.4831],[-71.8523,-41.5149],[-71.8305,-41.5603],[-71.8856,-41.6056],[-71.7845,-41.7347],[-71.7646,-41.8164],[-71.7935,-41.832],[-71.7732,-41.9377],[-71.7945,-41.9616],[-71.7581,-42],[-71.1749,-42],[-71.2401,-41.954],[-71.2258,-41.8558],[-71.3064,-41.8209],[-71.2666,-41.7335],[-71.2255,-41.6654],[-71.2295,-41.4998],[-71.2314,-41.3855],[-71.2172,-41.2965],[-71.1708,-41.2441],[-71.1563,-41.1822],[-71.1147,-41.1293],[-71.162,-41.0879],[-71.2194,-41.0862]]]}},{"type":"Feature","properties":{"zid":"58021"},"geometry":{"type":"Polygon","coordinates":[[[-70.6248,-39.0626],[-70.7171,-39.036],[-70.742,-39.0497],[-70.7273,-39.087],[-70.731,-39.1903],[-70.7478,-39.2412],[-70.7271,-39.275],[-70.7785,-39.3122],[-70.7858,-39.3604],[-70.8134,-39.3729],[-70.7581,-39.446],[-70.8367,-39.4868],[-70.837,-39.5117],[-70.9267,-39.5397],[-70.9579,-39.5226],[-70.9675,-39.5698],[-70.9351,-39.5944],[-70.9458,-39.6462],[-70.8858,-39.6787],[-70.9081,-39.7398],[-70.9327,-39.7668],[-70.8747,-39.7946],[-70.8621,-39.8612],[-70.8396,-39.8888],[-70.8101,-39.8742],[-70.8139,-39.8249],[-70.7314,-39.8896],[-70.6888,-39.8587],[-70.644,-39.8951],[-70.3477,-39.6782],[-70.1743,-39.8179],[-69.8369,-39.568],[-70.0281,-39.4154],[-69.8985,-39.3183],[-69.9453,-39.2829],[-70.0521,-39.2441],[-70.0615,-39.2123],[-70.15,-39.1908],[-70.233,-39.1951],[-70.2658,-39.1853],[-70.3156,-39.133],[-70.3781,-39.1279],[-70.4866,-39.0387],[-70.6001,-39.1229],[-70.6248,-39.0626]]]}},{"type":"Feature","properties":{"zid":"22007"},"geometry":{"type":"Polygon","coordinates":[[[-60.7998,-26.1149],[-61.2036,-26.109],[-61.1936,-25.5635],[-61.3938,-25.5603],[-61.3937,-25.4695],[-61.6273,-25.4668],[-62.2186,-25.4667],[-62.2187,-24.8301],[-62.7158,-24.8309],[-63.0706,-25.2437],[-63.0743,-25.248],[-63.4224,-25.6492],[-63.1924,-25.6491],[-62.5355,-25.6513],[-62.0128,-25.6549],[-61.7118,-25.6547],[-61.7122,-26.2345],[-61.7125,-26.6536],[-61.3322,-26.6583],[-60.99,-26.6613],[-60.9301,-26.6618],[-60.9002,-26.6768],[-60.7888,-26.4255],[-60.8045,-26.4199],[-60.7998,-26.1149]]]}},{"type":"Feature","properties":{"zid":"58028"},"geometry":{"type":"Polygon","coordinates":[[[-69.5281,-39.8144],[-69.8369,-39.568],[-70.1743,-39.8179],[-70.3477,-39.6782],[-70.644,-39.8951],[-70.6888,-39.8587],[-70.7314,-39.8896],[-70.8139,-39.8249],[-70.8101,-39.8742],[-70.8396,-39.8888],[-70.8393,-40.026],[-70.8153,-40.0622],[-70.7635,-40.0967],[-70.7372,-40.1449],[-70.6415,-40.2339],[-70.6709,-40.2817],[-70.657,-40.305],[-70.693,-40.3563],[-70.651,-40.4544],[-70.6026,-40.4962],[-70.5322,-40.5045],[-70.462,-40.5134],[-70.4284,-40.5354],[-70.2799,-40.5029],[-70.1895,-40.4942],[-70.1681,-40.4743],[-70.1749,-40.4276],[-70.103,-40.4057],[-70.0627,-40.3746],[-70.0501,-40.3022],[-70.0588,-40.249],[-69.985,-40.1788],[-69.9503,-40.179],[-69.9707,-40.121],[-69.9948,-40.1031],[-70.0054,-40.0474],[-69.9707,-39.9775],[-69.9328,-39.9449],[-69.8659,-39.9109],[-69.7549,-39.876],[-69.6992,-39.8481],[-69.6273,-39.842],[-69.5885,-39.8164],[-69.5281,-39.8144]]]}},{"type":"Feature","properties":{"zid":"26042"},"geometry":{"type":"Polygon","coordinates":[[[-65.4444,-42.859],[-65.9336,-42.8705],[-67.1572,-42.8923],[-67.1468,-43.3423],[-66.5304,-43.333],[-66.5153,-43.7829],[-66.4506,-43.7814],[-65.3981,-43.7576],[-65.4444,-42.859]]]}},{"type":"Feature","properties":{"zid":"86161"},"geometry":{"type":"Polygon","coordinates":[[[-63.6605,-27.8176],[-63.6743,-27.7516],[-63.7415,-27.7331],[-63.8333,-27.7333],[-63.833,-27.6805],[-63.8798,-27.6558],[-63.9342,-27.6975],[-63.9339,-27.7364],[-64.0697,-27.7545],[-64.0854,-27.7399],[-64.2076,-27.8118],[-64.1699,-27.8616],[-64.1432,-27.9164],[-64.1036,-27.9653],[-64.1098,-27.9726],[-64.041,-27.9612],[-64.0464,-27.9854],[-63.9565,-28.0009],[-63.9238,-27.967],[-63.7346,-28.0031],[-63.6892,-27.9839],[-63.6564,-27.8338],[-63.6605,-27.8176]]]}},{"type":"Feature","properties":{"zid":"86049"},"geometry":{"type":"Polygon","coordinates":[[[-64.2076,-27.8118],[-64.3095,-27.7328],[-64.3702,-27.636],[-64.4062,-27.6076],[-64.4382,-27.6043],[-64.5229,-27.7059],[-64.5333,-27.6662],[-64.6233,-27.6499],[-64.6266,-27.6664],[-64.7037,-27.6565],[-64.7135,-27.776],[-64.7094,-27.8258],[-64.6525,-27.836],[-64.6598,-27.8879],[-64.5579,-27.8924],[-64.5459,-27.9361],[-64.5824,-28.0923],[-64.6043,-28.0886],[-64.621,-28.1659],[-64.4841,-28.1898],[-64.4515,-28.196],[-64.4349,-28.1161],[-64.4019,-28.1218],[-64.4144,-28.0625],[-64.2453,-28.0935],[-64.2218,-27.9908],[-64.1036,-27.9653],[-64.1432,-27.9164],[-64.1699,-27.8616],[-64.2076,-27.8118]]]}},{"type":"Feature","properties":{"zid":"86105"},"geometry":{"type":"Polygon","coordinates":[[[-63.8513,-28.3911],[-63.951,-28.3777],[-63.9657,-28.3482],[-64.0519,-28.3285],[-64.0825,-28.2763],[-64.0826,-28.2489],[-64.1781,-28.2826],[-64.1886,-28.3063],[-64.2631,-28.3408],[-64.4907,-28.3713],[-64.4535,-28.4043],[-64.5576,-28.3858],[-64.5896,-28.4198],[-64.6005,-28.4676],[-64.5459,-28.4776],[-64.5542,-28.5162],[-64.5125,-28.5243],[-64.5235,-28.5719],[-64.5493,-28.5673],[-64.5668,-28.6728],[-64.5347,-28.6785],[-64.5133,-28.7171],[-64.5449,-28.8957],[-64.5343,-28.8974],[-64.559,-29.0158],[-64.5136,-29.0344],[-64.2661,-29.0373],[-64.194,-28.7596],[-64.2344,-28.6824],[-64.217,-28.6051],[-64.1608,-28.6034],[-64.1553,-28.5775],[-64.0435,-28.5938],[-64.0197,-28.4881],[-63.8513,-28.3911]]]}},{"type":"Feature","properties":{"zid":"06168"},"geometry":{"type":"Polygon","coordinates":[[[-57.365,-35.746],[-57.3989,-35.7452],[-57.4237,-35.7826],[-57.4758,-35.7835],[-57.4896,-35.8115],[-57.5248,-35.8383],[-57.574,-35.8548],[-57.5889,-35.8307],[-57.7131,-35.8419],[-57.7226,-35.9134],[-57.9273,-35.9892],[-57.9574,-36.0278],[-58.0043,-36.0421],[-57.9668,-36.0646],[-58.041,-36.1261],[-58.0932,-36.1548],[-57.9597,-36.2529],[-57.9717,-36.264],[-57.8835,-36.3021],[-57.872,-36.2669],[-57.8159,-36.2784],[-57.7845,-36.1781],[-57.671,-36.2033],[-57.6451,-36.1071],[-57.5288,-36.1285],[-57.4179,-36.1576],[-57.2092,-36.1962],[-57.2782,-36.1302],[-57.3796,-35.9616],[-57.3897,-35.8528],[-57.365,-35.746]]]}},{"type":"Feature","properties":{"zid":"06028"},"geometry":{"type":"Polygon","coordinates":[[[-58.3098,-34.7934],[-58.3366,-34.7544],[-58.4305,-34.8172],[-58.413,-34.8736],[-58.3964,-34.9099],[-58.3125,-34.8748],[-58.2925,-34.8549],[-58.3328,-34.8057],[-58.3098,-34.7934]]]}},{"type":"Feature","properties":{"zid":"06648"},"geometry":{"type":"Polygon","coordinates":[[[-58.3125,-34.8748],[-58.3964,-34.9099],[-58.413,-34.8736],[-58.4919,-34.9276],[-58.4919,-34.9302],[-58.4304,-34.9781],[-58.3163,-34.9263],[-58.2809,-34.9076],[-58.3125,-34.8748]]]}},{"type":"Feature","properties":{"zid":"82021"},"geometry":{"type":"Polygon","coordinates":[[[-61.2098,-30.748],[-61.4231,-30.7117],[-61.4381,-30.7761],[-61.6553,-30.7375],[-61.6661,-30.7825],[-61.8441,-30.7506],[-61.9654,-31.1235],[-62.1235,-31.6054],[-62.1397,-31.6183],[-62.0221,-31.64],[-62.0303,-31.6736],[-61.7082,-31.731],[-61.7127,-31.7496],[-61.6137,-31.7677],[-61.5414,-31.7676],[-61.4993,-31.5883],[-61.45,-31.597],[-61.4293,-31.5329],[-61.3916,-31.5393],[-61.3598,-31.3941],[-61.3272,-31.2735],[-61.2664,-30.9954],[-61.2098,-30.748]]]}},{"type":"Feature","properties":{"zid":"06119"},"geometry":{"type":"Polygon","coordinates":[[[-57.9681,-35.1597],[-58.0541,-35.2368],[-58.0775,-35.22],[-58.0181,-35.1681],[-58.1018,-35.1012],[-58.1773,-35.0572],[-58.1204,-35.0044],[-58.1614,-34.9718],[-58.2466,-35.0483],[-58.2363,-35.0583],[-58.3388,-35.1485],[-58.3527,-35.1379],[-58.443,-35.2162],[-58.2467,-35.3654],[-58.2193,-35.408],[-58.1868,-35.3826],[-58.155,-35.4083],[-58.1386,-35.4204],[-58.045,-35.3347],[-58.0358,-35.344],[-57.8901,-35.2221],[-57.9681,-35.1597]]]}},{"type":"Feature","properties":{"zid":"06147"},"geometry":{"type":"Polygon","coordinates":[[[-61.5319,-35.3786],[-61.7247,-35.5374],[-61.6489,-35.5839],[-61.5744,-35.6431],[-61.6012,-35.6645],[-61.5028,-35.7454],[-61.6361,-35.8527],[-61.5437,-35.929],[-61.56,-35.9428],[-61.4361,-36.0392],[-61.3934,-36.0718],[-61.3332,-36.0214],[-61.2698,-36.0711],[-61.0353,-35.8767],[-61.1017,-35.8248],[-61.0319,-35.7656],[-61.1968,-35.6355],[-61.1875,-35.6274],[-61.2726,-35.5601],[-61.288,-35.5728],[-61.5319,-35.3786]]]}},{"type":"Feature","properties":{"zid":"06154"},"geometry":{"type":"Polygon","coordinates":[[[-62.2706,-35.1518],[-62.2852,-35.1638],[-62.4714,-35.0107],[-62.5486,-35.0739],[-62.6106,-35.0227],[-62.8996,-35.2593],[-62.8641,-35.2885],[-62.8932,-35.3113],[-62.8465,-35.3505],[-62.8731,-35.3716],[-62.8038,-35.4295],[-62.7777,-35.4087],[-62.6853,-35.4856],[-62.6238,-35.5507],[-62.3386,-35.7841],[-62.0983,-35.5916],[-62.13,-35.5654],[-62.0502,-35.5012],[-61.9881,-35.5522],[-61.9063,-35.4856],[-62.1493,-35.2839],[-62.225,-35.2141],[-62.21,-35.2019],[-62.2706,-35.1518]]]}},{"type":"Feature","properties":{"zid":"06854"},"geometry":{"type":"Polygon","coordinates":[[[-59.8222,-35.1768],[-59.8704,-35.1526],[-59.8994,-35.1172],[-59.9744,-35.1327],[-60.0211,-35.108],[-60.235,-35.2959],[-60.3231,-35.2297],[-60.528,-35.4103],[-60.4449,-35.4733],[-60.6861,-35.6854],[-60.8679,-35.84],[-60.6954,-35.9688],[-60.6381,-35.9211],[-60.5311,-36.0005],[-60.4852,-35.9906],[-60.462,-35.9503],[-60.4171,-35.9282],[-60.2139,-35.7562],[-60.1167,-35.6644],[-60.0592,-35.7095],[-60.0251,-35.6959],[-60.0348,-35.6553],[-60.0084,-35.5799],[-60.028,-35.5526],[-60.0049,-35.5289],[-59.9301,-35.4882],[-59.8884,-35.481],[-59.8227,-35.4965],[-59.775,-35.4785],[-59.7687,-35.451],[-59.8254,-35.4074],[-59.7555,-35.3467],[-59.7129,-35.3788],[-59.6425,-35.3166],[-59.5858,-35.36],[-59.5061,-35.2893],[-59.5525,-35.2549],[-59.5436,-35.2034],[-59.5823,-35.1778],[-59.6211,-35.2006],[-59.7214,-35.2227],[-59.7771,-35.1729],[-59.8222,-35.1768]]]}},{"type":"Feature","properties":{"zid":"06588"},"geometry":{"type":"Polygon","coordinates":[[[-60.528,-35.4103],[-60.87,-35.1458],[-60.9846,-35.2466],[-61.0625,-35.1868],[-61.155,-35.2642],[-61.2782,-35.1659],[-61.3009,-35.1852],[-61.5319,-35.3786],[-61.288,-35.5728],[-61.2726,-35.5601],[-61.1875,-35.6274],[-61.1968,-35.6355],[-61.0319,-35.7656],[-61.1017,-35.8248],[-61.0353,-35.8767],[-60.9697,-35.9266],[-60.8679,-35.84],[-60.6861,-35.6854],[-60.4449,-35.4733],[-60.528,-35.4103]]]}},{"type":"Feature","properties":{"zid":"06609"},"geometry":{"type":"Polygon","coordinates":[[[-61.7247,-35.5374],[-61.7833,-35.5854],[-61.9063,-35.4856],[-61.9881,-35.5522],[-62.0502,-35.5012],[-62.13,-35.5654],[-62.0983,-35.5916],[-62.3386,-35.7841],[-62.4311,-35.8588],[-62.0824,-36.1523],[-62.2055,-36.2496],[-62.1789,-36.2719],[-62.1443,-36.2455],[-62.0482,-36.3259],[-62.015,-36.3006],[-61.9744,-36.3336],[-61.9212,-36.2884],[-61.9448,-36.2686],[-61.7726,-36.1386],[-61.7424,-36.1621],[-61.6891,-36.1403],[-61.6164,-36.0916],[-61.5967,-36.1073],[-61.4915,-36.0191],[-61.4361,-36.0392],[-61.56,-35.9428],[-61.5437,-35.929],[-61.6361,-35.8527],[-61.5028,-35.7454],[-61.6012,-35.6645],[-61.5744,-35.6431],[-61.6489,-35.5839],[-61.7247,-35.5374]]]}},{"type":"Feature","properties":{"zid":"06826"},"geometry":{"type":"Polygon","coordinates":[[[-62.3386,-35.7841],[-62.6238,-35.5507],[-62.9325,-35.7983],[-62.9236,-35.8052],[-63.2037,-36.0331],[-62.9397,-36.2488],[-62.6257,-36.5024],[-62.6076,-36.5614],[-62.4733,-36.4572],[-62.2055,-36.2496],[-62.0824,-36.1523],[-62.4311,-35.8588],[-62.3386,-35.7841]]]}},{"type":"Feature","properties":{"zid":"06301"},"geometry":{"type":"Polygon","coordinates":[[[-59.0344,-35.5649],[-59.0312,-35.6048],[-59.143,-35.6256],[-59.1398,-35.6662],[-58.9738,-35.8172],[-58.9567,-35.8032],[-58.8918,-35.8402],[-58.7292,-35.9675],[-58.749,-35.9847],[-58.7075,-36.0173],[-58.5719,-36.121],[-58.3289,-35.8997],[-58.2825,-35.8607],[-58.3353,-35.8633],[-58.4548,-35.7612],[-58.4362,-35.7331],[-58.4414,-35.7029],[-58.4865,-35.7069],[-58.4935,-35.743],[-58.6221,-35.7502],[-58.716,-35.7217],[-58.7578,-35.7567],[-58.788,-35.701],[-58.8436,-35.6814],[-58.8437,-35.6508],[-58.8766,-35.6401],[-58.9076,-35.5941],[-58.934,-35.6233],[-58.9761,-35.5891],[-59.0013,-35.5956],[-59.0344,-35.5649]]]}},{"type":"Feature","properties":{"zid":"06547"},"geometry":{"type":"Polygon","coordinates":[[[-58.5821,-35.4214],[-58.6631,-35.355],[-58.7074,-35.3351],[-58.6783,-35.3045],[-58.7467,-35.2527],[-58.7708,-35.274],[-58.8118,-35.2424],[-58.9251,-35.3417],[-59.0254,-35.3523],[-59.1203,-35.4308],[-59.0132,-35.4775],[-59.0118,-35.5113],[-59.0474,-35.5284],[-59.0344,-35.5649],[-59.0013,-35.5956],[-58.9761,-35.5891],[-58.934,-35.6233],[-58.9076,-35.5941],[-58.8766,-35.6401],[-58.8437,-35.6508],[-58.8436,-35.6814],[-58.788,-35.701],[-58.7578,-35.7567],[-58.716,-35.7217],[-58.6221,-35.7502],[-58.4935,-35.743],[-58.4865,-35.7069],[-58.4994,-35.6451],[-58.5687,-35.5959],[-58.4705,-35.5119],[-58.5821,-35.4214]]]}},{"type":"Feature","properties":{"zid":"06693"},"geometry":{"type":"Polygon","coordinates":[[[-59.1203,-35.4308],[-59.1937,-35.3984],[-59.2629,-35.3907],[-59.2983,-35.3642],[-59.3596,-35.351],[-59.4013,-35.2929],[-59.4436,-35.3035],[-59.5061,-35.2893],[-59.5858,-35.36],[-59.6425,-35.3166],[-59.7129,-35.3788],[-59.7555,-35.3467],[-59.8254,-35.4074],[-59.7687,-35.451],[-59.775,-35.4785],[-59.6949,-35.4748],[-59.5892,-35.4569],[-59.5233,-35.4571],[-59.473,-35.494],[-59.3662,-35.5373],[-59.4126,-35.5861],[-59.3266,-35.6427],[-59.1814,-35.7555],[-59.1796,-35.7217],[-59.1311,-35.6982],[-59.1398,-35.6662],[-59.143,-35.6256],[-59.0312,-35.6048],[-59.0344,-35.5649],[-59.0474,-35.5284],[-59.0118,-35.5113],[-59.0132,-35.4775],[-59.1203,-35.4308]]]}},{"type":"Feature","properties":{"zid":"06595"},"geometry":{"type":"Polygon","coordinates":[[[-60.1614,-36.7197],[-60.2856,-36.6199],[-60.3265,-36.6525],[-60.4781,-36.5297],[-60.4384,-36.4978],[-60.5381,-36.4177],[-60.65,-36.3429],[-60.7288,-36.4027],[-60.7628,-36.3786],[-60.8731,-36.4665],[-60.8962,-36.4513],[-61.2548,-36.735],[-61.4235,-36.8646],[-61.2565,-37.0003],[-61.011,-37.2035],[-60.8145,-37.0512],[-60.716,-37.1283],[-60.7317,-37.1402],[-60.4717,-37.3492],[-60.4372,-37.3768],[-60.2775,-37.2495],[-60.2006,-37.178],[-60.1264,-37.0968],[-60.1036,-37.0161],[-60.1067,-36.9808],[-60.0234,-36.9153],[-60.0212,-36.8526],[-60.0014,-36.8355],[-60.0927,-36.7642],[-60.1614,-36.7197]]]}},{"type":"Feature","properties":{"zid":"06539"},"geometry":{"type":"Polygon","coordinates":[[[-58.6674,-34.686],[-58.729,-34.6348],[-58.7575,-34.6605],[-58.8343,-34.6862],[-58.8603,-34.6852],[-58.8643,-34.6984],[-58.7502,-34.7776],[-58.7039,-34.7787],[-58.641,-34.7045],[-58.6674,-34.686]]]}},{"type":"Feature","properties":{"zid":"06260"},"geometry":{"type":"Polygon","coordinates":[[[-58.5008,-34.723],[-58.5205,-34.7411],[-58.5023,-34.87],[-58.5103,-34.9017],[-58.4919,-34.9276],[-58.413,-34.8736],[-58.4305,-34.8172],[-58.5008,-34.723]]]}},{"type":"Feature","properties":{"zid":"06077"},"geometry":{"type":"Polygon","coordinates":[[[-60.0244,-33.8266],[-60.0827,-33.8093],[-60.1074,-33.8169],[-60.1564,-33.7455],[-60.1966,-33.8246],[-60.2315,-33.8698],[-60.2375,-34.0111],[-60.1963,-34.0514],[-60.1671,-34.0606],[-60.1832,-34.1307],[-60.2068,-34.1719],[-60.2029,-34.2039],[-60.0396,-34.2686],[-59.9948,-34.2235],[-59.9811,-34.1828],[-59.9855,-34.0859],[-59.9064,-34.0776],[-59.8474,-34.0544],[-59.8113,-34.0152],[-59.7793,-34.0134],[-59.7864,-34.0112],[-60.0244,-33.8266]]]}},{"type":"Feature","properties":{"zid":"06140"},"geometry":{"type":"Polygon","coordinates":[[[-59.6761,-34.1667],[-59.7223,-34.1311],[-59.706,-34.1069],[-59.7537,-34.0158],[-59.7474,-33.9977],[-59.7793,-34.0134],[-59.8113,-34.0152],[-59.8474,-34.0544],[-59.9064,-34.0776],[-59.9855,-34.0859],[-59.9811,-34.1828],[-59.9948,-34.2235],[-60.0396,-34.2686],[-59.9708,-34.2865],[-59.8952,-34.2364],[-59.8739,-34.2643],[-59.7816,-34.2193],[-59.6761,-34.1667]]]}},{"type":"Feature","properties":{"zid":"06161"},"geometry":{"type":"Polygon","coordinates":[[[-59.6753,-34.4041],[-59.6974,-34.2883],[-59.7816,-34.2193],[-59.8739,-34.2643],[-59.8952,-34.2364],[-59.9708,-34.2865],[-60.0044,-34.3289],[-60.065,-34.3827],[-60.0841,-34.3675],[-60.1426,-34.4188],[-60.0836,-34.4698],[-60.098,-34.4829],[-60.0147,-34.5469],[-59.9747,-34.5104],[-59.9093,-34.5612],[-59.9332,-34.5813],[-59.8846,-34.6194],[-59.7549,-34.5183],[-59.7351,-34.4778],[-59.7676,-34.4528],[-59.6753,-34.4041]]]}},{"type":"Feature","properties":{"zid":"06714"},"geometry":{"type":"Polygon","coordinates":[[[-60.2375,-34.0111],[-60.3124,-34.0015],[-60.4142,-34.0935],[-60.4964,-34.1765],[-60.4708,-34.1974],[-60.4906,-34.2312],[-60.5467,-34.2772],[-60.5359,-34.332],[-60.5783,-34.3922],[-60.5598,-34.4064],[-60.5169,-34.4392],[-60.489,-34.4151],[-60.404,-34.48],[-60.3741,-34.4549],[-60.3191,-34.4972],[-60.2458,-34.4319],[-60.2112,-34.4596],[-60.1426,-34.4188],[-60.0841,-34.3675],[-60.065,-34.3827],[-60.0044,-34.3289],[-59.9708,-34.2865],[-60.0396,-34.2686],[-60.2029,-34.2039],[-60.2068,-34.1719],[-60.1832,-34.1307],[-60.1671,-34.0606],[-60.1963,-34.0514],[-60.2375,-34.0111]]]}},{"type":"Feature","properties":{"zid":"06266"},"geometry":{"type":"Polygon","coordinates":[[[-59.1031,-34.2001],[-59.2388,-34.1797],[-59.3123,-34.161],[-59.3708,-34.2065],[-59.3748,-34.2387],[-59.2987,-34.2643],[-59.3098,-34.2898],[-59.2525,-34.3216],[-59.1967,-34.3737],[-59.1323,-34.4233],[-59.0977,-34.4643],[-59.0563,-34.4282],[-58.993,-34.3793],[-58.9803,-34.3506],[-58.9197,-34.381],[-58.9772,-34.3206],[-59.0143,-34.2956],[-59.1031,-34.2001]]]}},{"type":"Feature","properties":{"zid":"06760"},"geometry":{"type":"Polygon","coordinates":[[[-58.6064,-34.5345],[-58.6466,-34.5014],[-58.6891,-34.5302],[-58.7209,-34.5182],[-58.776,-34.5571],[-58.7134,-34.6056],[-58.6939,-34.5937],[-58.6463,-34.5629],[-58.6192,-34.5467],[-58.6064,-34.5345]]]}},{"type":"Feature","properties":{"zid":"06728"},"geometry":{"type":"Polygon","coordinates":[[[-59.1967,-34.3737],[-59.2525,-34.3216],[-59.3098,-34.2898],[-59.2987,-34.2643],[-59.3748,-34.2387],[-59.4226,-34.2826],[-59.5427,-34.3505],[-59.6066,-34.4061],[-59.6446,-34.4175],[-59.6753,-34.4041],[-59.7676,-34.4528],[-59.7351,-34.4778],[-59.7549,-34.5183],[-59.673,-34.5826],[-59.6324,-34.615],[-59.5688,-34.5606],[-59.5237,-34.5969],[-59.4722,-34.5772],[-59.3385,-34.5085],[-59.2177,-34.4466],[-59.2396,-34.416],[-59.1967,-34.3737]]]}},{"type":"Feature","properties":{"zid":"06413"},"geometry":{"type":"Polygon","coordinates":[[[-60.6772,-34.5094],[-60.7531,-34.4396],[-60.9027,-34.3261],[-60.9664,-34.3458],[-61.0416,-34.2833],[-61.0701,-34.3072],[-61.0981,-34.2845],[-61.1288,-34.3255],[-61.1766,-34.3662],[-61.1941,-34.4227],[-61.2697,-34.406],[-61.3292,-34.4531],[-61.3555,-34.4739],[-61.2752,-34.5412],[-61.3385,-34.5922],[-61.2047,-34.7025],[-61.2226,-34.7174],[-61.1512,-34.7772],[-61.0482,-34.6929],[-60.904,-34.8108],[-60.8492,-34.763],[-60.8157,-34.7897],[-60.7645,-34.741],[-60.7955,-34.7175],[-60.714,-34.6471],[-60.7584,-34.6308],[-60.6467,-34.533],[-60.6772,-34.5094]]]}},{"type":"Feature","properties":{"zid":"82126"},"geometry":{"type":"Polygon","coordinates":[[[-61.5414,-31.7676],[-61.6137,-31.7677],[-61.7127,-31.7496],[-61.7082,-31.731],[-62.0303,-31.6736],[-62.0221,-31.64],[-62.1397,-31.6183],[-62.2417,-31.6997],[-62.2181,-31.7406],[-62.2235,-31.8839],[-62.1889,-31.9223],[-62.1678,-31.986],[-62.1821,-32.0637],[-62.1968,-32.1148],[-62.1789,-32.1594],[-62.1277,-32.2092],[-62.0425,-32.2584],[-62.0123,-32.3455],[-61.9037,-32.3275],[-61.9124,-32.3072],[-61.4952,-32.3833],[-61.448,-32.2],[-61.3919,-32.2103],[-61.3554,-32.0827],[-61.3781,-31.9891],[-61.3478,-31.8666],[-61.3928,-31.858],[-61.3976,-31.8784],[-61.5588,-31.8501],[-61.5414,-31.7676]]]}},{"type":"Feature","properties":{"zid":"26070"},"geometry":{"type":"Polygon","coordinates":[[[-67.7627,-43.3485],[-69.5512,-43.3478],[-69.5229,-43.7983],[-69.5013,-44.143],[-69.9391,-44.6885],[-69.6281,-44.691],[-68.3666,-44.6959],[-67.7434,-44.6983],[-67.7627,-43.3485]]]}},{"type":"Feature","properties":{"zid":"50126"},"geometry":{"type":"Polygon","coordinates":[[[-68.8035,-33.3947],[-68.8517,-33.3655],[-68.9219,-33.3392],[-68.916,-33.2941],[-68.9964,-33.2716],[-69.1091,-33.1999],[-69.1427,-33.1918],[-69.1689,-33.1487],[-69.2151,-33.1005],[-69.2746,-33.063],[-69.3417,-33.0552],[-69.3845,-33.0632],[-69.4163,-33.0446],[-69.4406,-33.0076],[-69.5164,-33.0356],[-69.7614,-33.3333],[-69.7692,-33.3428],[-69.77,-33.3595],[-69.3782,-33.4021],[-69.2361,-33.4714],[-68.9989,-33.5426],[-68.9849,-33.5005],[-68.9452,-33.4747],[-68.8844,-33.4566],[-68.8766,-33.4351],[-68.8035,-33.3947]]]}},{"type":"Feature","properties":{"zid":"90105"},"geometry":{"type":"Polygon","coordinates":[[[-65.7089,-26.5175],[-65.7304,-26.6028],[-65.7755,-26.6406],[-65.7585,-26.6679],[-65.7109,-26.6911],[-65.6925,-26.7381],[-65.6418,-26.7531],[-65.614,-26.7291],[-65.5453,-26.7641],[-65.5158,-26.7481],[-65.4584,-26.7734],[-65.4443,-26.7998],[-65.355,-26.7623],[-65.3597,-26.7255],[-65.2701,-26.7436],[-65.2497,-26.7842],[-65.1643,-26.7944],[-65.1573,-26.7564],[-65.1737,-26.6555],[-65.1688,-26.6067],[-65.1912,-26.5537],[-65.2284,-26.5592],[-65.237,-26.5974],[-65.262,-26.6108],[-65.3305,-26.6103],[-65.3922,-26.62],[-65.4795,-26.5791],[-65.5147,-26.5463],[-65.5657,-26.5354],[-65.6221,-26.5551],[-65.6464,-26.5275],[-65.7089,-26.5175]]]}},{"type":"Feature","properties":{"zid":"90119"},"geometry":{"type":"Polygon","coordinates":[[[-65.2497,-26.7842],[-65.2701,-26.7436],[-65.3597,-26.7255],[-65.355,-26.7623],[-65.4443,-26.7998],[-65.4371,-26.8271],[-65.3805,-26.8399],[-65.3696,-26.8202],[-65.2706,-26.8361],[-65.2497,-26.7842]]]}},{"type":"Feature","properties":{"zid":"90063"},"geometry":{"type":"Polygon","coordinates":[[[-65.4443,-26.7998],[-65.4584,-26.7734],[-65.5158,-26.7481],[-65.5453,-26.7641],[-65.614,-26.7291],[-65.6418,-26.7531],[-65.6617,-26.8096],[-65.6252,-26.8398],[-65.4979,-26.866],[-65.4489,-26.9012],[-65.4474,-26.9224],[-65.3755,-26.9659],[-65.346,-27.0212],[-65.3242,-27.0331],[-65.2929,-27.0078],[-65.3094,-26.9789],[-65.2974,-26.9266],[-65.2516,-26.9727],[-65.246,-26.9975],[-65.2152,-26.9522],[-65.2139,-26.9093],[-65.23,-26.8768],[-65.2713,-26.8667],[-65.2706,-26.8361],[-65.3696,-26.8202],[-65.3805,-26.8399],[-65.4371,-26.8271],[-65.4443,-26.7998]]]}},{"type":"Feature","properties":{"zid":"90084"},"geometry":{"type":"Polygon","coordinates":[[[-65.1643,-26.7944],[-65.2497,-26.7842],[-65.2706,-26.8361],[-65.2713,-26.8667],[-65.23,-26.8768],[-65.2139,-26.9093],[-65.1635,-26.8235],[-65.1643,-26.7944]]]}},{"type":"Feature","properties":{"zid":"90028"},"geometry":{"type":"Polygon","coordinates":[[[-65.3242,-27.0331],[-65.346,-27.0212],[-65.3755,-26.9659],[-65.4474,-26.9224],[-65.4489,-26.9012],[-65.4979,-26.866],[-65.6252,-26.8398],[-65.6415,-26.8952],[-65.5937,-26.906],[-65.576,-26.9522],[-65.5082,-27.002],[-65.4786,-27.0436],[-65.4873,-27.0889],[-65.4265,-27.1277],[-65.39,-27.0887],[-65.3579,-27.1072],[-65.3242,-27.0331]]]}},{"type":"Feature","properties":{"zid":"06532"},"geometry":{"type":"Polygon","coordinates":[[[-59.1681,-34.7994],[-59.2559,-34.6856],[-59.2413,-34.6773],[-59.2624,-34.6201],[-59.3385,-34.5085],[-59.4722,-34.5772],[-59.5237,-34.5969],[-59.5688,-34.5606],[-59.6324,-34.615],[-59.673,-34.5826],[-59.7164,-34.62],[-59.5906,-34.7201],[-59.5259,-34.7648],[-59.4913,-34.8029],[-59.5226,-34.8288],[-59.4665,-34.8726],[-59.4087,-34.8424],[-59.3732,-34.8911],[-59.2894,-34.8217],[-59.2787,-34.8343],[-59.2045,-34.7962],[-59.1681,-34.7994]]]}},{"type":"Feature","properties":{"zid":"06638"},"geometry":{"type":"Polygon","coordinates":[[[-58.9008,-34.3109],[-58.9174,-34.328],[-58.9197,-34.381],[-58.9803,-34.3506],[-58.993,-34.3793],[-59.0563,-34.4282],[-59.0105,-34.4883],[-58.9619,-34.5337],[-58.9284,-34.5162],[-58.8851,-34.5771],[-58.856,-34.5581],[-58.8236,-34.5082],[-58.7845,-34.4761],[-58.7373,-34.4564],[-58.7775,-34.4048],[-58.817,-34.4154],[-58.9008,-34.3109]]]}},{"type":"Feature","properties":{"zid":"06497"},"geometry":{"type":"Polygon","coordinates":[[[-59.0563,-34.4282],[-59.0977,-34.4643],[-59.1323,-34.4233],[-59.1967,-34.3737],[-59.2396,-34.416],[-59.2177,-34.4466],[-59.3385,-34.5085],[-59.2624,-34.6201],[-59.2413,-34.6773],[-59.2559,-34.6856],[-59.1681,-34.7994],[-59.165,-34.8035],[-59.0912,-34.7192],[-59.1361,-34.6589],[-58.9866,-34.5774],[-58.9619,-34.5337],[-59.0105,-34.4883],[-59.0563,-34.4282]]]}},{"type":"Feature","properties":{"zid":"90098"},"geometry":{"type":"Polygon","coordinates":[[[-65.719,-26.3527],[-66,-26.264],[-66.0998,-26.2205],[-66.0941,-26.2486],[-66.1191,-26.2674],[-66.1143,-26.3436],[-66.124,-26.3866],[-66.1558,-26.3973],[-66.1537,-26.4365],[-66.1768,-26.4847],[-66.1639,-26.5383],[-66.1761,-26.5778],[-66.1712,-26.6312],[-66.0422,-26.6004],[-65.8343,-26.7366],[-65.8576,-26.7663],[-65.8935,-26.841],[-65.8882,-26.8807],[-65.8576,-26.9013],[-65.8898,-26.9698],[-65.8615,-26.9833],[-65.8151,-27.0647],[-65.7526,-27.039],[-65.7124,-26.9722],[-65.6533,-26.9448],[-65.6632,-26.9102],[-65.6415,-26.8952],[-65.6252,-26.8398],[-65.6617,-26.8096],[-65.6418,-26.7531],[-65.6925,-26.7381],[-65.7109,-26.6911],[-65.7585,-26.6679],[-65.7755,-26.6406],[-65.7304,-26.6028],[-65.7089,-26.5175],[-65.6997,-26.4868],[-65.7197,-26.4267],[-65.719,-26.3527]]]}},{"type":"Feature","properties":{"zid":"90112"},"geometry":{"type":"Polygon","coordinates":[[[-65.0378,-26.2903],[-65.0508,-26.231],[-65.2721,-26.1732],[-65.2951,-26.0962],[-65.363,-26.0587],[-65.4328,-26.1101],[-65.5046,-26.09],[-65.5516,-26.0878],[-65.603,-26.1211],[-65.6885,-26.1173],[-65.6946,-26.1829],[-65.7117,-26.2134],[-65.7028,-26.2416],[-65.7228,-26.2798],[-65.7072,-26.2974],[-65.719,-26.3527],[-65.7197,-26.4267],[-65.6997,-26.4868],[-65.7089,-26.5175],[-65.6464,-26.5275],[-65.6221,-26.5551],[-65.5657,-26.5354],[-65.5147,-26.5463],[-65.4795,-26.5791],[-65.3922,-26.62],[-65.3305,-26.6103],[-65.262,-26.6108],[-65.237,-26.5974],[-65.2284,-26.5592],[-65.1912,-26.5537],[-65.1673,-26.5536],[-65.1246,-26.5114],[-65.1024,-26.399],[-65.0466,-26.323],[-65.0378,-26.2903]]]}},{"type":"Feature","properties":{"zid":"90007"},"geometry":{"type":"Polygon","coordinates":[[[-64.4949,-26.2195],[-64.6678,-26.2427],[-64.7482,-26.2379],[-64.7822,-26.2234],[-64.8469,-26.2398],[-64.8734,-26.2749],[-64.9416,-26.3022],[-64.9725,-26.2744],[-65.0378,-26.2903],[-65.0466,-26.323],[-65.1024,-26.399],[-65.1246,-26.5114],[-65.1673,-26.5536],[-65.1912,-26.5537],[-65.1688,-26.6067],[-65.1737,-26.6555],[-65.1573,-26.7564],[-65.1047,-26.7769],[-64.9479,-26.8067],[-64.9369,-26.7635],[-64.8797,-26.7739],[-64.894,-26.833],[-64.8521,-26.8409],[-64.846,-26.815],[-64.8052,-26.8225],[-64.7812,-26.8579],[-64.7249,-26.8675],[-64.7105,-26.8362],[-64.6777,-26.825],[-64.6722,-26.7942],[-64.6179,-26.8027],[-64.587,-26.6579],[-64.4986,-26.6736],[-64.5084,-26.554],[-64.5315,-26.3787],[-64.4818,-26.3076],[-64.5021,-26.2395],[-64.4949,-26.2195]]]}},{"type":"Feature","properties":{"zid":"06408"},"geometry":{"type":"Polygon","coordinates":[[[-58.616,-34.5887],[-58.6463,-34.5629],[-58.6939,-34.5937],[-58.6535,-34.6316],[-58.6218,-34.6332],[-58.616,-34.5887]]]}},{"type":"Feature","properties":{"zid":"90014"},"geometry":{"type":"Polygon","coordinates":[[[-64.7105,-26.8362],[-64.7249,-26.8675],[-64.7812,-26.8579],[-64.8052,-26.8225],[-64.846,-26.815],[-64.8521,-26.8409],[-64.894,-26.833],[-64.8797,-26.7739],[-64.9369,-26.7635],[-64.9479,-26.8067],[-65.1047,-26.7769],[-65.1573,-26.7564],[-65.1643,-26.7944],[-65.1635,-26.8235],[-65.2139,-26.9093],[-65.2152,-26.9522],[-65.246,-26.9975],[-65.123,-27.0244],[-65.0497,-27.0294],[-65.0465,-27.0151],[-64.8143,-27.0641],[-64.7812,-27.0766],[-64.7669,-27.0148],[-64.7426,-27.0044],[-64.7105,-26.8362]]]}},{"type":"Feature","properties":{"zid":"90056"},"geometry":{"type":"Polygon","coordinates":[[[-64.7812,-27.0766],[-64.8143,-27.0641],[-65.0465,-27.0151],[-65.0497,-27.0294],[-65.123,-27.0244],[-65.246,-26.9975],[-65.2516,-26.9727],[-65.2974,-26.9266],[-65.3094,-26.9789],[-65.2929,-27.0078],[-65.3242,-27.0331],[-65.3579,-27.1072],[-65.39,-27.0887],[-65.4265,-27.1277],[-65.3731,-27.1593],[-65.3644,-27.18],[-65.2739,-27.2825],[-65.2331,-27.3117],[-65.1934,-27.3618],[-65.0886,-27.4285],[-65.0962,-27.451],[-65.0498,-27.4619],[-65.0014,-27.4889],[-65.0089,-27.4837],[-64.9744,-27.3509],[-64.8543,-27.3183],[-64.8112,-27.1493],[-64.7985,-27.1508],[-64.7812,-27.0766]]]}},{"type":"Feature","properties":{"zid":"90070"},"geometry":{"type":"Polygon","coordinates":[[[-65.4265,-27.1277],[-65.4873,-27.0889],[-65.4786,-27.0436],[-65.5082,-27.002],[-65.576,-26.9522],[-65.5937,-26.906],[-65.6415,-26.8952],[-65.6632,-26.9102],[-65.6533,-26.9448],[-65.7124,-26.9722],[-65.7526,-27.039],[-65.8151,-27.0647],[-65.8615,-26.9833],[-65.8898,-26.9698],[-65.9153,-27.0123],[-65.9653,-27.0346],[-65.9728,-27.054],[-65.9183,-27.0977],[-65.8213,-27.1387],[-65.7951,-27.1919],[-65.6969,-27.2016],[-65.6648,-27.237],[-65.5821,-27.2773],[-65.4701,-27.3],[-65.4561,-27.2343],[-65.4079,-27.1831],[-65.3644,-27.18],[-65.3731,-27.1593],[-65.4265,-27.1277]]]}},{"type":"Feature","properties":{"zid":"90021"},"geometry":{"type":"Polygon","coordinates":[[[-65.4701,-27.3],[-65.5821,-27.2773],[-65.6648,-27.237],[-65.6969,-27.2016],[-65.7951,-27.1919],[-65.8213,-27.1387],[-65.9183,-27.0977],[-65.9728,-27.054],[-65.991,-27.1056],[-66.0549,-27.1453],[-66.0793,-27.2088],[-66.11,-27.2155],[-66.1341,-27.2477],[-66.1341,-27.249],[-66.0764,-27.2887],[-66.03,-27.2979],[-65.9717,-27.3338],[-65.9675,-27.3991],[-65.9027,-27.3698],[-65.7972,-27.3554],[-65.7237,-27.3557],[-65.6579,-27.4054],[-65.5489,-27.4308],[-65.5059,-27.4354],[-65.4715,-27.4217],[-65.4778,-27.3867],[-65.4609,-27.327],[-65.4701,-27.3]]]}},{"type":"Feature","properties":{"zid":"90091"},"geometry":{"type":"Polygon","coordinates":[[[-65.3644,-27.18],[-65.4079,-27.1831],[-65.4561,-27.2343],[-65.4701,-27.3],[-65.4609,-27.327],[-65.4778,-27.3867],[-65.4715,-27.4217],[-65.5059,-27.4354],[-65.5489,-27.4308],[-65.5584,-27.48],[-65.5322,-27.4849],[-65.5451,-27.5415],[-65.5168,-27.5432],[-65.4206,-27.5409],[-65.3693,-27.5279],[-65.2819,-27.5461],[-65.2659,-27.5616],[-65.1698,-27.5668],[-65.0307,-27.5822],[-65.012,-27.566],[-64.9674,-27.5541],[-64.9681,-27.5054],[-65.0014,-27.4889],[-65.0498,-27.4619],[-65.0962,-27.451],[-65.0886,-27.4285],[-65.1934,-27.3618],[-65.2331,-27.3117],[-65.2739,-27.2825],[-65.3644,-27.18]]]}},{"type":"Feature","properties":{"zid":"90077"},"geometry":{"type":"Polygon","coordinates":[[[-65.5489,-27.4308],[-65.6579,-27.4054],[-65.7237,-27.3557],[-65.7972,-27.3554],[-65.9027,-27.3698],[-65.9675,-27.3991],[-65.975,-27.454],[-65.9749,-27.4553],[-65.933,-27.4607],[-65.9088,-27.4985],[-65.88,-27.5139],[-65.727,-27.5413],[-65.6651,-27.5217],[-65.5935,-27.5165],[-65.5451,-27.5415],[-65.5322,-27.4849],[-65.5584,-27.48],[-65.5489,-27.4308]]]}},{"type":"Feature","properties":{"zid":"06568"},"geometry":{"type":"Polygon","coordinates":[[[-58.616,-34.5887],[-58.6218,-34.6332],[-58.6535,-34.6316],[-58.6674,-34.686],[-58.641,-34.7045],[-58.5561,-34.6347],[-58.616,-34.5887]]]}},{"type":"Feature","properties":{"zid":"06210"},"geometry":{"type":"Polygon","coordinates":[[[-60.1426,-34.4188],[-60.2112,-34.4596],[-60.2458,-34.4319],[-60.3191,-34.4972],[-60.3741,-34.4549],[-60.404,-34.48],[-60.489,-34.4151],[-60.5169,-34.4392],[-60.5598,-34.4064],[-60.6772,-34.5094],[-60.6467,-34.533],[-60.7584,-34.6308],[-60.714,-34.6471],[-60.6836,-34.6599],[-60.681,-34.6928],[-60.6313,-34.7385],[-60.5881,-34.8167],[-60.4989,-34.838],[-60.4603,-34.8624],[-60.3726,-34.7876],[-60.3209,-34.7629],[-60.2436,-34.83],[-60.173,-34.7702],[-60.1918,-34.7287],[-60.1068,-34.6575],[-60.0635,-34.6911],[-60.0066,-34.641],[-59.9679,-34.6918],[-59.9447,-34.672],[-59.8846,-34.6194],[-59.9332,-34.5813],[-59.9093,-34.5612],[-59.9747,-34.5104],[-60.0147,-34.5469],[-60.098,-34.4829],[-60.0836,-34.4698],[-60.1426,-34.4188]]]}},{"type":"Feature","properties":{"zid":"90035"},"geometry":{"type":"Polygon","coordinates":[[[-65.012,-27.566],[-65.0307,-27.5822],[-65.1698,-27.5668],[-65.2659,-27.5616],[-65.2819,-27.5461],[-65.3693,-27.5279],[-65.4206,-27.5409],[-65.5168,-27.5432],[-65.5352,-27.6215],[-65.4941,-27.6943],[-65.5039,-27.7382],[-65.464,-27.7607],[-65.4728,-27.7883],[-65.4193,-27.8029],[-65.4362,-27.8865],[-65.3647,-27.8458],[-65.1708,-27.9465],[-65.1596,-27.877],[-65.108,-27.8932],[-65.039,-27.8793],[-65.0166,-27.794],[-65.0281,-27.7527],[-64.991,-27.7241],[-65.0271,-27.5871],[-65.012,-27.566]]]}},{"type":"Feature","properties":{"zid":"90049"},"geometry":{"type":"Polygon","coordinates":[[[-65.5352,-27.6215],[-65.5518,-27.6094],[-65.6197,-27.6319],[-65.6815,-27.6353],[-65.7324,-27.6114],[-65.7501,-27.6407],[-65.7467,-27.6927],[-65.7609,-27.7316],[-65.7554,-27.7707],[-65.7064,-27.8136],[-65.6989,-27.8896],[-65.6747,-27.9285],[-65.6663,-27.9732],[-65.5609,-28.0064],[-65.5197,-27.9619],[-65.5013,-27.926],[-65.4362,-27.8865],[-65.4193,-27.8029],[-65.4728,-27.7883],[-65.464,-27.7607],[-65.5039,-27.7382],[-65.4941,-27.6943],[-65.5352,-27.6215]]]}},{"type":"Feature","properties":{"zid":"90042"},"geometry":{"type":"Polygon","coordinates":[[[-65.5451,-27.5415],[-65.5935,-27.5165],[-65.6651,-27.5217],[-65.727,-27.5413],[-65.88,-27.5139],[-65.9088,-27.4985],[-65.933,-27.4607],[-65.9749,-27.4553],[-65.9747,-27.4582],[-65.9644,-27.5456],[-65.9394,-27.6176],[-65.9154,-27.6691],[-65.8759,-27.6724],[-65.8287,-27.8204],[-65.8064,-27.8164],[-65.793,-27.7826],[-65.7554,-27.7707],[-65.7609,-27.7316],[-65.7467,-27.6927],[-65.7501,-27.6407],[-65.7324,-27.6114],[-65.6815,-27.6353],[-65.6197,-27.6319],[-65.5518,-27.6094],[-65.5352,-27.6215],[-65.5168,-27.5432],[-65.5451,-27.5415]]]}},{"type":"Feature","properties":{"zid":"06515"},"geometry":{"type":"Polygon","coordinates":[[[-58.6466,-34.5014],[-58.7056,-34.4393],[-58.7373,-34.4564],[-58.7845,-34.4761],[-58.7209,-34.5182],[-58.6891,-34.5302],[-58.6466,-34.5014]]]}},{"type":"Feature","properties":{"zid":"06371"},"geometry":{"type":"Polygon","coordinates":[[[-58.5538,-34.5302],[-58.6003,-34.4904],[-58.6064,-34.5345],[-58.6192,-34.5467],[-58.5623,-34.5914],[-58.523,-34.5976],[-58.51,-34.5692],[-58.5538,-34.5302]]]}},{"type":"Feature","properties":{"zid":"06469"},"geometry":{"type":"Polygon","coordinates":[[[-61.1512,-34.7772],[-61.2226,-34.7174],[-61.2047,-34.7025],[-61.3385,-34.5922],[-61.4364,-34.6712],[-61.5164,-34.6032],[-61.5976,-34.6687],[-61.6446,-34.6837],[-61.7116,-34.628],[-61.7729,-34.6764],[-61.6735,-34.761],[-61.9027,-34.9528],[-61.9832,-34.886],[-62.1046,-34.9847],[-62.1854,-35.0507],[-62.1662,-35.0671],[-62.2706,-35.1518],[-62.21,-35.2019],[-62.225,-35.2141],[-62.1493,-35.2839],[-61.9063,-35.4856],[-61.7833,-35.5854],[-61.7247,-35.5374],[-61.5319,-35.3786],[-61.3009,-35.1852],[-61.4197,-35.0879],[-61.1277,-34.8474],[-61.1824,-34.8022],[-61.1512,-34.7772]]]}},{"type":"Feature","properties":{"zid":"06410"},"geometry":{"type":"Polygon","coordinates":[[[-58.6535,-34.6316],[-58.6939,-34.5937],[-58.7134,-34.6056],[-58.729,-34.6348],[-58.6674,-34.686],[-58.6535,-34.6316]]]}},{"type":"Feature","properties":{"zid":"06364"},"geometry":{"type":"Polygon","coordinates":[[[-58.8851,-34.5771],[-58.9284,-34.5162],[-58.9619,-34.5337],[-58.9866,-34.5774],[-59.1361,-34.6589],[-59.0912,-34.7192],[-59.0317,-34.7638],[-59.0033,-34.764],[-58.9215,-34.6995],[-58.8637,-34.6834],[-58.8833,-34.6718],[-58.8851,-34.5771]]]}},{"type":"Feature","properties":{"zid":"06784"},"geometry":{"type":"Polygon","coordinates":[[[-59.673,-34.5826],[-59.7549,-34.5183],[-59.8846,-34.6194],[-59.9447,-34.672],[-59.7901,-34.7885],[-59.8091,-34.8054],[-59.7502,-34.8743],[-59.7074,-34.8919],[-59.6354,-34.958],[-59.4665,-34.8726],[-59.5226,-34.8288],[-59.4913,-34.8029],[-59.5259,-34.7648],[-59.5906,-34.7201],[-59.7164,-34.62],[-59.673,-34.5826]]]}},{"type":"Feature","properties":{"zid":"06840"},"geometry":{"type":"Polygon","coordinates":[[[-58.6192,-34.5467],[-58.6463,-34.5629],[-58.616,-34.5887],[-58.5561,-34.6347],[-58.5292,-34.6546],[-58.523,-34.5976],[-58.5623,-34.5914],[-58.6192,-34.5467]]]}},{"type":"Feature","properties":{"zid":"46028"},"geometry":{"type":"Polygon","coordinates":[[[-67.8534,-29.0771],[-68.2453,-29.2243],[-68.7079,-29.0597],[-68.9482,-28.9711],[-68.9304,-28.9823],[-68.908,-29.0728],[-68.9247,-29.0894],[-68.9119,-29.1286],[-68.9535,-29.1667],[-69.0002,-29.1844],[-68.9799,-29.2284],[-68.9891,-29.274],[-68.9588,-29.2853],[-68.9849,-29.3264],[-68.9746,-29.3642],[-69.0024,-29.4019],[-68.9737,-29.4447],[-68.9846,-29.4743],[-69.0337,-29.533],[-69.0206,-29.6363],[-69.0101,-29.6527],[-68.9575,-29.6575],[-68.9358,-29.6239],[-68.8873,-29.6204],[-68.8328,-29.6328],[-68.7928,-29.6222],[-68.7585,-29.6328],[-68.7153,-29.6247],[-68.6218,-29.6456],[-68.5202,-29.6375],[-68.4413,-29.6505],[-68.2588,-29.7467],[-68.2538,-29.7807],[-68.199,-29.7811],[-68.1844,-29.8481],[-68.1596,-29.8843],[-68.1052,-29.8842],[-68.0455,-29.908],[-67.992,-29.9792],[-67.8976,-29.8756],[-67.8204,-29.8044],[-67.7235,-29.7263],[-67.6125,-29.656],[-67.6821,-29.5362],[-67.7252,-29.4376],[-67.7581,-29.3958],[-67.7679,-29.3542],[-67.8226,-29.2895],[-67.8512,-29.2129],[-67.8582,-29.1409],[-67.8534,-29.0771]]]}},{"type":"Feature","properties":{"zid":"06224"},"geometry":{"type":"Polygon","coordinates":[[[-59.9447,-34.672],[-59.9679,-34.6918],[-60.0066,-34.641],[-60.0635,-34.6911],[-60.1068,-34.6575],[-60.1918,-34.7287],[-60.173,-34.7702],[-60.2436,-34.83],[-60.3041,-34.8811],[-60.2193,-34.9447],[-60.2277,-34.9531],[-60.1188,-35.0352],[-60.1512,-35.0656],[-60.114,-35.0907],[-60.0469,-35.0925],[-60.0211,-35.108],[-59.9744,-35.1327],[-59.8994,-35.1172],[-59.8704,-35.1526],[-59.8222,-35.1768],[-59.7035,-35.0754],[-59.6052,-34.9977],[-59.6354,-34.958],[-59.7074,-34.8919],[-59.7502,-34.8743],[-59.8091,-34.8054],[-59.7901,-34.7885],[-59.9447,-34.672]]]}},{"type":"Feature","properties":{"zid":"06021"},"geometry":{"type":"Polygon","coordinates":[[[-60.2436,-34.83],[-60.3209,-34.7629],[-60.3726,-34.7876],[-60.4603,-34.8624],[-60.4533,-34.93],[-60.4878,-34.9748],[-60.4349,-35.0164],[-60.4319,-35.0409],[-60.3887,-35.0882],[-60.3292,-35.1274],[-60.365,-35.1596],[-60.3231,-35.2297],[-60.235,-35.2959],[-60.0211,-35.108],[-60.0469,-35.0925],[-60.114,-35.0907],[-60.1512,-35.0656],[-60.1188,-35.0352],[-60.2277,-34.9531],[-60.2193,-34.9447],[-60.3041,-34.8811],[-60.2436,-34.83]]]}},{"type":"Feature","properties":{"zid":"06112"},"geometry":{"type":"Polygon","coordinates":[[[-60.4603,-34.8624],[-60.4989,-34.838],[-60.5881,-34.8167],[-60.6313,-34.7385],[-60.681,-34.6928],[-60.6836,-34.6599],[-60.714,-34.6471],[-60.7955,-34.7175],[-60.7645,-34.741],[-60.8157,-34.7897],[-60.724,-34.8612],[-60.8477,-34.9681],[-60.7542,-35.0414],[-60.87,-35.1458],[-60.528,-35.4103],[-60.3231,-35.2297],[-60.365,-35.1596],[-60.3292,-35.1274],[-60.3887,-35.0882],[-60.4319,-35.0409],[-60.4349,-35.0164],[-60.4878,-34.9748],[-60.4533,-34.93],[-60.4603,-34.8624]]]}},{"type":"Feature","properties":{"zid":"06329"},"geometry":{"type":"Polygon","coordinates":[[[-59.0317,-34.7638],[-59.0912,-34.7192],[-59.165,-34.8035],[-59.2187,-34.8526],[-59.0711,-34.9613],[-58.9926,-35.0214],[-59.0148,-35.0413],[-58.9341,-35.1035],[-58.7775,-34.965],[-58.7911,-34.9553],[-58.8591,-34.9041],[-58.8453,-34.8917],[-58.9362,-34.8178],[-58.9515,-34.8312],[-59.0317,-34.7638]]]}},{"type":"Feature","properties":{"zid":"06525"},"geometry":{"type":"Polygon","coordinates":[[[-58.8603,-34.6852],[-58.8637,-34.6834],[-58.9215,-34.6995],[-59.0033,-34.764],[-59.0317,-34.7638],[-58.9515,-34.8312],[-58.9362,-34.8178],[-58.8453,-34.8917],[-58.8591,-34.9041],[-58.7911,-34.9553],[-58.7632,-34.958],[-58.6941,-34.9122],[-58.7625,-34.8584],[-58.774,-34.8287],[-58.7071,-34.8113],[-58.7502,-34.7776],[-58.8643,-34.6984],[-58.8603,-34.6852]]]}},{"type":"Feature","properties":{"zid":"06679"},"geometry":{"type":"Polygon","coordinates":[[[-63.3856,-35.4541],[-63.3855,-35.8837],[-63.2037,-36.0331],[-62.9236,-35.8052],[-62.9325,-35.7983],[-62.6238,-35.5507],[-62.6853,-35.4856],[-62.7777,-35.4087],[-62.8038,-35.4295],[-62.8731,-35.3716],[-62.8465,-35.3505],[-62.8932,-35.3113],[-62.8641,-35.2885],[-62.8996,-35.2593],[-62.9646,-35.3119],[-63.1154,-35.1889],[-63.0904,-35.1683],[-63.1391,-35.1284],[-63.2355,-35.2086],[-63.2112,-35.229],[-63.2851,-35.2885],[-63.3117,-35.2716],[-63.3472,-35.3],[-63.3295,-35.3232],[-63.3857,-35.3697],[-63.3856,-35.4541]]]}},{"type":"Feature","properties":{"zid":"66091"},"geometry":{"type":"Polygon","coordinates":[[[-66.0019,-23.6819],[-65.9872,-23.5097],[-65.9991,-23.5148],[-66.094,-23.4549],[-66.1198,-23.4303],[-66.1844,-23.4169],[-66.1821,-23.4356],[-66.2186,-23.4844],[-66.2396,-23.4925],[-66.2605,-23.5583],[-66.3111,-23.5614],[-66.3303,-23.6566],[-66.3676,-23.6946],[-66.3769,-23.7489],[-66.3579,-23.8229],[-66.3793,-23.8474],[-66.3544,-23.8839],[-66.3599,-23.9123],[-66.1548,-24.0161],[-66.2365,-24.4378],[-66.5021,-24.2427],[-66.5063,-24.2986],[-66.4874,-24.3405],[-66.4878,-24.3771],[-66.4298,-24.4022],[-66.4053,-24.4294],[-66.402,-24.4744],[-66.3606,-24.5387],[-66.3677,-24.6072],[-66.3893,-24.6221],[-66.4178,-24.68],[-66.4262,-24.7316],[-66.404,-24.8236],[-66.3848,-24.8467],[-66.3336,-24.8617],[-66.2607,-24.857],[-66.199,-24.93],[-66.1287,-24.9297],[-66.0947,-24.9049],[-66.1076,-24.8632],[-66.0972,-24.7938],[-66.1159,-24.7415],[-66.1267,-24.7081],[-66.1217,-24.6283],[-66.128,-24.4956],[-66.1509,-24.4308],[-66.1936,-24.4332],[-66.1499,-24.354],[-66.1555,-24.3092],[-66.1416,-24.2712],[-66.0998,-24.2307],[-66.1059,-24.1477],[-66.0351,-24.0832],[-66.0078,-24.0022],[-65.9416,-23.9795],[-65.9909,-23.9817],[-66.0165,-23.9181],[-66.0219,-23.8617],[-66.0102,-23.8216],[-66.0019,-23.6819]]]}},{"type":"Feature","properties":{"zid":"66049"},"geometry":{"type":"Polygon","coordinates":[[[-64.6401,-24.6112],[-64.665,-24.6074],[-64.7258,-24.5299],[-64.8375,-24.4692],[-64.8551,-24.4723],[-64.8853,-24.5218],[-64.9006,-24.5913],[-64.944,-24.5966],[-65.0797,-24.5622],[-65.0966,-24.5328],[-65.1548,-24.4881],[-65.2102,-24.5436],[-65.1997,-24.5854],[-65.2705,-24.608],[-65.2747,-24.6774],[-65.2201,-24.716],[-65.1492,-24.7049],[-65.0942,-24.7155],[-65.0189,-24.8055],[-65.0366,-24.814],[-65.0533,-24.8656],[-65.0952,-24.9113],[-65.0905,-24.9472],[-65.0643,-24.9608],[-65.0819,-25.1003],[-64.9766,-25.1488],[-64.9309,-25.1329],[-64.907,-25.1043],[-64.9059,-25.0392],[-64.8864,-25.0003],[-64.8565,-25.0222],[-64.8164,-24.9722],[-64.8264,-24.9402],[-64.7959,-24.8981],[-64.8024,-24.8794],[-64.799,-24.7717],[-64.7681,-24.7328],[-64.728,-24.705],[-64.7036,-24.6386],[-64.6401,-24.6112],[-64.6399,-24.6111],[-64.6401,-24.6112]]]}},{"type":"Feature","properties":{"zid":"66140"},"geometry":{"type":"Polygon","coordinates":[[[-64.1975,-25.7095],[-64.2085,-25.557],[-64.3087,-25.5234],[-64.4023,-25.5352],[-64.4526,-25.525],[-64.4768,-25.6218],[-64.6213,-25.5972],[-64.7327,-25.6318],[-64.8462,-25.6524],[-64.8751,-25.6393],[-64.9618,-25.6476],[-65.0286,-25.6722],[-65.1232,-25.6458],[-65.1341,-25.621],[-65.1706,-25.6521],[-65.2031,-25.6981],[-65.2395,-25.712],[-65.259,-25.7761],[-65.2848,-25.7821],[-65.2812,-25.8246],[-65.2984,-25.8598],[-65.2501,-25.899],[-65.2495,-25.96],[-65.2132,-26.0115],[-65.157,-26.0402],[-65.1132,-26.0378],[-65.108,-26.0079],[-64.9829,-26.0279],[-64.9184,-26.0308],[-64.8843,-26.0448],[-64.8944,-26.0909],[-64.8714,-26.118],[-64.8917,-26.1797],[-64.9115,-26.1891],[-64.9461,-26.289],[-64.9416,-26.3022],[-64.8734,-26.2749],[-64.8469,-26.2398],[-64.7822,-26.2234],[-64.7482,-26.2379],[-64.6678,-26.2427],[-64.4949,-26.2195],[-64.4255,-26.1159],[-64.413,-26.0405],[-64.268,-25.7006],[-64.1975,-25.7095]]]}},{"type":"Feature","properties":{"zid":"66112"},"geometry":{"type":"Polygon","coordinates":[[[-65.0819,-25.1003],[-65.1476,-25.1148],[-65.1706,-25.177],[-65.1941,-25.1876],[-65.2143,-25.2394],[-65.2526,-25.2784],[-65.177,-25.3002],[-65.1592,-25.3753],[-65.1866,-25.4095],[-65.1637,-25.4433],[-65.1634,-25.5177],[-65.1493,-25.5378],[-65.1656,-25.5806],[-65.1341,-25.621],[-65.1232,-25.6458],[-65.0286,-25.6722],[-64.9618,-25.6476],[-64.8751,-25.6393],[-64.8462,-25.6524],[-64.7327,-25.6318],[-64.6213,-25.5972],[-64.4768,-25.6218],[-64.4526,-25.525],[-64.4023,-25.5352],[-64.3087,-25.5234],[-64.2085,-25.557],[-64.1975,-25.7095],[-64.1963,-25.728],[-64.0255,-25.7539],[-64.0078,-25.6738],[-63.9191,-25.6821],[-63.9592,-25.6564],[-63.9416,-25.5819],[-63.9532,-25.5313],[-63.99,-25.5134],[-64.0251,-25.4607],[-64.0602,-25.2682],[-64.0964,-25.172],[-64.1533,-25.1437],[-64.1607,-25.1088],[-64.2627,-25.121],[-64.3358,-25.1933],[-64.3592,-25.2408],[-64.3951,-25.2518],[-64.4637,-25.2226],[-64.552,-25.2619],[-64.5725,-25.3161],[-64.6211,-25.3628],[-64.7003,-25.3785],[-64.7695,-25.369],[-64.8274,-25.3459],[-64.8412,-25.3209],[-64.8938,-25.2859],[-64.8941,-25.2443],[-64.9373,-25.1746],[-64.9766,-25.1488],[-65.0819,-25.1003]]]}},{"type":"Feature","properties":{"zid":"66119"},"geometry":{"type":"Polygon","coordinates":[[[-66.5602,-25.3003],[-66.5994,-25.3631],[-66.5344,-25.3756],[-66.5185,-25.4403],[-66.5352,-25.4623],[-66.5346,-25.5365],[-66.5728,-25.5867],[-66.5639,-25.6218],[-66.6065,-25.6287],[-66.6304,-25.6544],[-66.6481,-25.7117],[-66.6913,-25.7037],[-66.8129,-25.7001],[-66.8632,-25.7429],[-66.8476,-25.7963],[-66.8393,-25.8807],[-66.8524,-25.9186],[-66.8466,-25.9701],[-66.8014,-26.0165],[-66.5954,-25.9044],[-66.3717,-25.9881],[-66.3824,-25.9353],[-66.3621,-25.8835],[-66.3338,-25.8694],[-66.348,-25.7858],[-66.3292,-25.7491],[-66.322,-25.6492],[-66.3386,-25.6385],[-66.349,-25.5681],[-66.3084,-25.5587],[-66.3038,-25.5109],[-66.2379,-25.4819],[-66.1909,-25.4821],[-66.1464,-25.4555],[-66.0264,-25.4522],[-66.0009,-25.3427],[-66.0016,-25.3114],[-66.0365,-25.2939],[-66.2305,-25.2548],[-66.244,-25.2111],[-66.3204,-25.1646],[-66.3796,-25.1864],[-66.4079,-25.1428],[-66.443,-25.1205],[-66.5084,-25.1279],[-66.5784,-25.1014],[-66.6257,-25.106],[-66.6206,-25.1422],[-66.545,-25.1809],[-66.5516,-25.2275],[-66.537,-25.2656],[-66.5602,-25.3003]]]}},{"type":"Feature","properties":{"zid":"82049"},"geometry":{"type":"Polygon","coordinates":[[[-58.8808,-28.0668],[-58.8937,-28.0353],[-58.884,-28],[-59.4012,-28.0001],[-59.8112,-28.0013],[-59.811,-28.1046],[-59.7902,-28.1045],[-59.7904,-28.2508],[-59.8763,-28.2516],[-59.8787,-28.3318],[-59.8583,-28.3786],[-59.7984,-28.3791],[-59.7985,-28.4338],[-59.7655,-28.455],[-59.8091,-28.5262],[-59.8181,-28.5627],[-59.7792,-28.6634],[-59.7811,-28.7119],[-59.8036,-28.7556],[-59.7702,-28.7726],[-59.749,-28.8134],[-59.7623,-28.8384],[-59.9618,-28.8075],[-59.9779,-28.8917],[-60.0197,-28.8861],[-60.042,-29.0117],[-59.9998,-29.0176],[-60.0052,-29.0727],[-60.085,-29.0609],[-60.0683,-29.0943],[-60.0799,-29.1368],[-60.0368,-29.1997],[-60.0186,-29.2492],[-60.0284,-29.2791],[-60.0144,-29.313],[-60.0693,-29.3706],[-59.7788,-29.4152],[-59.7067,-29.4866],[-59.6433,-29.4516],[-59.5809,-29.4742],[-59.6052,-29.4088],[-59.594,-29.3825],[-59.5162,-29.3377],[-59.5087,-29.2508],[-59.4902,-29.2381],[-59.4021,-29.2169],[-59.3968,-29.1905],[-59.3325,-29.1084],[-59.2753,-29.0996],[-59.2344,-29.0714],[-59.1997,-29.0315],[-59.2095,-28.969],[-59.1581,-28.8774],[-59.1619,-28.8069],[-59.1427,-28.7745],[-59.0781,-28.6649],[-59.105,-28.6339],[-59.0993,-28.5744],[-59.0489,-28.4893],[-59.086,-28.436],[-59.081,-28.3473],[-59.1035,-28.3288],[-59.105,-28.2178],[-59.0877,-28.2017],[-59.0723,-28.1363],[-58.9451,-28.1338],[-58.8808,-28.0668]]]}},{"type":"Feature","properties":{"zid":"06385"},"geometry":{"type":"Polygon","coordinates":[[[-60.8157,-34.7897],[-60.8492,-34.763],[-60.904,-34.8108],[-61.0482,-34.6929],[-61.1512,-34.7772],[-61.1824,-34.8022],[-61.1277,-34.8474],[-61.4197,-35.0879],[-61.3009,-35.1852],[-61.2782,-35.1659],[-61.155,-35.2642],[-61.0625,-35.1868],[-60.9846,-35.2466],[-60.87,-35.1458],[-60.7542,-35.0414],[-60.8477,-34.9681],[-60.724,-34.8612],[-60.8157,-34.7897]]]}},{"type":"Feature","properties":{"zid":"06270"},"geometry":{"type":"Polygon","coordinates":[[[-58.5205,-34.7411],[-58.5657,-34.7573],[-58.6156,-34.8187],[-58.6503,-34.8911],[-58.5991,-34.943],[-58.6202,-34.9607],[-58.5563,-35.007],[-58.5492,-34.9798],[-58.4919,-34.9302],[-58.4919,-34.9276],[-58.5103,-34.9017],[-58.5023,-34.87],[-58.5205,-34.7411]]]}},{"type":"Feature","properties":{"zid":"06274"},"geometry":{"type":"Polygon","coordinates":[[[-58.2675,-34.7736],[-58.3098,-34.7934],[-58.3328,-34.8057],[-58.2925,-34.8549],[-58.3125,-34.8748],[-58.2809,-34.9076],[-58.3163,-34.9263],[-58.2882,-34.965],[-58.2772,-35.0094],[-58.2111,-34.9518],[-58.2474,-34.9236],[-58.1799,-34.866],[-58.1999,-34.8138],[-58.2675,-34.7736]]]}},{"type":"Feature","properties":{"zid":"06574"},"geometry":{"type":"Polygon","coordinates":[[[-59.1681,-34.7994],[-59.2045,-34.7962],[-59.2787,-34.8343],[-59.2894,-34.8217],[-59.3732,-34.8911],[-59.4087,-34.8424],[-59.4665,-34.8726],[-59.6354,-34.958],[-59.6052,-34.9977],[-59.7035,-35.0754],[-59.8222,-35.1768],[-59.7771,-35.1729],[-59.7214,-35.2227],[-59.6211,-35.2006],[-59.5823,-35.1778],[-59.5436,-35.2034],[-59.5525,-35.2549],[-59.2213,-35.0851],[-59.1413,-35.0134],[-59.0711,-34.9613],[-59.2187,-34.8526],[-59.165,-34.8035],[-59.1681,-34.7994]]]}},{"type":"Feature","properties":{"zid":"06134"},"geometry":{"type":"Polygon","coordinates":[[[-58.5563,-35.007],[-58.6202,-34.9607],[-58.5991,-34.943],[-58.6503,-34.8911],[-58.6941,-34.9122],[-58.7632,-34.958],[-58.7911,-34.9553],[-58.7775,-34.965],[-58.9341,-35.1035],[-58.869,-35.1536],[-58.8949,-35.1762],[-58.8118,-35.2424],[-58.7708,-35.274],[-58.7467,-35.2527],[-58.6783,-35.3045],[-58.7074,-35.3351],[-58.6631,-35.355],[-58.5821,-35.4214],[-58.5251,-35.3666],[-58.5717,-35.3282],[-58.468,-35.2384],[-58.5779,-35.1517],[-58.5793,-35.0683],[-58.6004,-35.0524],[-58.5563,-35.007]]]}},{"type":"Feature","properties":{"zid":"82042"},"geometry":{"type":"Polygon","coordinates":[[[-61.383,-33.3667],[-61.4524,-33.4045],[-61.4706,-33.3807],[-61.5163,-33.4056],[-61.6072,-33.2872],[-61.7037,-33.3393],[-61.6744,-33.3777],[-61.9103,-33.5112],[-61.9693,-33.4339],[-62.0159,-33.4179],[-62.1312,-33.3977],[-62.1316,-33.3981],[-62.3148,-33.6414],[-62.5443,-33.9432],[-62.8839,-34.3865],[-62.2691,-34.3858],[-61.8161,-34.3856],[-61.7198,-34.3856],[-61.6484,-34.3195],[-61.3314,-34.0257],[-61.1251,-33.8339],[-61.1534,-33.79],[-61.4163,-33.4508],[-61.3471,-33.4131],[-61.383,-33.3667]]]}},{"type":"Feature","properties":{"zid":"82014"},"geometry":{"type":"Polygon","coordinates":[[[-61.075,-33.4191],[-61.1296,-33.3493],[-61.0991,-33.3327],[-61.1663,-33.2467],[-61.1326,-33.2313],[-61.1548,-33.1647],[-61.1068,-33.1561],[-61.0619,-33.09],[-61.2072,-32.9027],[-61.259,-32.9635],[-61.3392,-33.0001],[-61.4441,-33.0142],[-61.5705,-33.0643],[-61.6349,-33.0666],[-61.6426,-33.0839],[-61.7129,-33.0905],[-61.7473,-33.071],[-61.7736,-33.0452],[-61.781,-33.0294],[-61.7885,-33.0271],[-61.7894,-33.0212],[-61.7945,-33.0192],[-61.7948,-33.0142],[-61.7949,-33.0143],[-61.8485,-33.0563],[-61.8847,-33.1022],[-61.9232,-33.1196],[-62.1311,-33.3976],[-62.1312,-33.3977],[-62.0159,-33.4179],[-61.9693,-33.4339],[-61.9103,-33.5112],[-61.6744,-33.3777],[-61.7037,-33.3393],[-61.6072,-33.2872],[-61.5163,-33.4056],[-61.4706,-33.3807],[-61.4524,-33.4045],[-61.383,-33.3667],[-61.3138,-33.3291],[-61.1888,-33.4916],[-61.075,-33.4191]]]}},{"type":"Feature","properties":{"zid":"06778"},"geometry":{"type":"Polygon","coordinates":[[[-58.3163,-34.9263],[-58.4304,-34.9781],[-58.4919,-34.9302],[-58.5492,-34.9798],[-58.5563,-35.007],[-58.6004,-35.0524],[-58.5793,-35.0683],[-58.5779,-35.1517],[-58.468,-35.2384],[-58.443,-35.2162],[-58.3527,-35.1379],[-58.3388,-35.1485],[-58.2363,-35.0583],[-58.2466,-35.0483],[-58.2772,-35.0094],[-58.2882,-34.965],[-58.3163,-34.9263]]]}},{"type":"Feature","properties":{"zid":"06483"},"geometry":{"type":"Polygon","coordinates":[[[-58.9341,-35.1035],[-59.0148,-35.0413],[-58.9926,-35.0214],[-59.0711,-34.9613],[-59.1413,-35.0134],[-59.2213,-35.0851],[-59.5525,-35.2549],[-59.5061,-35.2893],[-59.4436,-35.3035],[-59.4013,-35.2929],[-59.3596,-35.351],[-59.2983,-35.3642],[-59.2629,-35.3907],[-59.1937,-35.3984],[-59.1203,-35.4308],[-59.0254,-35.3523],[-58.9251,-35.3417],[-58.8118,-35.2424],[-58.8949,-35.1762],[-58.869,-35.1536],[-58.9341,-35.1035]]]}},{"type":"Feature","properties":{"zid":"06287"},"geometry":{"type":"Polygon","coordinates":[[[-59.7001,-35.8317],[-59.7356,-35.8323],[-59.8728,-35.8774],[-59.8858,-35.9125],[-60.0561,-35.7805],[-60.118,-35.8337],[-60.2139,-35.7562],[-60.4171,-35.9282],[-60.462,-35.9503],[-60.4852,-35.9906],[-60.5311,-36.0005],[-60.6409,-36.1131],[-60.6989,-36.1358],[-60.5652,-36.2362],[-60.5235,-36.214],[-60.3603,-36.3264],[-60.2969,-36.2671],[-60.2455,-36.303],[-60.0902,-36.1613],[-59.9669,-36.2486],[-59.9475,-36.2021],[-59.8387,-36.1113],[-59.8587,-36.0957],[-59.7971,-36.0437],[-59.7181,-36.1059],[-59.6139,-36.0239],[-59.5924,-36.0405],[-59.5532,-36.0068],[-59.5165,-35.976],[-59.7001,-35.8317]]]}},{"type":"Feature","properties":{"zid":"06658"},"geometry":{"type":"Polygon","coordinates":[[[-58.1946,-34.7357],[-58.2796,-34.6786],[-58.3335,-34.727],[-58.347,-34.7393],[-58.3366,-34.7544],[-58.3098,-34.7934],[-58.2675,-34.7736],[-58.1946,-34.7357]]]}},{"type":"Feature","properties":{"zid":"06322"},"geometry":{"type":"Polygon","coordinates":[[[-61.011,-37.2035],[-61.2565,-37.0003],[-61.4235,-36.8646],[-61.599,-36.999],[-61.6046,-36.9944],[-61.7354,-37.0935],[-61.7173,-37.1402],[-61.7031,-37.2191],[-61.7336,-37.2559],[-61.7501,-37.3035],[-61.5367,-37.483],[-61.5968,-37.5309],[-61.4884,-37.6189],[-61.5382,-37.6573],[-61.442,-37.7349],[-61.6055,-37.8615],[-61.5093,-37.938],[-61.178,-37.6808],[-61.0647,-37.6002],[-60.8785,-37.4515],[-60.9755,-37.3681],[-60.8913,-37.3024],[-61.011,-37.2035]]]}},{"type":"Feature","properties":{"zid":"06105"},"geometry":{"type":"Polygon","coordinates":[[[-60.5311,-36.0005],[-60.6381,-35.9211],[-60.6954,-35.9688],[-60.8679,-35.84],[-60.9697,-35.9266],[-61.0353,-35.8767],[-61.2698,-36.0711],[-61.4397,-36.2144],[-61.4061,-36.241],[-61.7247,-36.4943],[-61.6169,-36.5699],[-61.6641,-36.6069],[-61.4972,-36.7441],[-61.3688,-36.641],[-61.2548,-36.735],[-60.8962,-36.4513],[-60.9296,-36.4246],[-60.8661,-36.3722],[-60.906,-36.3416],[-60.8603,-36.3225],[-60.8061,-36.253],[-60.8104,-36.2104],[-60.7291,-36.1385],[-60.6989,-36.1358],[-60.6409,-36.1131],[-60.5311,-36.0005]]]}},{"type":"Feature","properties":{"zid":"82119"},"geometry":{"type":"Polygon","coordinates":[[[-60.7691,-32.4968],[-60.7924,-32.4991],[-60.8278,-32.4583],[-60.8555,-32.4751],[-60.8392,-32.5951],[-60.8122,-32.6369],[-60.8886,-32.6689],[-60.9913,-32.6928],[-61.0764,-32.812],[-61.1619,-32.8461],[-61.2072,-32.9027],[-61.0619,-33.09],[-61.1068,-33.1561],[-61.1548,-33.1647],[-61.1326,-33.2313],[-61.1663,-33.2467],[-61.0991,-33.3327],[-61.1296,-33.3493],[-61.075,-33.4191],[-61.019,-33.4081],[-60.9446,-33.366],[-60.9241,-33.3397],[-61.0016,-33.2474],[-60.9817,-33.1922],[-60.9459,-33.2011],[-60.9454,-33.1603],[-60.8803,-33.1238],[-60.9122,-33.0946],[-60.9141,-33.0493],[-60.9607,-33.074],[-60.9913,-33.0333],[-60.9383,-33.0178],[-61.0086,-32.9299],[-60.8779,-32.9533],[-60.8611,-32.8855],[-60.8739,-32.8402],[-60.8426,-32.8203],[-60.7815,-32.8387],[-60.6589,-32.8339],[-60.6943,-32.8056],[-60.7221,-32.747],[-60.7259,-32.6637],[-60.7524,-32.6147],[-60.7474,-32.5543],[-60.7691,-32.4968]]]}},{"type":"Feature","properties":{"zid":"82133"},"geometry":{"type":"Polygon","coordinates":[[[-60.2156,-28.0007],[-60.6444,-27.9998],[-60.6446,-28.1002],[-60.7477,-28.0993],[-60.7483,-28.221],[-60.8299,-28.2736],[-60.889,-28.5752],[-60.8984,-28.5821],[-60.9541,-28.9193],[-61.0014,-29.1493],[-61.0814,-29.5742],[-61.0828,-29.6353],[-61.0383,-29.653],[-60.8922,-29.6876],[-60.8478,-29.7048],[-60.8137,-29.7549],[-60.7643,-29.7547],[-60.7665,-29.7901],[-60.7445,-29.8073],[-60.7169,-29.8686],[-60.7204,-29.9102],[-60.5495,-29.9349],[-60.2796,-29.9789],[-60.2897,-30.03],[-60.2121,-30.0677],[-60.1983,-30.1221],[-60.1747,-30.1658],[-60.1364,-30.1274],[-60.1192,-30.0765],[-60.0762,-30.0271],[-60.0178,-29.9765],[-60.0167,-29.9475],[-59.957,-29.9179],[-59.9264,-29.9151],[-59.876,-29.8143],[-59.9127,-29.8001],[-59.964,-29.811],[-59.9933,-29.7788],[-60.0067,-29.7212],[-60.0003,-29.6599],[-60.0513,-29.6579],[-60.0844,-29.6358],[-60.0833,-29.5357],[-60.1043,-29.4864],[-60.0959,-29.4234],[-60.0693,-29.3706],[-60.0144,-29.313],[-60.0284,-29.2791],[-60.0186,-29.2492],[-60.0368,-29.1997],[-60.0799,-29.1368],[-60.0683,-29.0943],[-60.085,-29.0609],[-60.0052,-29.0727],[-59.9998,-29.0176],[-60.042,-29.0117],[-60.0197,-28.8861],[-59.9779,-28.8917],[-59.9618,-28.8075],[-59.7623,-28.8384],[-59.749,-28.8134],[-59.7702,-28.7726],[-59.8036,-28.7556],[-59.7811,-28.7119],[-59.7792,-28.6634],[-59.8181,-28.5627],[-59.8091,-28.5262],[-59.7655,-28.455],[-59.7985,-28.4338],[-59.7984,-28.3791],[-59.8583,-28.3786],[-59.8787,-28.3318],[-59.8763,-28.2516],[-59.7904,-28.2508],[-59.7902,-28.1045],[-59.811,-28.1046],[-59.8112,-28.0013],[-60.2156,-28.0007]]]}},{"type":"Feature","properties":{"zid":"82077"},"geometry":{"type":"Polygon","coordinates":[[[-60.9091,-27.9983],[-61.098,-27.9977],[-61.712,-27.9986],[-61.772,-28.3571],[-61.8572,-28.8664],[-61.9499,-29.4158],[-61.9917,-29.6616],[-61.9279,-29.6621],[-61.9421,-29.7406],[-61.907,-29.7785],[-61.749,-29.7835],[-61.6294,-29.7924],[-61.353,-29.8394],[-61.2824,-29.5164],[-61.252,-29.5361],[-61.1984,-29.541],[-61.1227,-29.5678],[-61.0828,-29.6353],[-61.0814,-29.5742],[-61.0014,-29.1493],[-60.9541,-28.9193],[-60.8984,-28.5821],[-60.889,-28.5752],[-60.8299,-28.2736],[-60.7483,-28.221],[-60.7477,-28.0993],[-60.6446,-28.1002],[-60.6444,-27.9998],[-60.9091,-27.9983]]]}},{"type":"Feature","properties":{"zid":"82091"},"geometry":{"type":"Polygon","coordinates":[[[-61.0828,-29.6353],[-61.1227,-29.5678],[-61.1984,-29.541],[-61.252,-29.5361],[-61.2824,-29.5164],[-61.353,-29.8394],[-61.6294,-29.7924],[-61.749,-29.7835],[-61.907,-29.7785],[-61.9421,-29.7406],[-61.9279,-29.6621],[-61.9917,-29.6616],[-62.0164,-29.8071],[-62.0525,-30.0196],[-62.1307,-30.4804],[-61.8422,-30.7443],[-61.8441,-30.7506],[-61.6661,-30.7825],[-61.6553,-30.7375],[-61.4381,-30.7761],[-61.4231,-30.7117],[-61.2098,-30.748],[-61.1785,-30.6097],[-61.0764,-30.6271],[-61.079,-30.6385],[-60.8925,-30.6693],[-60.9034,-30.7087],[-60.8769,-30.7647],[-60.819,-30.801],[-60.7951,-30.7829],[-60.7608,-30.8079],[-60.7306,-30.7924],[-60.7165,-30.7598],[-60.6232,-30.7471],[-60.5987,-30.7142],[-60.5909,-30.6689],[-60.6224,-30.6407],[-60.6338,-30.5957],[-60.6863,-30.5318],[-60.6517,-30.4959],[-60.6473,-30.4264],[-60.68,-30.3886],[-60.6778,-30.3542],[-60.6452,-30.303],[-60.7268,-30.1995],[-60.7055,-30.1356],[-60.7265,-30.1231],[-60.7515,-30.0578],[-60.7181,-30.009],[-60.7223,-29.9771],[-60.6975,-29.9458],[-60.7204,-29.9102],[-60.7169,-29.8686],[-60.7445,-29.8073],[-60.7665,-29.7901],[-60.7643,-29.7547],[-60.8137,-29.7549],[-60.8478,-29.7048],[-60.8922,-29.6876],[-61.0383,-29.653],[-61.0828,-29.6353]]]}},{"type":"Feature","properties":{"zid":"82063"},"geometry":{"type":"Polygon","coordinates":[[[-60.4495,-31.2131],[-60.5738,-31.188],[-60.5493,-31.1323],[-60.6703,-31.112],[-60.6579,-31.0421],[-60.8142,-31.0151],[-60.8445,-31.0587],[-60.8034,-31.0915],[-60.8123,-31.1329],[-60.8488,-31.1824],[-60.8403,-31.2112],[-60.8581,-31.2428],[-60.9076,-31.2661],[-60.9093,-31.3144],[-60.9312,-31.3499],[-60.8953,-31.3725],[-60.8521,-31.373],[-60.8272,-31.3499],[-60.7887,-31.3546],[-60.8105,-31.3905],[-60.777,-31.4624],[-60.7952,-31.5312],[-60.758,-31.5702],[-60.7612,-31.5992],[-60.8289,-31.5897],[-60.8133,-31.6542],[-60.9046,-31.6972],[-60.9145,-31.7376],[-60.95,-31.7298],[-60.9782,-31.8003],[-60.8293,-31.823],[-60.8263,-31.8809],[-60.7313,-31.8657],[-60.7476,-31.9085],[-60.7227,-31.9722],[-60.6719,-31.9302],[-60.6529,-31.8971],[-60.6755,-31.8172],[-60.6409,-31.7918],[-60.6388,-31.742],[-60.591,-31.7109],[-60.5374,-31.6999],[-60.4676,-31.6983],[-60.3963,-31.643],[-60.3276,-31.6021],[-60.3399,-31.5552],[-60.3021,-31.5342],[-60.3019,-31.5342],[-60.3508,-31.5002],[-60.3667,-31.5143],[-60.4814,-31.4925],[-60.5305,-31.4696],[-60.5449,-31.4437],[-60.5025,-31.4187],[-60.5092,-31.3862],[-60.4737,-31.3395],[-60.4981,-31.3011],[-60.4643,-31.2738],[-60.4495,-31.2131]]]}},{"type":"Feature","properties":{"zid":"82098"},"geometry":{"type":"Polygon","coordinates":[[[-60.0693,-29.3706],[-60.0959,-29.4234],[-60.1043,-29.4864],[-60.0833,-29.5357],[-60.0844,-29.6358],[-60.0513,-29.6579],[-60.0003,-29.6599],[-60.0067,-29.7212],[-59.9933,-29.7788],[-59.964,-29.811],[-59.9127,-29.8001],[-59.876,-29.8143],[-59.9264,-29.9151],[-59.957,-29.9179],[-60.0167,-29.9475],[-60.0178,-29.9765],[-60.0762,-30.0271],[-60.1192,-30.0765],[-60.1364,-30.1274],[-60.1229,-30.1512],[-60.185,-30.295],[-60.2134,-30.3432],[-60.1965,-30.3634],[-60.2456,-30.3918],[-60.251,-30.4169],[-60.3267,-30.4681],[-60.3431,-30.5245],[-60.3397,-30.5681],[-60.3826,-30.6093],[-60.3481,-30.6331],[-60.3389,-30.6693],[-60.2122,-30.6886],[-60.2049,-30.6507],[-59.6362,-30.7021],[-59.6764,-30.6594],[-59.6459,-30.597],[-59.6507,-30.5138],[-59.6839,-30.4461],[-59.7171,-30.4254],[-59.7192,-30.3992],[-59.6668,-30.3679],[-59.6717,-30.3387],[-59.7113,-30.2841],[-59.7073,-30.2667],[-59.6392,-30.242],[-59.6259,-30.2115],[-59.6313,-30.168],[-59.6121,-30.1025],[-59.5695,-30.019],[-59.5926,-29.9398],[-59.6197,-29.8786],[-59.6556,-29.8534],[-59.6585,-29.8299],[-59.6175,-29.7758],[-59.614,-29.6688],[-59.5902,-29.5698],[-59.5809,-29.4742],[-59.6433,-29.4516],[-59.7067,-29.4866],[-59.7788,-29.4152],[-60.0693,-29.3706]]]}},{"type":"Feature","properties":{"zid":"42007"},"geometry":{"type":"Polygon","coordinates":[[[-63.3853,-37.2589],[-63.3852,-36.8078],[-63.9458,-36.8062],[-64.1699,-36.8056],[-64.1721,-36.9868],[-64.1742,-37.2569],[-63.3853,-37.2589]]]}},{"type":"Feature","properties":{"zid":"06063"},"geometry":{"type":"Polygon","coordinates":[[[-58.084,-37.4451],[-58.1636,-37.3882],[-58.2827,-37.4921],[-58.3546,-37.4398],[-58.4264,-37.5012],[-58.5771,-37.384],[-58.6109,-37.4113],[-58.8091,-37.5787],[-58.7374,-37.6365],[-58.5073,-37.8057],[-58.5912,-37.878],[-58.3291,-38.0741],[-58.2559,-38.1309],[-58.0473,-37.9556],[-57.7358,-37.6996],[-57.7646,-37.6749],[-58.084,-37.4451]]]}},{"type":"Feature","properties":{"zid":"06798"},"geometry":{"type":"Polygon","coordinates":[[[-59.5532,-36.0068],[-59.5924,-36.0405],[-59.6139,-36.0239],[-59.7181,-36.1059],[-59.7971,-36.0437],[-59.8587,-36.0957],[-59.8387,-36.1113],[-59.9475,-36.2021],[-59.9669,-36.2486],[-60.0902,-36.1613],[-60.2455,-36.303],[-60.2969,-36.2671],[-60.3603,-36.3264],[-60.5235,-36.214],[-60.5652,-36.2362],[-60.6989,-36.1358],[-60.7291,-36.1385],[-60.8104,-36.2104],[-60.8061,-36.253],[-60.8603,-36.3225],[-60.906,-36.3416],[-60.8661,-36.3722],[-60.9296,-36.4246],[-60.8962,-36.4513],[-60.8731,-36.4665],[-60.7628,-36.3786],[-60.7288,-36.4027],[-60.65,-36.3429],[-60.5381,-36.4177],[-60.4384,-36.4978],[-60.4781,-36.5297],[-60.3265,-36.6525],[-60.2856,-36.6199],[-60.1614,-36.7197],[-60.135,-36.6748],[-60.0628,-36.7318],[-59.9189,-36.6148],[-60.0237,-36.5318],[-59.9312,-36.4666],[-59.8427,-36.3726],[-59.8177,-36.3631],[-59.7272,-36.2882],[-59.6346,-36.3589],[-59.4882,-36.2271],[-59.3825,-36.1354],[-59.5532,-36.0068]]]}},{"type":"Feature","properties":{"zid":"06406"},"geometry":{"type":"Polygon","coordinates":[[[-61.4361,-36.0392],[-61.4915,-36.0191],[-61.5967,-36.1073],[-61.6164,-36.0916],[-61.6891,-36.1403],[-61.7424,-36.1621],[-61.7726,-36.1386],[-61.9448,-36.2686],[-61.9212,-36.2884],[-61.9744,-36.3336],[-62.015,-36.3006],[-62.0482,-36.3259],[-61.9545,-36.4041],[-61.9121,-36.3858],[-61.8696,-36.4363],[-61.7634,-36.5249],[-61.7247,-36.4943],[-61.4061,-36.241],[-61.4397,-36.2144],[-61.2698,-36.0711],[-61.3332,-36.0214],[-61.3934,-36.0718],[-61.4361,-36.0392]]]}},{"type":"Feature","properties":{"zid":"42028"},"geometry":{"type":"Polygon","coordinates":[[[-63.3856,-36.3569],[-63.9435,-36.3568],[-63.9458,-36.8062],[-63.3852,-36.8078],[-63.3854,-36.5249],[-63.3856,-36.357],[-63.3856,-36.3569]]]}},{"type":"Feature","properties":{"zid":"06238"},"geometry":{"type":"Polygon","coordinates":[[[-57.4179,-36.1576],[-57.5288,-36.1285],[-57.6451,-36.1071],[-57.671,-36.2033],[-57.7845,-36.1781],[-57.8159,-36.2784],[-57.872,-36.2669],[-57.8835,-36.3021],[-57.9717,-36.264],[-57.9873,-36.2774],[-57.7755,-36.4376],[-57.8095,-36.4665],[-57.7779,-36.4929],[-57.8485,-36.5552],[-57.7635,-36.6239],[-57.7764,-36.6345],[-57.6606,-36.7231],[-57.654,-36.7281],[-57.4937,-36.5814],[-57.4644,-36.5709],[-57.3992,-36.5131],[-57.4437,-36.4794],[-57.3993,-36.4158],[-57.3436,-36.3658],[-57.4733,-36.3403],[-57.4179,-36.1576]]]}},{"type":"Feature","properties":{"zid":"06049"},"geometry":{"type":"Polygon","coordinates":[[[-59.2892,-36.3747],[-59.4882,-36.2271],[-59.6346,-36.3589],[-59.7272,-36.2882],[-59.8177,-36.3631],[-59.8427,-36.3726],[-59.9312,-36.4666],[-60.0237,-36.5318],[-59.9189,-36.6148],[-60.0628,-36.7318],[-60.135,-36.6748],[-60.1614,-36.7197],[-60.0927,-36.7642],[-60.0014,-36.8355],[-60.0212,-36.8526],[-60.0234,-36.9153],[-60.1067,-36.9808],[-60.1036,-37.0161],[-60.1264,-37.0968],[-60.2006,-37.178],[-59.9867,-37.3399],[-60.0379,-37.3811],[-59.9533,-37.4475],[-59.8606,-37.3712],[-59.8803,-37.3559],[-59.8265,-37.3109],[-59.8071,-37.2518],[-59.7797,-37.2384],[-59.6989,-37.2162],[-59.6636,-37.1786],[-59.5866,-37.1325],[-59.5822,-37.1128],[-59.5212,-37.0826],[-59.4789,-37.0362],[-59.4372,-37.0216],[-59.3601,-36.898],[-59.3593,-36.8451],[-59.3468,-36.819],[-59.2964,-36.7805],[-59.2633,-36.7147],[-59.255,-36.6464],[-59.2249,-36.6116],[-59.1384,-36.5429],[-59.2028,-36.4932],[-59.25,-36.4375],[-59.2297,-36.4208],[-59.2892,-36.3747]]]}},{"type":"Feature","properties":{"zid":"06231"},"geometry":{"type":"Polygon","coordinates":[[[-62.0482,-36.3259],[-62.1443,-36.2455],[-62.1789,-36.2719],[-62.2055,-36.2496],[-62.4733,-36.4572],[-62.4115,-36.5092],[-62.3847,-36.4884],[-62.2217,-36.6246],[-62.249,-36.646],[-62.2018,-36.6846],[-62.1755,-36.6633],[-62.0001,-36.8116],[-62.0197,-36.8497],[-61.8598,-36.9925],[-61.7782,-36.9304],[-61.76,-36.946],[-61.7078,-36.9072],[-61.6046,-36.9944],[-61.599,-36.999],[-61.4235,-36.8646],[-61.2548,-36.735],[-61.3688,-36.641],[-61.4972,-36.7441],[-61.6641,-36.6069],[-61.6169,-36.5699],[-61.7247,-36.4943],[-61.7634,-36.5249],[-61.8696,-36.4363],[-61.9121,-36.3858],[-61.9545,-36.4041],[-62.0482,-36.3259]]]}},{"type":"Feature","properties":{"zid":"42119"},"geometry":{"type":"Polygon","coordinates":[[[-63.9435,-36.3568],[-63.3856,-36.3569],[-63.3856,-36.3563],[-63.3854,-35.9184],[-63.3854,-35.9056],[-63.9405,-35.9047],[-63.9429,-36.2656],[-63.9435,-36.3555],[-63.9435,-36.3568]]]}},{"type":"Feature","properties":{"zid":"42042"},"geometry":{"type":"Polygon","coordinates":[[[-65.6553,-37.6898],[-65.6549,-37.676],[-65.9777,-37.6832],[-66.9631,-37.698],[-67.1117,-37.7002],[-67.1022,-38.3803],[-67.1017,-38.3811],[-67.0918,-38.3996],[-67.007,-38.4243],[-66.9958,-38.4457],[-66.8931,-38.4603],[-66.812,-38.4848],[-66.7892,-38.4796],[-66.7439,-38.518],[-66.6448,-38.5376],[-66.6107,-38.5575],[-66.5782,-38.6228],[-66.5948,-38.6842],[-66.5386,-38.7209],[-66.4967,-38.7185],[-66.4418,-38.7456],[-66.3891,-38.7384],[-66.3462,-38.7565],[-66.3134,-38.7445],[-66.218,-38.741],[-66.1041,-38.7274],[-66.077,-38.7425],[-65.9461,-38.7493],[-65.9418,-38.7694],[-65.8546,-38.7966],[-65.6984,-38.8197],[-65.6849,-38.8317],[-65.6553,-37.6898]]]}},{"type":"Feature","properties":{"zid":"06847"},"geometry":{"type":"Polygon","coordinates":[[[-62.6076,-36.5614],[-62.6257,-36.5024],[-62.9397,-36.2488],[-62.9789,-36.2801],[-62.9593,-36.2961],[-63.0399,-36.3591],[-63.068,-36.3995],[-63.0486,-36.4154],[-63.1276,-36.4795],[-62.8159,-36.7318],[-62.7549,-36.6771],[-62.6076,-36.5614]]]}},{"type":"Feature","properties":{"zid":"06042"},"geometry":{"type":"Polygon","coordinates":[[[-58.2131,-36.6155],[-58.4372,-36.4521],[-58.721,-36.7002],[-58.6851,-36.74],[-58.7878,-36.7897],[-58.7943,-36.8049],[-58.9109,-36.876],[-58.9373,-36.9363],[-59.005,-36.9456],[-59.0219,-36.9613],[-59.0447,-37.0268],[-59.0901,-37.0628],[-58.9821,-37.1322],[-58.6109,-37.4113],[-58.5771,-37.384],[-58.4264,-37.5012],[-58.3546,-37.4398],[-58.2827,-37.4921],[-58.1636,-37.3882],[-58.084,-37.4451],[-58.0945,-37.4374],[-57.769,-37.136],[-57.9445,-37.0076],[-58.0199,-37.076],[-58.2865,-36.881],[-58.1144,-36.7281],[-58.2262,-36.6277],[-58.2131,-36.6155]]]}},{"type":"Feature","properties":{"zid":"06399"},"geometry":{"type":"Polygon","coordinates":[[[-62.4733,-36.4572],[-62.6076,-36.5614],[-62.7549,-36.6771],[-62.8159,-36.7318],[-62.97,-36.863],[-62.6473,-37.123],[-62.6034,-37.0979],[-62.511,-37.196],[-62.5096,-37.2338],[-62.5388,-37.2574],[-62.4254,-37.3487],[-62.2118,-37.1803],[-62.203,-37.1871],[-61.9748,-37.0168],[-61.9163,-37.0671],[-61.8757,-37.0366],[-61.8598,-36.9925],[-62.0197,-36.8497],[-62.0001,-36.8116],[-62.1755,-36.6633],[-62.2018,-36.6846],[-62.249,-36.646],[-62.2217,-36.6246],[-62.3847,-36.4884],[-62.4115,-36.5092],[-62.4733,-36.4572]]]}},{"type":"Feature","properties":{"zid":"06245"},"geometry":{"type":"Polygon","coordinates":[[[-57.877,-34.8277],[-57.9569,-34.8267],[-58.0177,-34.7803],[-58.0836,-34.8351],[-57.9318,-34.9035],[-57.9005,-34.8749],[-57.877,-34.8277]]]}},{"type":"Feature","properties":{"zid":"06448"},"geometry":{"type":"Polygon","coordinates":[[[-60.4717,-37.3492],[-60.7317,-37.1402],[-60.716,-37.1283],[-60.8145,-37.0512],[-61.011,-37.2035],[-60.8913,-37.3024],[-60.9755,-37.3681],[-60.8785,-37.4515],[-61.0647,-37.6002],[-61.178,-37.6808],[-60.8519,-37.9408],[-60.8457,-37.9358],[-60.6532,-37.7826],[-60.5567,-37.7209],[-60.5808,-37.7008],[-60.4527,-37.601],[-60.4659,-37.5903],[-60.3492,-37.496],[-60.5027,-37.3735],[-60.4717,-37.3492]]]}},{"type":"Feature","properties":{"zid":"06756"},"geometry":{"type":"Polygon","coordinates":[[[-58.5142,-34.4435],[-58.5162,-34.4433],[-58.6003,-34.4904],[-58.5538,-34.5302],[-58.4794,-34.4898],[-58.5142,-34.4435]]]}},{"type":"Feature","properties":{"zid":"06084"},"geometry":{"type":"Polygon","coordinates":[[[-59.7797,-37.2384],[-59.8071,-37.2518],[-59.8265,-37.3109],[-59.8803,-37.3559],[-59.8606,-37.3712],[-59.9533,-37.4475],[-60.0379,-37.3811],[-59.9867,-37.3399],[-60.2006,-37.178],[-60.2775,-37.2495],[-60.4372,-37.3768],[-60.4717,-37.3492],[-60.5027,-37.3735],[-60.3492,-37.496],[-60.4659,-37.5903],[-60.4527,-37.601],[-60.378,-37.6627],[-60.4242,-37.6977],[-60.3234,-37.7764],[-60.262,-37.7288],[-60.1462,-37.8176],[-60.0891,-37.8517],[-60.0605,-37.8282],[-60.0182,-37.8607],[-59.9366,-37.7944],[-59.7913,-37.9001],[-59.7547,-37.9141],[-59.6765,-37.9997],[-59.5079,-37.8688],[-59.3407,-37.7335],[-59.307,-37.7203],[-59.226,-37.6508],[-59.4184,-37.506],[-59.4893,-37.4601],[-59.7797,-37.2384]]]}},{"type":"Feature","properties":{"zid":"06175"},"geometry":{"type":"Polygon","coordinates":[[[-60.9065,-33.8873],[-60.9428,-33.8569],[-60.8613,-33.781],[-60.9009,-33.7492],[-60.8108,-33.6748],[-60.9111,-33.581],[-60.934,-33.6547],[-61.1251,-33.8339],[-61.3314,-34.0257],[-61.2099,-34.1256],[-61.175,-34.0953],[-61.1221,-34.072],[-61.0515,-34.0302],[-61.0117,-33.9821],[-60.9065,-33.8873]]]}},{"type":"Feature","properties":{"zid":"86070"},"geometry":{"type":"Polygon","coordinates":[[[-63.2336,-26.7942],[-63.2337,-26.7648],[-63.3784,-26.7641],[-63.3784,-26.888],[-63.571,-26.8872],[-63.5485,-26.9255],[-63.6572,-26.9251],[-63.824,-26.9243],[-63.8795,-26.9367],[-63.8791,-26.9051],[-63.989,-26.9044],[-63.99,-27.0303],[-63.9398,-27.0306],[-63.9403,-27.1449],[-63.9761,-27.1445],[-63.9757,-27.1915],[-63.9266,-27.1925],[-63.9268,-27.2377],[-63.9809,-27.2473],[-64.0008,-27.3312],[-64.0038,-27.3895],[-63.9645,-27.3962],[-63.9956,-27.5178],[-63.9887,-27.5587],[-63.916,-27.6555],[-63.8798,-27.6558],[-63.833,-27.6805],[-63.8333,-27.7333],[-63.7415,-27.7331],[-63.6743,-27.7516],[-63.6605,-27.8176],[-63.5926,-27.8296],[-63.5809,-27.867],[-63.4815,-27.8358],[-63.4993,-27.7814],[-63.3807,-27.7664],[-63.3415,-27.7548],[-63.2752,-27.7661],[-63.2653,-27.7212],[-63.2235,-27.728],[-63.1839,-27.5475],[-63.2416,-27.5365],[-63.2629,-27.4968],[-63.2522,-27.4434],[-63.2025,-27.439],[-63.208,-27.3215],[-63.2552,-27.3121],[-63.2222,-27.1495],[-63.2572,-27.1496],[-63.2408,-27.1085],[-63.2407,-27.0066],[-63.2336,-26.7942]]]}},{"type":"Feature","properties":{"zid":"06700"},"geometry":{"type":"Polygon","coordinates":[[[-62.0989,-37.9355],[-62.0447,-37.7525],[-62.1003,-37.7255],[-62.0846,-37.7065],[-62.1291,-37.6573],[-62.1248,-37.6335],[-62.1927,-37.5994],[-62.2834,-37.4534],[-62.322,-37.4679],[-62.3644,-37.4212],[-62.3908,-37.4126],[-62.4254,-37.3487],[-62.6299,-37.5102],[-62.5814,-37.5492],[-62.7355,-37.6718],[-62.7308,-37.6905],[-62.8956,-37.8192],[-62.7344,-37.9487],[-62.5753,-38.0752],[-62.4897,-38.0082],[-62.4681,-38.0499],[-62.4423,-38.0558],[-62.3469,-38.1359],[-62.331,-38.108],[-62.276,-38.0857],[-62.2448,-38.0417],[-62.1779,-38.0021],[-62.1524,-37.9621],[-62.0989,-37.9355]]]}},{"type":"Feature","properties":{"zid":"06553"},"geometry":{"type":"Polygon","coordinates":[[[-61.1102,-38.9959],[-61.1378,-38.9294],[-61.2695,-38.9486],[-61.3149,-38.9463],[-61.3423,-38.9155],[-61.4412,-38.9184],[-61.4532,-38.9397],[-61.4557,-38.9954],[-61.3807,-38.9884],[-61.2776,-38.9903],[-61.1764,-39.0001],[-61.1102,-38.9959]]]}},{"type":"Feature","properties":{"zid":"06476"},"geometry":{"type":"Polygon","coordinates":[[[-58.3291,-38.0741],[-58.5912,-37.878],[-58.5073,-37.8057],[-58.7374,-37.6365],[-58.8091,-37.5787],[-59.1102,-37.8262],[-59.1676,-37.8862],[-59.1684,-37.9358],[-59.1275,-37.9739],[-59.1248,-37.9956],[-59.0793,-38.0201],[-59.0296,-38.0925],[-58.9542,-38.1554],[-58.9045,-38.2245],[-58.903,-38.25],[-58.8661,-38.293],[-58.8169,-38.3195],[-58.7823,-38.378],[-58.7875,-38.4007],[-58.7571,-38.4725],[-58.708,-38.495],[-58.6195,-38.5619],[-58.5217,-38.5439],[-58.2817,-38.4661],[-58.2381,-38.4458],[-58.2849,-38.3856],[-58.2696,-38.3524],[-58.2867,-38.3097],[-58.3382,-38.2509],[-58.3236,-38.2214],[-58.3435,-38.1573],[-58.3291,-38.0741]]]}},{"type":"Feature","properties":{"zid":"06098"},"geometry":{"type":"Polygon","coordinates":[[[-57.7082,-34.9303],[-57.751,-34.9149],[-57.877,-34.8277],[-57.9005,-34.8749],[-57.9318,-34.9035],[-57.8959,-34.9304],[-57.8033,-34.9642],[-57.7524,-34.9707],[-57.7082,-34.9303]]]}},{"type":"Feature","properties":{"zid":"06812"},"geometry":{"type":"Polygon","coordinates":[[[-57.2092,-36.1962],[-57.4179,-36.1576],[-57.4733,-36.3403],[-57.3436,-36.3658],[-57.3993,-36.4158],[-57.4437,-36.4794],[-57.3992,-36.5131],[-57.4644,-36.5709],[-57.3288,-36.6692],[-57.1648,-36.521],[-57.1762,-36.5128],[-57.0987,-36.4421],[-57.0429,-36.4131],[-57.0647,-36.3856],[-57.0142,-36.3276],[-57.1279,-36.264],[-57.2092,-36.1962]]]}},{"type":"Feature","properties":{"zid":"06882"},"geometry":{"type":"Polygon","coordinates":[[[-58.8372,-33.9538],[-58.8713,-33.9334],[-58.8998,-33.891],[-58.9779,-33.8704],[-58.9888,-33.8461],[-59.0663,-33.8329],[-59.1386,-33.8438],[-59.1708,-33.8082],[-59.1717,-33.8078],[-59.2227,-33.8134],[-59.2764,-33.8203],[-59.3021,-33.8466],[-59.2401,-33.8963],[-59.2334,-33.928],[-59.3413,-33.9261],[-59.3239,-33.9963],[-59.3025,-34.0641],[-59.2688,-34.0845],[-59.2796,-34.146],[-59.3123,-34.161],[-59.2388,-34.1797],[-59.1031,-34.2001],[-58.9733,-34.1291],[-59.0005,-34.0879],[-58.966,-33.9606],[-58.8372,-33.9538]]]}},{"type":"Feature","properties":{"zid":"06665"},"geometry":{"type":"Polygon","coordinates":[[[-59.8106,-33.5858],[-59.8095,-33.5517],[-59.8339,-33.5213],[-59.8878,-33.5129],[-59.9428,-33.4725],[-59.9994,-33.4701],[-60.0722,-33.4247],[-60.1111,-33.373],[-60.1656,-33.3508],[-60.1902,-33.4109],[-60.1937,-33.4504],[-60.1602,-33.4736],[-60.2447,-33.6159],[-60.2796,-33.6202],[-60.3132,-33.6511],[-60.2394,-33.6645],[-60.1722,-33.6619],[-60.1388,-33.7111],[-60.1564,-33.7455],[-60.1074,-33.8169],[-60.0827,-33.8093],[-60.0244,-33.8266],[-60.0727,-33.7789],[-60.0411,-33.7688],[-59.8314,-33.5798],[-59.8106,-33.5858]]]}},{"type":"Feature","properties":{"zid":"06763"},"geometry":{"type":"Polygon","coordinates":[[[-60.1656,-33.3508],[-60.2007,-33.2922],[-60.2595,-33.2619],[-60.2907,-33.3232],[-60.3234,-33.3503],[-60.3467,-33.4243],[-60.4085,-33.466],[-60.421,-33.5046],[-60.4185,-33.5585],[-60.4575,-33.5983],[-60.3934,-33.642],[-60.3278,-33.6755],[-60.3132,-33.6511],[-60.2796,-33.6202],[-60.2447,-33.6159],[-60.1602,-33.4736],[-60.1937,-33.4504],[-60.1902,-33.4109],[-60.1656,-33.3508]]]}},{"type":"Feature","properties":{"zid":"86168"},"geometry":{"type":"Polygon","coordinates":[[[-63.0681,-28.8918],[-63.0678,-28.8116],[-63.1108,-28.8117],[-63.1108,-28.7654],[-63.2424,-28.7406],[-63.227,-28.6372],[-63.3134,-28.637],[-63.3134,-28.6071],[-63.3926,-28.6046],[-63.3837,-28.5556],[-63.467,-28.5425],[-63.4751,-28.5764],[-63.5237,-28.5689],[-63.5374,-28.5909],[-63.6014,-28.6265],[-63.5815,-28.6482],[-63.6225,-28.6732],[-63.584,-28.7242],[-63.6586,-28.7937],[-63.5929,-28.8762],[-63.6634,-28.9386],[-63.6048,-28.9453],[-63.5789,-28.9782],[-63.5361,-28.9902],[-63.5389,-29.0171],[-63.4795,-29.0268],[-63.3991,-29.0934],[-63.3815,-29.1367],[-63.3271,-29.1362],[-63.308,-29.1902],[-63.2113,-29.2414],[-63.1578,-29.3124],[-62.9942,-29.2186],[-62.9807,-29.202],[-62.9802,-28.9667],[-63.0681,-28.9701],[-63.0681,-28.8918]]]}},{"type":"Feature","properties":{"zid":"86133"},"geometry":{"type":"Polygon","coordinates":[[[-63.9184,-25.6821],[-63.9191,-25.6821],[-64.0078,-25.6738],[-64.0255,-25.7539],[-64.1963,-25.728],[-64.1975,-25.7095],[-64.268,-25.7006],[-64.413,-26.0405],[-64.4255,-26.1159],[-64.4949,-26.2195],[-64.5021,-26.2395],[-64.4818,-26.3076],[-64.5315,-26.3787],[-64.5084,-26.554],[-64.4172,-26.554],[-64.4171,-26.5659],[-64.2821,-26.5686],[-64.282,-26.6059],[-64.2636,-26.6345],[-64.1561,-26.6522],[-64.1624,-26.6971],[-63.9805,-26.7213],[-63.8773,-26.7212],[-63.869,-26.645],[-63.8018,-26.6413],[-63.7682,-26.4783],[-63.6923,-26.4787],[-63.7683,-26.2656],[-63.7613,-26.2143],[-63.6961,-26.0809],[-63.6902,-26.0341],[-63.7181,-26.0149],[-63.7535,-25.9291],[-63.786,-25.9115],[-63.783,-25.8861],[-63.8777,-25.7737],[-63.8926,-25.7151],[-63.9184,-25.6821]]]}},{"type":"Feature","properties":{"zid":"86028"},"geometry":{"type":"Polygon","coordinates":[[[-63.1097,-28.3272],[-63.2283,-28.3273],[-63.2309,-28.3493],[-63.3339,-28.3299],[-63.3616,-28.317],[-63.4597,-28.2124],[-63.4673,-28.2552],[-63.5534,-28.2529],[-63.5861,-28.2346],[-63.5809,-28.205],[-63.6168,-28.199],[-63.6115,-28.2546],[-63.6358,-28.3512],[-63.7099,-28.3484],[-63.6941,-28.3795],[-63.7865,-28.4357],[-63.7769,-28.4794],[-63.7012,-28.5324],[-63.667,-28.5822],[-63.6014,-28.6265],[-63.5374,-28.5909],[-63.5237,-28.5689],[-63.4751,-28.5764],[-63.467,-28.5425],[-63.3837,-28.5556],[-63.3926,-28.6046],[-63.3134,-28.6071],[-63.3134,-28.637],[-63.227,-28.6372],[-63.2424,-28.7406],[-63.1108,-28.7654],[-63.1108,-28.8117],[-63.0678,-28.8116],[-63.0681,-28.8918],[-62.8945,-28.8917],[-62.8946,-28.863],[-62.6545,-28.8627],[-62.6605,-28.8313],[-62.7134,-28.7454],[-62.7142,-28.7091],[-62.7534,-28.6324],[-62.8876,-28.5601],[-62.8768,-28.5184],[-62.9207,-28.4551],[-63.0408,-28.4076],[-63.1097,-28.3272]]]}},{"type":"Feature","properties":{"zid":"86119"},"geometry":{"type":"Polygon","coordinates":[[[-61.7126,-26.8091],[-62.0647,-26.8094],[-62.0648,-26.7899],[-62.5042,-26.7872],[-62.504,-26.8327],[-62.7651,-26.832],[-62.7659,-26.8235],[-62.9285,-26.8203],[-62.9293,-26.7937],[-63.2336,-26.7942],[-63.2407,-27.0066],[-63.2408,-27.1085],[-63.2572,-27.1496],[-63.2222,-27.1495],[-63.2552,-27.3121],[-63.208,-27.3215],[-63.2025,-27.439],[-63.2522,-27.4434],[-63.2629,-27.4968],[-63.2416,-27.5365],[-63.1839,-27.5475],[-63.2235,-27.728],[-63.1491,-27.7407],[-63.0059,-27.745],[-62.9486,-27.7515],[-62.9482,-27.7753],[-62.8843,-27.7776],[-62.8843,-27.8198],[-62.6742,-27.8203],[-62.6744,-27.7982],[-62.5703,-27.7993],[-62.5706,-27.8176],[-62.232,-27.8199],[-62.2314,-27.7905],[-61.7119,-27.7972],[-61.7119,-27.714],[-61.7128,-27.3126],[-61.7127,-26.9282],[-61.7126,-26.8091]]]}},{"type":"Feature","properties":{"zid":"22028"},"geometry":{"type":"Polygon","coordinates":[[[-60.8207,-27.3663],[-61.1621,-27.1337],[-61.4433,-26.9419],[-61.7125,-26.7551],[-61.7126,-26.8091],[-61.7127,-26.9282],[-61.3664,-27.1642],[-60.9972,-27.4177],[-60.9972,-27.4001],[-60.9094,-27.3998],[-60.8207,-27.3663]]]}},{"type":"Feature","properties":{"zid":"86189"},"geometry":{"type":"Polygon","coordinates":[[[-64.1098,-27.9726],[-64.1036,-27.9653],[-64.2218,-27.9908],[-64.2453,-28.0935],[-64.4144,-28.0625],[-64.4019,-28.1218],[-64.4349,-28.1161],[-64.4515,-28.196],[-64.4841,-28.1898],[-64.5124,-28.3166],[-64.4816,-28.3312],[-64.4907,-28.3713],[-64.2631,-28.3408],[-64.1886,-28.3063],[-64.1781,-28.2826],[-64.0826,-28.2489],[-64.0625,-28.196],[-64.0601,-28.0943],[-64.1126,-27.9831],[-64.1098,-27.9726]]]}},{"type":"Feature","properties":{"zid":"46021"},"geometry":{"type":"Polygon","coordinates":[[[-66.7347,-28.8523],[-66.8366,-28.628],[-67.0119,-28.6038],[-67.0268,-28.6386],[-67.0647,-28.6526],[-67.0687,-28.7186],[-67.1422,-28.8482],[-67.0444,-28.9711],[-66.9625,-29.0092],[-66.9433,-29.109],[-66.8622,-29.1744],[-66.8349,-29.1551],[-66.7974,-29.0677],[-66.7754,-29.049],[-66.7347,-28.8523]]]}},{"type":"Feature","properties":{"zid":"66105"},"geometry":{"type":"Polygon","coordinates":[[[-68.507,-25.1683],[-67.8646,-25.2384],[-67.2916,-25.2403],[-66.8793,-25.2417],[-66.5602,-25.3003],[-66.537,-25.2656],[-66.5516,-25.2275],[-66.545,-25.1809],[-66.6206,-25.1422],[-66.6257,-25.106],[-66.6236,-25.0502],[-66.5933,-24.9969],[-66.5963,-24.9368],[-66.556,-24.871],[-66.525,-24.8447],[-66.4118,-24.8126],[-66.404,-24.8236],[-66.4262,-24.7316],[-66.4178,-24.68],[-66.3893,-24.6221],[-66.3677,-24.6072],[-66.3606,-24.5387],[-66.402,-24.4744],[-66.4053,-24.4294],[-66.4298,-24.4022],[-66.4878,-24.3771],[-66.4874,-24.3405],[-66.5063,-24.2986],[-66.5021,-24.2427],[-66.2365,-24.4378],[-66.1548,-24.0161],[-66.3599,-23.9123],[-66.3681,-23.9719],[-66.3497,-24.0212],[-66.3702,-24.0501],[-66.3818,-24.1278],[-66.4143,-24.1287],[-66.4206,-24.1607],[-66.5353,-24.208],[-66.5587,-24.1873],[-66.6463,-24.1725],[-66.6786,-24.1421],[-66.7141,-24.1323],[-66.741,-24.0926],[-66.8012,-24.0945],[-66.84,-24.0681],[-66.8871,-23.9717],[-66.9411,-23.984],[-66.9976,-23.885],[-67.213,-23.6949],[-67.3226,-24.0342],[-67.8321,-24.2354],[-68.2455,-24.3961],[-68.3102,-24.4852],[-68.3916,-24.4916],[-68.4333,-24.5981],[-68.4751,-24.6213],[-68.5159,-24.7039],[-68.5443,-24.7243],[-68.5687,-24.7935],[-68.538,-24.8173],[-68.5332,-24.8583],[-68.4873,-24.8944],[-68.4325,-24.9059],[-68.4276,-24.9609],[-68.406,-25.0311],[-68.3711,-25.0534],[-68.3442,-25.1108],[-68.4102,-25.1453],[-68.4378,-25.1251],[-68.507,-25.1683]]]}},{"type":"Feature","properties":{"zid":"82035"},"geometry":{"type":"Polygon","coordinates":[[[-59.6362,-30.7021],[-60.2049,-30.6507],[-60.2122,-30.6886],[-60.2477,-30.7417],[-60.2476,-30.8564],[-60.2842,-30.8595],[-60.2983,-30.9702],[-60.3323,-31.0164],[-60.3201,-31.0392],[-60.369,-31.1165],[-60.4209,-31.1642],[-60.4495,-31.2131],[-60.4643,-31.2738],[-60.4981,-31.3011],[-60.4737,-31.3395],[-60.5092,-31.3862],[-60.5025,-31.4187],[-60.5449,-31.4437],[-60.5305,-31.4696],[-60.4814,-31.4925],[-60.3667,-31.5143],[-60.3508,-31.5002],[-60.3019,-31.5342],[-60.3018,-31.5342],[-60.2579,-31.5357],[-60.2302,-31.5183],[-60.2071,-31.4652],[-60.1491,-31.4483],[-60.1384,-31.4134],[-60.0961,-31.3706],[-60.0869,-31.3398],[-60.1056,-31.2899],[-60.0255,-31.2591],[-59.985,-31.1941],[-59.9654,-31.1229],[-59.9254,-31.1051],[-59.8798,-31.0584],[-59.8182,-30.9425],[-59.734,-30.8749],[-59.7049,-30.8174],[-59.6994,-30.7691],[-59.6426,-30.7307],[-59.6362,-30.7021]]]}},{"type":"Feature","properties":{"zid":"82007"},"geometry":{"type":"Polygon","coordinates":[[[-61.4952,-32.3833],[-61.9124,-32.3072],[-61.9037,-32.3275],[-62.0123,-32.3455],[-61.9439,-32.4391],[-61.9131,-32.4997],[-61.8909,-32.5918],[-61.8962,-32.6152],[-61.9462,-32.651],[-61.9466,-32.6785],[-61.904,-32.696],[-61.858,-32.6946],[-61.8301,-32.7462],[-61.7957,-32.774],[-61.7778,-32.83],[-61.7928,-32.8732],[-61.7723,-32.9131],[-61.7909,-32.958],[-61.7947,-33.0142],[-61.7948,-33.0142],[-61.7945,-33.0192],[-61.7894,-33.0212],[-61.7885,-33.0271],[-61.781,-33.0294],[-61.7736,-33.0452],[-61.7473,-33.071],[-61.7129,-33.0905],[-61.6424,-32.8833],[-61.5328,-32.8466],[-61.5156,-32.7535],[-61.4713,-32.5796],[-61.4848,-32.5771],[-61.4377,-32.3938],[-61.4952,-32.3833]]]}},{"type":"Feature","properties":{"zid":"82105"},"geometry":{"type":"Polygon","coordinates":[[[-60.7227,-31.9722],[-60.7476,-31.9085],[-60.7313,-31.8657],[-60.8263,-31.8809],[-60.8293,-31.823],[-60.9782,-31.8003],[-60.9931,-31.8643],[-61.1702,-31.8314],[-61.1959,-31.8518],[-61.3008,-31.8319],[-61.3547,-31.8298],[-61.3928,-31.858],[-61.3478,-31.8666],[-61.3781,-31.9891],[-61.3554,-32.0827],[-61.3919,-32.2103],[-61.448,-32.2],[-61.4952,-32.3833],[-61.4377,-32.3938],[-61.1928,-32.4388],[-61.1909,-32.4314],[-60.8967,-32.4675],[-60.8676,-32.4516],[-60.8278,-32.4583],[-60.7924,-32.4991],[-60.7691,-32.4968],[-60.7238,-32.4561],[-60.7116,-32.3931],[-60.7216,-32.3421],[-60.6823,-32.324],[-60.6737,-32.224],[-60.7001,-32.169],[-60.6947,-32.1288],[-60.6586,-32.0802],[-60.6637,-32.0384],[-60.7227,-31.9722]]]}},{"type":"Feature","properties":{"zid":"54028"},"geometry":{"type":"Polygon","coordinates":[[[-55.7946,-27.4341],[-55.8389,-27.4075],[-55.8963,-27.3427],[-55.9789,-27.3551],[-56.0243,-27.3243],[-56.0386,-27.3447],[-56.0297,-27.3862],[-56.0555,-27.4208],[-56.0266,-27.5073],[-55.9789,-27.5402],[-55.8889,-27.6936],[-55.8512,-27.7579],[-55.8476,-27.7572],[-55.8023,-27.7463],[-55.7833,-27.7143],[-55.7282,-27.7138],[-55.6701,-27.7504],[-55.6644,-27.7108],[-55.6185,-27.6966],[-55.6127,-27.6453],[-55.6623,-27.6209],[-55.6751,-27.6036],[-55.8013,-27.5777],[-55.7876,-27.5563],[-55.7872,-27.4934],[-55.8108,-27.4529],[-55.7946,-27.4341]]]}},{"type":"Feature","properties":{"zid":"46126"},"geometry":{"type":"Polygon","coordinates":[[[-66.8622,-29.1744],[-66.9433,-29.109],[-66.9625,-29.0092],[-67.0444,-28.9711],[-67.1422,-28.8482],[-67.1748,-28.9055],[-67.2091,-28.971],[-67.2159,-29.0132],[-67.2156,-29.06],[-67.1991,-29.1134],[-67.2227,-29.1705],[-67.1846,-29.2666],[-67.1481,-29.2992],[-67.141,-29.3283],[-67.09,-29.4055],[-67.0715,-29.4288],[-67.0254,-29.4253],[-66.946,-29.3573],[-66.9351,-29.3028],[-66.8913,-29.2384],[-66.8622,-29.1744]]]}},{"type":"Feature","properties":{"zid":"54098"},"geometry":{"type":"Polygon","coordinates":[[[-55.2045,-26.9695],[-55.2442,-26.9401],[-55.3098,-26.9644],[-55.3692,-26.9644],[-55.4198,-26.993],[-55.4537,-27.0456],[-55.4511,-27.1021],[-55.481,-27.1115],[-55.5491,-27.0982],[-55.5583,-27.1498],[-55.605,-27.1601],[-55.6116,-27.213],[-55.5721,-27.2639],[-55.6024,-27.2846],[-55.5876,-27.3133],[-55.5372,-27.2935],[-55.4895,-27.3057],[-55.4602,-27.3825],[-55.3802,-27.3825],[-55.3531,-27.4035],[-55.3145,-27.3931],[-55.2891,-27.4057],[-55.2738,-27.3458],[-55.2323,-27.3337],[-55.1748,-27.2907],[-55.1358,-27.2853],[-55.1367,-27.1862],[-55.1016,-27.1824],[-55.0996,-27.0626],[-55.1499,-27.0601],[-55.177,-27.0306],[-55.1767,-26.9991],[-55.2045,-26.9695]]]}},{"type":"Feature","properties":{"zid":"54021"},"geometry":{"type":"Polygon","coordinates":[[[-55.2891,-27.4057],[-55.3145,-27.3931],[-55.3531,-27.4035],[-55.3802,-27.3825],[-55.4602,-27.3825],[-55.4895,-27.3057],[-55.5372,-27.2935],[-55.5876,-27.3133],[-55.5961,-27.3392],[-55.6747,-27.3732],[-55.7433,-27.446],[-55.7946,-27.4341],[-55.8108,-27.4529],[-55.7872,-27.4934],[-55.7876,-27.5563],[-55.8013,-27.5777],[-55.6751,-27.6036],[-55.6623,-27.6209],[-55.6279,-27.6132],[-55.5611,-27.5749],[-55.5778,-27.5511],[-55.5172,-27.5162],[-55.5004,-27.5393],[-55.3663,-27.4616],[-55.2891,-27.4057]]]}},{"type":"Feature","properties":{"zid":"54084"},"geometry":{"type":"Polygon","coordinates":[[[-54.2689,-26.4833],[-54.3534,-26.4916],[-54.3849,-26.5068],[-54.4202,-26.4963],[-54.4398,-26.5169],[-54.4863,-26.5197],[-54.5629,-26.4687],[-54.6066,-26.5034],[-54.708,-26.4516],[-54.7843,-26.5128],[-54.8065,-26.5637],[-54.7848,-26.6233],[-54.8015,-26.6495],[-54.6649,-26.9546],[-54.6129,-26.9334],[-54.5659,-26.9142],[-54.5683,-26.8947],[-54.5239,-26.854],[-54.5438,-26.8319],[-54.4732,-26.7763],[-54.4344,-26.7311],[-54.2669,-26.6395],[-54.2689,-26.4833]]]}},{"type":"Feature","properties":{"zid":"54014"},"geometry":{"type":"Polygon","coordinates":[[[-54.5125,-27.2613],[-54.5289,-27.2096],[-54.5051,-27.1881],[-54.4863,-27.1423],[-54.4989,-27.0908],[-54.5419,-27.0913],[-54.6129,-26.9334],[-54.6649,-26.9546],[-54.703,-26.9793],[-54.7201,-26.9364],[-54.7569,-26.9466],[-54.7277,-27.0454],[-54.7602,-27.0518],[-54.7867,-27.0079],[-54.8721,-26.9884],[-54.883,-27.0055],[-54.8852,-27.0766],[-54.9649,-27.1025],[-55.0121,-27.0621],[-55.0996,-27.0626],[-55.1016,-27.1824],[-55.0783,-27.191],[-54.938,-27.3706],[-54.9226,-27.3612],[-54.8342,-27.3872],[-54.8206,-27.3831],[-54.8214,-27.2963],[-54.8354,-27.2483],[-54.7013,-27.2157],[-54.7168,-27.163],[-54.6093,-27.1635],[-54.6221,-27.2135],[-54.5952,-27.2282],[-54.5841,-27.2751],[-54.5125,-27.2613]]]}},{"type":"Feature","properties":{"zid":"54091"},"geometry":{"type":"Polygon","coordinates":[[[-54.9226,-27.3612],[-54.938,-27.3706],[-55.0783,-27.191],[-55.1016,-27.1824],[-55.1367,-27.1862],[-55.1358,-27.2853],[-55.1748,-27.2907],[-55.2323,-27.3337],[-55.2738,-27.3458],[-55.2891,-27.4057],[-55.3663,-27.4616],[-55.3365,-27.4766],[-55.3022,-27.4649],[-55.2364,-27.5456],[-55.2582,-27.5618],[-55.1723,-27.6253],[-55.0779,-27.6191],[-55.0483,-27.643],[-55.021,-27.7125],[-54.978,-27.7708],[-54.9362,-27.7719],[-54.9028,-27.721],[-54.9069,-27.6434],[-54.8463,-27.6194],[-54.8783,-27.565],[-54.8601,-27.5326],[-54.9177,-27.4704],[-54.9226,-27.3612]]]}},{"type":"Feature","properties":{"zid":"54119"},"geometry":{"type":"Polygon","coordinates":[[[-54.8463,-27.6194],[-54.8284,-27.5608],[-54.7925,-27.5411],[-54.7839,-27.58],[-54.743,-27.5623],[-54.6837,-27.575],[-54.614,-27.5315],[-54.5716,-27.4544],[-54.5198,-27.5024],[-54.5043,-27.4818],[-54.4493,-27.4761],[-54.4647,-27.4238],[-54.3965,-27.4127],[-54.3533,-27.4663],[-54.3191,-27.4135],[-54.3074,-27.3626],[-54.3295,-27.2893],[-54.3615,-27.2328],[-54.5125,-27.2613],[-54.5841,-27.2751],[-54.5952,-27.2282],[-54.6221,-27.2135],[-54.6093,-27.1635],[-54.7168,-27.163],[-54.7013,-27.2157],[-54.8354,-27.2483],[-54.8214,-27.2963],[-54.8206,-27.3831],[-54.8342,-27.3872],[-54.9226,-27.3612],[-54.9177,-27.4704],[-54.8601,-27.5326],[-54.8783,-27.565],[-54.8463,-27.6194]]]}},{"type":"Feature","properties":{"zid":"54070"},"geometry":{"type":"Polygon","coordinates":[[[-55.1723,-27.6253],[-55.2582,-27.5618],[-55.2364,-27.5456],[-55.3022,-27.4649],[-55.3365,-27.4766],[-55.3663,-27.4616],[-55.5004,-27.5393],[-55.5172,-27.5162],[-55.5778,-27.5511],[-55.5611,-27.5749],[-55.6279,-27.6132],[-55.6623,-27.6209],[-55.6127,-27.6453],[-55.6185,-27.6966],[-55.4953,-27.7091],[-55.5026,-27.7627],[-55.3712,-27.7768],[-55.3256,-27.7781],[-55.2906,-27.733],[-55.2623,-27.7415],[-55.1886,-27.7329],[-55.1658,-27.6982],[-55.1723,-27.6253]]]}},{"type":"Feature","properties":{"zid":"54105"},"geometry":{"type":"Polygon","coordinates":[[[-54.978,-27.7708],[-55.021,-27.7125],[-55.0483,-27.643],[-55.0779,-27.6191],[-55.1723,-27.6253],[-55.1658,-27.6982],[-55.1886,-27.7329],[-55.2623,-27.7415],[-55.2906,-27.733],[-55.3256,-27.7781],[-55.3712,-27.7768],[-55.3167,-27.9226],[-55.2692,-27.9312],[-55.1972,-27.8571],[-55.1252,-27.8588],[-55.0886,-27.8423],[-55.0327,-27.8567],[-55.0325,-27.8249],[-55.083,-27.7971],[-55.0537,-27.7704],[-55.0083,-27.7976],[-54.978,-27.7708]]]}},{"type":"Feature","properties":{"zid":"54035"},"geometry":{"type":"Polygon","coordinates":[[[-55.5882,-28.1187],[-55.5655,-28.1627],[-55.5361,-28.119],[-55.4834,-28.0776],[-55.4478,-28.0991],[-55.4228,-28.061],[-55.3816,-28.0396],[-55.3699,-28.0142],[-55.3836,-27.9812],[-55.3365,-27.9614],[-55.3167,-27.9226],[-55.3712,-27.7768],[-55.5026,-27.7627],[-55.5243,-27.7611],[-55.5574,-27.8347],[-55.633,-27.9443],[-55.568,-27.9578],[-55.5554,-28.0418],[-55.5614,-28.0799],[-55.5882,-28.1187]]]}},{"type":"Feature","properties":{"zid":"54007"},"geometry":{"type":"Polygon","coordinates":[[[-55.6185,-27.6966],[-55.6644,-27.7108],[-55.6701,-27.7504],[-55.7282,-27.7138],[-55.7833,-27.7143],[-55.8023,-27.7463],[-55.8476,-27.7572],[-55.8512,-27.7579],[-55.8508,-27.7584],[-55.8359,-27.7839],[-55.844,-27.8401],[-55.8273,-27.8542],[-55.8318,-27.9041],[-55.8206,-27.95],[-55.7616,-28.0127],[-55.7324,-28.0663],[-55.6202,-28.1375],[-55.5882,-28.1187],[-55.5614,-28.0799],[-55.5554,-28.0418],[-55.568,-27.9578],[-55.633,-27.9443],[-55.5574,-27.8347],[-55.5243,-27.7611],[-55.5026,-27.7627],[-55.4953,-27.7091],[-55.6185,-27.6966]]]}},{"type":"Feature","properties":{"zid":"54056"},"geometry":{"type":"Polygon","coordinates":[[[-53.9336,-27.1563],[-53.8969,-27.1368],[-53.9021,-27.0795],[-53.9203,-27.0438],[-53.9654,-27.0522],[-53.9819,-27.0157],[-54.0188,-26.9807],[-54.0075,-26.9371],[-54.0248,-26.9027],[-54.0497,-26.9012],[-54.0981,-26.857],[-54.1253,-26.812],[-54.1392,-26.7479],[-54.2394,-26.8045],[-54.2649,-26.7466],[-54.1879,-26.6669],[-54.2669,-26.6395],[-54.4344,-26.7311],[-54.4732,-26.7763],[-54.5438,-26.8319],[-54.5239,-26.854],[-54.5683,-26.8947],[-54.5659,-26.9142],[-54.6129,-26.9334],[-54.5419,-27.0913],[-54.4989,-27.0908],[-54.4863,-27.1423],[-54.5051,-27.1881],[-54.5289,-27.2096],[-54.5125,-27.2613],[-54.3615,-27.2328],[-54.3295,-27.2893],[-54.3074,-27.3626],[-54.3191,-27.4135],[-54.2945,-27.4447],[-54.2672,-27.4349],[-54.2595,-27.3965],[-54.2148,-27.3835],[-54.1863,-27.2666],[-54.1589,-27.292],[-54.1018,-27.3032],[-54.0551,-27.2637],[-54.027,-27.2551],[-54.0053,-27.1971],[-53.9627,-27.1976],[-53.9599,-27.1602],[-53.9336,-27.1563]]]}},{"type":"Feature","properties":{"zid":"54112"},"geometry":{"type":"Polygon","coordinates":[[[-53.7135,-26.4686],[-53.7708,-26.3883],[-53.7474,-26.3347],[-53.8713,-26.3406],[-53.8867,-26.2474],[-53.9474,-26.2371],[-53.9867,-26.2167],[-53.9869,-26.2681],[-54.1694,-26.268],[-54.1741,-26.4504],[-54.2646,-26.4494],[-54.2689,-26.4833],[-54.2669,-26.6395],[-54.1879,-26.6669],[-54.2649,-26.7466],[-54.2394,-26.8045],[-54.1392,-26.7479],[-54.1253,-26.812],[-54.0981,-26.857],[-54.0497,-26.9012],[-54.0248,-26.9027],[-54.0075,-26.9371],[-54.0188,-26.9807],[-53.9819,-27.0157],[-53.9654,-27.0522],[-53.9203,-27.0438],[-53.9021,-27.0795],[-53.8969,-27.1368],[-53.9336,-27.1563],[-53.8974,-27.17],[-53.8783,-27.1275],[-53.8475,-27.1579],[-53.7772,-27.1011],[-53.8047,-27.0766],[-53.7326,-27.0081],[-53.6814,-26.9162],[-53.6616,-26.8636],[-53.699,-26.8263],[-53.7343,-26.7166],[-53.7281,-26.6581],[-53.7417,-26.6478],[-53.7224,-26.5817],[-53.7308,-26.5105],[-53.7135,-26.4686]]]}},{"type":"Feature","properties":{"zid":"54063"},"geometry":{"type":"Polygon","coordinates":[[[-54.1643,-25.5423],[-54.1867,-25.5858],[-54.22,-25.5665],[-54.2534,-25.5966],[-54.2804,-25.5589],[-54.3215,-25.5669],[-54.342,-25.6013],[-54.3708,-25.5948],[-54.422,-25.6549],[-54.4484,-25.661],[-54.5,-25.6146],[-54.5545,-25.5878],[-54.5933,-25.5933],[-54.5837,-25.6663],[-54.6501,-25.6645],[-54.6565,-25.6909],[-54.6322,-25.7624],[-54.5889,-25.8226],[-54.622,-25.9124],[-54.6067,-25.961],[-54.6237,-25.9854],[-54.6555,-25.9793],[-54.6767,-26.0179],[-54.6433,-26.0977],[-54.6741,-26.1429],[-54.6472,-26.184],[-54.6403,-26.1558],[-54.6037,-26.1619],[-54.5478,-26.1409],[-54.4342,-26.1536],[-54.4326,-26.1214],[-54.3208,-26.1424],[-54.1532,-26.1427],[-54.1537,-26.118],[-54.1966,-26.1034],[-54.1616,-25.6624],[-54.1643,-25.5423]]]}},{"type":"Feature","properties":{"zid":"54049"},"geometry":{"type":"Polygon","coordinates":[[[-53.7135,-26.4686],[-53.6887,-26.435],[-53.7078,-26.395],[-53.6859,-26.3362],[-53.6444,-26.2822],[-53.6415,-26.2126],[-53.7147,-26.1274],[-53.7406,-26.1178],[-53.7328,-26.0471],[-53.8179,-25.99],[-53.84,-25.9537],[-53.82,-25.8975],[-53.8396,-25.8827],[-53.8428,-25.839],[-53.8219,-25.799],[-53.8371,-25.7486],[-53.8639,-25.7312],[-53.8504,-25.7014],[-53.8621,-25.659],[-54.0283,-25.5662],[-54.0543,-25.5838],[-54.0834,-25.5609],[-54.1231,-25.5621],[-54.094,-25.5148],[-54.1043,-25.4944],[-54.1643,-25.5423],[-54.1616,-25.6624],[-54.1966,-26.1034],[-54.1537,-26.118],[-54.1532,-26.1427],[-54.1685,-26.2154],[-54.1694,-26.268],[-53.9869,-26.2681],[-53.9867,-26.2167],[-53.9474,-26.2371],[-53.8867,-26.2474],[-53.8713,-26.3406],[-53.7474,-26.3347],[-53.7708,-26.3883],[-53.7135,-26.4686]]]}},{"type":"Feature","properties":{"zid":"54042"},"geometry":{"type":"Polygon","coordinates":[[[-54.1532,-26.1427],[-54.3208,-26.1424],[-54.4326,-26.1214],[-54.4342,-26.1536],[-54.5478,-26.1409],[-54.6037,-26.1619],[-54.6403,-26.1558],[-54.6472,-26.184],[-54.6233,-26.2238],[-54.673,-26.2552],[-54.6515,-26.32],[-54.6955,-26.3758],[-54.708,-26.4516],[-54.6066,-26.5034],[-54.5629,-26.4687],[-54.4863,-26.5197],[-54.4398,-26.5169],[-54.4202,-26.4963],[-54.3849,-26.5068],[-54.3534,-26.4916],[-54.2689,-26.4833],[-54.2646,-26.4494],[-54.1741,-26.4504],[-54.1694,-26.268],[-54.1685,-26.2154],[-54.1532,-26.1427]]]}},{"type":"Feature","properties":{"zid":"54077"},"geometry":{"type":"Polygon","coordinates":[[[-54.6649,-26.9546],[-54.8015,-26.6495],[-54.8315,-26.6741],[-54.8803,-26.656],[-54.9422,-26.6824],[-54.9442,-26.7527],[-54.976,-26.7899],[-55.0575,-26.799],[-55.0887,-26.8331],[-55.1298,-26.8536],[-55.1503,-26.896],[-55.1301,-26.9359],[-55.1415,-26.9535],[-55.2045,-26.9695],[-55.1767,-26.9991],[-55.177,-27.0306],[-55.1499,-27.0601],[-55.0996,-27.0626],[-55.0121,-27.0621],[-54.9649,-27.1025],[-54.8852,-27.0766],[-54.883,-27.0055],[-54.8721,-26.9884],[-54.7867,-27.0079],[-54.7602,-27.0518],[-54.7277,-27.0454],[-54.7569,-26.9466],[-54.7201,-26.9364],[-54.703,-26.9793],[-54.6649,-26.9546]]]}},{"type":"Feature","properties":{"zid":"30028"},"geometry":{"type":"Polygon","coordinates":[[[-58.2696,-30.2524],[-58.301,-30.322],[-58.3385,-30.3137],[-58.339,-30.3564],[-58.3918,-30.4021],[-58.398,-30.4387],[-58.4277,-30.491],[-58.464,-30.5796],[-58.5092,-30.6051],[-58.501,-30.6263],[-58.5704,-30.6696],[-58.5775,-30.6907],[-58.4915,-30.7322],[-58.4853,-30.7716],[-58.4578,-30.8099],[-58.4183,-30.8335],[-58.2757,-30.8535],[-58.2742,-30.918],[-58.2438,-30.9479],[-58.2492,-30.992],[-58.2205,-31.0464],[-58.1485,-31.0811],[-58.1117,-31.0862],[-58.0276,-31.1235],[-58.0046,-31.1442],[-57.9574,-31.217],[-57.9219,-31.2316],[-57.9124,-31.177],[-57.9203,-31.1391],[-57.8642,-31.0551],[-57.8623,-31.0263],[-57.9135,-30.9321],[-57.8933,-30.9071],[-57.8503,-30.9191],[-57.8227,-30.9094],[-57.7992,-30.8532],[-57.7974,-30.7827],[-57.8095,-30.7302],[-57.8948,-30.6694],[-57.9753,-30.647],[-58.0344,-30.5947],[-58.037,-30.5689],[-58.0689,-30.5456],[-58.0601,-30.5017],[-58.0709,-30.4306],[-58.1402,-30.4063],[-58.1919,-30.3356],[-58.2229,-30.2771],[-58.2696,-30.2524]]]}},{"type":"Feature","properties":{"zid":"30063"},"geometry":{"type":"Polygon","coordinates":[[[-58.4345,-33.5015],[-58.5341,-33.4697],[-58.5801,-33.4411],[-58.5973,-33.4756],[-58.6618,-33.4367],[-58.6891,-33.4399],[-58.7464,-33.4765],[-58.784,-33.4487],[-58.8409,-33.4422],[-58.8612,-33.4807],[-58.9538,-33.4809],[-59.0941,-33.4218],[-59.1457,-33.4106],[-59.224,-33.3208],[-59.2519,-33.2076],[-59.292,-33.1535],[-59.3056,-33.19],[-59.3371,-33.1843],[-59.3372,-33.2292],[-59.4367,-33.2222],[-59.4958,-33.2262],[-59.5252,-33.1975],[-59.566,-33.2061],[-59.645,-33.2984],[-59.6219,-33.3569],[-59.5391,-33.3807],[-59.5274,-33.4329],[-59.4309,-33.4611],[-59.3575,-33.5454],[-59.3174,-33.5484],[-59.3056,-33.595],[-59.2565,-33.6442],[-59.2375,-33.7052],[-59.18,-33.7444],[-59.1784,-33.7928],[-59.1744,-33.8035],[-59.1711,-33.8081],[-59.1708,-33.8082],[-59.1386,-33.8438],[-59.0663,-33.8329],[-58.9888,-33.8461],[-58.9779,-33.8704],[-58.8998,-33.891],[-58.8713,-33.9334],[-58.8372,-33.9538],[-58.7637,-33.9453],[-58.6753,-34.0255],[-58.6305,-34.0398],[-58.5532,-34.0267],[-58.4773,-34.0026],[-58.3789,-34.0122],[-58.345,-34.0384],[-58.3767,-34],[-58.4217,-33.9167],[-58.4337,-33.8294],[-58.4349,-33.7201],[-58.4735,-33.6534],[-58.4942,-33.589],[-58.4477,-33.5436],[-58.4345,-33.5015]]]}},{"type":"Feature","properties":{"zid":"30098"},"geometry":{"type":"Polygon","coordinates":[[[-58.1846,-32.3809],[-58.2108,-32.3542],[-58.2864,-32.3317],[-58.3625,-32.2557],[-58.4141,-32.2503],[-58.4122,-32.1836],[-58.4993,-32.1862],[-58.5418,-32.2014],[-58.5956,-32.194],[-58.6473,-32.1737],[-58.6574,-32.0865],[-58.7267,-31.9711],[-58.768,-32.0092],[-58.8615,-32.0263],[-58.9225,-32.0623],[-58.968,-32.0512],[-59.0033,-32.0834],[-59.0628,-32.0695],[-59.0977,-32.1353],[-59.087,-32.1866],[-59.1074,-32.2096],[-59.0844,-32.2503],[-59.0747,-32.3126],[-59.1,-32.3545],[-59.0841,-32.3857],[-59.1055,-32.4057],[-59.0962,-32.4663],[-58.971,-32.5227],[-58.9383,-32.4958],[-58.8821,-32.5178],[-58.8386,-32.549],[-58.7664,-32.5606],[-58.7059,-32.5446],[-58.6397,-32.5125],[-58.5826,-32.5499],[-58.5198,-32.5641],[-58.5275,-32.6177],[-58.5179,-32.7006],[-58.4929,-32.7505],[-58.4974,-32.7966],[-58.4865,-32.8426],[-58.4963,-32.8745],[-58.2627,-32.8757],[-58.2638,-33.0273],[-58.114,-33.0302],[-58.0887,-33.0105],[-58.0868,-32.9608],[-58.1115,-32.9303],[-58.1231,-32.8056],[-58.15,-32.732],[-58.145,-32.6711],[-58.1604,-32.5719],[-58.188,-32.5311],[-58.2041,-32.4647],[-58.1846,-32.3809]]]}},{"type":"Feature","properties":{"zid":"30008"},"geometry":{"type":"Polygon","coordinates":[[[-58.0372,-31.7281],[-58.0856,-31.7196],[-58.1584,-31.7436],[-58.2343,-31.7326],[-58.2723,-31.701],[-58.2885,-31.6687],[-58.3789,-31.7435],[-58.4326,-31.7472],[-58.4146,-31.7978],[-58.4473,-31.8173],[-58.5074,-31.7873],[-58.5409,-31.8221],[-58.5371,-31.8433],[-58.6278,-31.8828],[-58.7086,-31.888],[-58.7295,-31.8562],[-58.7431,-31.921],[-58.7267,-31.9711],[-58.6574,-32.0865],[-58.6473,-32.1737],[-58.5956,-32.194],[-58.5418,-32.2014],[-58.4993,-32.1862],[-58.4122,-32.1836],[-58.4141,-32.2503],[-58.3625,-32.2557],[-58.2864,-32.3317],[-58.2108,-32.3542],[-58.1846,-32.3809],[-58.1249,-32.3422],[-58.103,-32.3091],[-58.1025,-32.2489],[-58.1798,-32.1654],[-58.1684,-32.0939],[-58.1502,-32.0757],[-58.1398,-31.9984],[-58.171,-31.9298],[-58.1913,-31.9203],[-58.206,-31.8694],[-58.1556,-31.8401],[-58.0839,-31.8196],[-58.0371,-31.7523],[-58.0372,-31.7281]]]}},{"type":"Feature","properties":{"zid":"30056"},"geometry":{"type":"Polygon","coordinates":[[[-58.114,-33.0302],[-58.2638,-33.0273],[-58.2627,-32.8757],[-58.4963,-32.8745],[-58.4865,-32.8426],[-58.4974,-32.7966],[-58.4929,-32.7505],[-58.5179,-32.7006],[-58.5275,-32.6177],[-58.5198,-32.5641],[-58.5826,-32.5499],[-58.6397,-32.5125],[-58.7059,-32.5446],[-58.7664,-32.5606],[-58.8386,-32.549],[-58.8821,-32.5178],[-58.9383,-32.4958],[-58.971,-32.5227],[-59.0962,-32.4663],[-59.0967,-32.5434],[-59.1076,-32.5665],[-59.0937,-32.6168],[-59.1449,-32.7126],[-59.1148,-32.8056],[-59.1414,-32.8213],[-59.1555,-32.8865],[-59.1422,-32.9122],[-59.1879,-32.9349],[-59.2315,-33.0061],[-59.2636,-33.0795],[-59.2598,-33.1071],[-59.292,-33.1535],[-59.2519,-33.2076],[-59.224,-33.3208],[-59.1457,-33.4106],[-59.0941,-33.4218],[-58.9538,-33.4809],[-58.8612,-33.4807],[-58.8409,-33.4422],[-58.784,-33.4487],[-58.7464,-33.4765],[-58.6891,-33.4399],[-58.6618,-33.4367],[-58.5973,-33.4756],[-58.5801,-33.4411],[-58.5341,-33.4697],[-58.4345,-33.5015],[-58.4431,-33.4512],[-58.4318,-33.365],[-58.3972,-33.3138],[-58.3911,-33.2751],[-58.4097,-33.2304],[-58.4045,-33.1809],[-58.3618,-33.121],[-58.3131,-33.1057],[-58.258,-33.1028],[-58.1768,-33.0772],[-58.114,-33.0302]]]}},{"type":"Feature","properties":{"zid":"30015"},"geometry":{"type":"Polygon","coordinates":[[[-57.9219,-31.2316],[-57.9574,-31.217],[-58.0046,-31.1442],[-58.0276,-31.1235],[-58.1117,-31.0862],[-58.1485,-31.0811],[-58.2205,-31.0464],[-58.2492,-30.992],[-58.2438,-30.9479],[-58.2742,-30.918],[-58.2757,-30.8535],[-58.4183,-30.8335],[-58.4742,-30.9452],[-58.5072,-30.9822],[-58.4845,-31.0095],[-58.5065,-31.0308],[-58.563,-31.0368],[-58.5803,-31.0707],[-58.5567,-31.1257],[-58.4588,-31.1708],[-58.3915,-31.211],[-58.4092,-31.2386],[-58.4643,-31.2601],[-58.4119,-31.3512],[-58.4538,-31.3777],[-58.4497,-31.4313],[-58.3465,-31.4862],[-58.3256,-31.4859],[-58.3288,-31.5448],[-58.2871,-31.5396],[-58.2975,-31.6026],[-58.2654,-31.6024],[-58.2885,-31.6687],[-58.2723,-31.701],[-58.2343,-31.7326],[-58.1584,-31.7436],[-58.0856,-31.7196],[-58.0372,-31.7281],[-58.0126,-31.6859],[-57.9806,-31.581],[-58.0233,-31.516],[-58.0805,-31.485],[-58.0808,-31.4536],[-57.9825,-31.3927],[-57.9971,-31.3611],[-57.9786,-31.3161],[-57.9354,-31.27],[-57.9219,-31.2316]]]}},{"type":"Feature","properties":{"zid":"18140"},"geometry":{"type":"Polygon","coordinates":[[[-58.3353,-27.4146],[-58.3555,-27.3979],[-58.4049,-27.408],[-58.4473,-27.3988],[-58.4843,-27.4236],[-58.4839,-27.4694],[-58.5878,-27.5165],[-58.6287,-27.5104],[-58.654,-27.5345],[-58.6684,-27.6122],[-58.6228,-27.6165],[-58.5959,-27.6475],[-58.601,-27.7185],[-58.4975,-27.7282],[-58.5037,-27.7556],[-58.4411,-27.7885],[-58.3857,-27.7847],[-58.3966,-27.8579],[-58.3166,-27.8665],[-58.3251,-27.8996],[-58.3034,-27.9534],[-58.1633,-27.9013],[-58.1473,-27.8542],[-58.1741,-27.8316],[-58.2269,-27.8411],[-58.3006,-27.8004],[-58.1601,-27.7047],[-58.1258,-27.6888],[-57.9907,-27.647],[-57.9541,-27.6256],[-57.9261,-27.5765],[-57.8955,-27.5652],[-57.8311,-27.4856],[-57.876,-27.4396],[-57.9808,-27.4029],[-58.1184,-27.4025],[-58.2005,-27.4409],[-58.2476,-27.4405],[-58.3353,-27.4146]]]}},{"type":"Feature","properties":{"zid":"46042"},"geometry":{"type":"Polygon","coordinates":[[[-67.09,-29.4055],[-67.141,-29.3283],[-67.1481,-29.2992],[-67.1846,-29.2666],[-67.2227,-29.1705],[-67.1991,-29.1134],[-67.2156,-29.06],[-67.2159,-29.0132],[-67.8352,-29.0146],[-67.8534,-29.0771],[-67.8582,-29.1409],[-67.8512,-29.2129],[-67.8226,-29.2895],[-67.7679,-29.3542],[-67.7581,-29.3958],[-67.7252,-29.4376],[-67.6821,-29.5362],[-67.6125,-29.656],[-67.5368,-29.7861],[-66.9763,-29.819],[-67.0286,-29.7575],[-67.0606,-29.6386],[-67.0319,-29.5364],[-67.0516,-29.4977],[-67.0859,-29.474],[-67.1014,-29.43],[-67.09,-29.4055]]]}},{"type":"Feature","properties":{"zid":"46056"},"geometry":{"type":"Polygon","coordinates":[[[-66.4822,-30.1864],[-66.5256,-30.1472],[-66.6322,-30.1102],[-66.6092,-29.8491],[-66.8472,-29.8297],[-66.8606,-29.9983],[-66.8764,-30.0288],[-66.8566,-30.1151],[-66.865,-30.4159],[-66.9002,-30.4669],[-66.9171,-30.5313],[-66.7813,-30.5347],[-66.7637,-30.6096],[-66.737,-30.6396],[-66.6125,-30.6775],[-66.5824,-30.7395],[-66.3847,-30.6767],[-66.4197,-30.6308],[-66.4196,-30.6095],[-66.3716,-30.5307],[-66.3718,-30.5097],[-66.4042,-30.4674],[-66.4289,-30.4071],[-66.5014,-30.264],[-66.4822,-30.1864]]]}},{"type":"Feature","properties":{"zid":"46070"},"geometry":{"type":"Polygon","coordinates":[[[-66.3847,-30.6767],[-66.5824,-30.7395],[-66.6125,-30.6775],[-66.737,-30.6396],[-66.7637,-30.6096],[-66.7813,-30.5347],[-66.9171,-30.5313],[-67.4149,-30.5157],[-67.5078,-30.5157],[-67.4463,-30.578],[-67.4245,-30.6143],[-67.3867,-30.6429],[-67.2989,-30.6815],[-67.2206,-30.7692],[-67.1876,-30.8285],[-67.125,-30.8975],[-67.0821,-30.9161],[-67.1164,-31.016],[-67.0669,-31.084],[-66.4807,-31.0957],[-66.4899,-30.9869],[-66.4114,-30.9389],[-66.3902,-30.8488],[-66.3257,-30.7929],[-66.3533,-30.7477],[-66.3847,-30.6767]]]}},{"type":"Feature","properties":{"zid":"46112"},"geometry":{"type":"Polygon","coordinates":[[[-66.4807,-31.0957],[-67.0669,-31.084],[-67.1012,-31.383],[-67.0783,-31.434],[-66.952,-31.6333],[-66.8682,-31.6333],[-66.8253,-31.7613],[-66.5053,-31.7671],[-66.3112,-31.8269],[-66.2975,-31.8067],[-66.2848,-31.7313],[-66.2605,-31.6898],[-66.2838,-31.6298],[-66.2909,-31.5448],[-66.3568,-31.4312],[-66.3411,-31.2581],[-66.2653,-31.2032],[-66.3081,-31.1887],[-66.4193,-31.1875],[-66.4276,-31.1361],[-66.4807,-31.0957]]]}},{"type":"Feature","properties":{"zid":"18098"},"geometry":{"type":"Polygon","coordinates":[[[-58.1741,-27.8316],[-58.1473,-27.8542],[-58.1633,-27.9013],[-58.3034,-27.9534],[-58.3934,-27.9942],[-58.4415,-27.9911],[-58.3344,-28.1184],[-58.3685,-28.1433],[-58.3175,-28.215],[-58.1881,-28.1517],[-58.0668,-28.0802],[-58.0074,-28.0277],[-57.9195,-28.0093],[-57.9376,-27.9417],[-57.9898,-27.9645],[-58.0239,-27.9535],[-58.0354,-27.9034],[-58.0814,-27.9053],[-58.0898,-27.8711],[-58.0244,-27.826],[-58.0998,-27.8112],[-58.1741,-27.8316]]]}},{"type":"Feature","properties":{"zid":"18028"},"geometry":{"type":"Polygon","coordinates":[[[-57.6443,-28.4197],[-57.6293,-28.3691],[-57.6806,-28.3196],[-57.6047,-28.253],[-57.67,-28.1641],[-57.6276,-28.1362],[-57.7115,-28.0367],[-57.7776,-27.9713],[-57.8273,-27.9919],[-57.9195,-28.0093],[-58.0074,-28.0277],[-58.0668,-28.0802],[-58.1881,-28.1517],[-58.3175,-28.215],[-58.346,-28.2446],[-58.4321,-28.3052],[-58.3119,-28.4508],[-58.4154,-28.5398],[-58.4998,-28.5902],[-58.4904,-28.6468],[-58.5401,-28.7012],[-58.546,-28.7356],[-58.5016,-28.7842],[-58.4604,-28.7747],[-58.4229,-28.7406],[-58.3076,-28.8328],[-58.3044,-28.794],[-58.2816,-28.7693],[-58.225,-28.7469],[-58.1932,-28.7477],[-58.1292,-28.7165],[-58.0674,-28.7089],[-58.0141,-28.7138],[-57.9383,-28.7034],[-57.7796,-28.6596],[-57.692,-28.6205],[-57.6123,-28.5957],[-57.657,-28.5293],[-57.6906,-28.5013],[-57.6384,-28.4614],[-57.6443,-28.4197]]]}},{"type":"Feature","properties":{"zid":"18105"},"geometry":{"type":"Polygon","coordinates":[[[-57.5104,-29.177],[-57.4276,-29.0697],[-57.3939,-29.0455],[-57.3156,-29.0098],[-57.2258,-28.9058],[-57.1756,-28.8183],[-57.1769,-28.7203],[-57.1645,-28.6291],[-57.1704,-28.5709],[-57.2156,-28.4994],[-57.3084,-28.5674],[-57.3661,-28.5793],[-57.5052,-28.585],[-57.6123,-28.5957],[-57.692,-28.6205],[-57.7796,-28.6596],[-57.9383,-28.7034],[-58.0141,-28.7138],[-58.0674,-28.7089],[-58.1292,-28.7165],[-58.1932,-28.7477],[-58.225,-28.7469],[-58.2816,-28.7693],[-58.3044,-28.794],[-58.3076,-28.8328],[-58.3797,-28.9155],[-58.4311,-28.9281],[-58.4882,-28.9209],[-58.5178,-28.9627],[-58.601,-29.0462],[-58.6001,-29.0491],[-58.5322,-29.0704],[-58.5262,-29.0944],[-58.489,-29.1084],[-58.4191,-29.1883],[-58.3724,-29.2274],[-58.3071,-29.2524],[-58.2196,-29.3509],[-58.1952,-29.3986],[-58.1436,-29.442],[-58.0869,-29.4682],[-58.016,-29.4807],[-57.9517,-29.5355],[-57.898,-29.5493],[-57.868,-29.6058],[-57.8729,-29.6297],[-57.8211,-29.6939],[-57.7265,-29.7402],[-57.6958,-29.7175],[-57.646,-29.7191],[-57.6178,-29.7415],[-57.5906,-29.6702],[-57.5542,-29.6658],[-57.5342,-29.5782],[-57.5082,-29.5643],[-57.5201,-29.5036],[-57.514,-29.4522],[-57.537,-29.4389],[-57.5374,-29.3604],[-57.5809,-29.3262],[-57.5364,-29.2454],[-57.5279,-29.1892],[-57.5104,-29.177]]]}},{"type":"Feature","properties":{"zid":"18161"},"geometry":{"type":"Polygon","coordinates":[[[-58.3076,-28.8328],[-58.4229,-28.7406],[-58.4604,-28.7747],[-58.5016,-28.7842],[-58.546,-28.7356],[-58.5401,-28.7012],[-58.4904,-28.6468],[-58.4998,-28.5902],[-58.4154,-28.5398],[-58.3119,-28.4508],[-58.4321,-28.3052],[-58.4604,-28.3364],[-58.5007,-28.3565],[-58.5808,-28.4164],[-58.6174,-28.4713],[-58.6597,-28.5096],[-58.7007,-28.5566],[-58.7939,-28.62],[-58.8472,-28.6315],[-58.932,-28.7303],[-58.9819,-28.8027],[-58.983,-28.8182],[-58.8969,-28.841],[-58.7148,-28.9492],[-58.601,-29.0462],[-58.5178,-28.9627],[-58.4882,-28.9209],[-58.4311,-28.9281],[-58.3797,-28.9155],[-58.3076,-28.8328]]]}},{"type":"Feature","properties":{"zid":"18063"},"geometry":{"type":"Polygon","coordinates":[[[-57.2321,-27.468],[-57.2796,-27.4303],[-57.3265,-27.4098],[-57.3895,-27.4214],[-57.4037,-27.5155],[-57.4476,-27.5579],[-57.4504,-27.5772],[-57.537,-27.6436],[-57.5762,-27.6495],[-57.5841,-27.6146],[-57.6417,-27.5969],[-57.6383,-27.573],[-57.6895,-27.573],[-57.6791,-27.5007],[-57.6987,-27.4911],[-57.7762,-27.5093],[-57.8311,-27.4856],[-57.8955,-27.5652],[-57.9261,-27.5765],[-57.9541,-27.6256],[-57.9907,-27.647],[-58.1258,-27.6888],[-58.1601,-27.7047],[-58.3006,-27.8004],[-58.2269,-27.8411],[-58.1741,-27.8316],[-58.0998,-27.8112],[-58.0244,-27.826],[-58.0898,-27.8711],[-58.0814,-27.9053],[-58.0354,-27.9034],[-58.0239,-27.9535],[-57.9898,-27.9645],[-57.9376,-27.9417],[-57.9195,-28.0093],[-57.8273,-27.9919],[-57.7776,-27.9713],[-57.7323,-27.9381],[-57.6471,-27.8264],[-57.5933,-27.7664],[-57.4229,-27.6536],[-57.3039,-27.5507],[-57.2277,-27.5127],[-57.2321,-27.468]]]}},{"type":"Feature","properties":{"zid":"18042"},"geometry":{"type":"Polygon","coordinates":[[[-58.3034,-27.9534],[-58.3251,-27.8996],[-58.3166,-27.8665],[-58.3966,-27.8579],[-58.3857,-27.7847],[-58.4411,-27.7885],[-58.5037,-27.7556],[-58.4975,-27.7282],[-58.601,-27.7185],[-58.5959,-27.6475],[-58.6228,-27.6165],[-58.6684,-27.6122],[-58.7556,-27.644],[-58.775,-27.6586],[-58.8015,-27.6582],[-58.8117,-27.6754],[-58.8173,-27.6746],[-58.8222,-27.6716],[-58.8237,-27.6708],[-58.8225,-27.6729],[-58.8097,-27.7834],[-58.8432,-27.8763],[-58.8293,-27.9619],[-58.8808,-28.0668],[-58.9451,-28.1338],[-59.0723,-28.1363],[-59.0877,-28.2017],[-58.9837,-28.1934],[-58.9216,-28.1767],[-58.8411,-28.1684],[-58.8096,-28.1202],[-58.7551,-28.109],[-58.7233,-28.0787],[-58.6979,-28.0807],[-58.6615,-28.0409],[-58.6126,-28.0128],[-58.5088,-27.976],[-58.4577,-27.9748],[-58.4415,-27.9911],[-58.3934,-27.9942],[-58.3034,-27.9534]]]}},{"type":"Feature","properties":{"zid":"18126"},"geometry":{"type":"Polygon","coordinates":[[[-58.4415,-27.9911],[-58.4577,-27.9748],[-58.5088,-27.976],[-58.6126,-28.0128],[-58.6615,-28.0409],[-58.6979,-28.0807],[-58.7233,-28.0787],[-58.7551,-28.109],[-58.8096,-28.1202],[-58.8411,-28.1684],[-58.9216,-28.1767],[-58.9837,-28.1934],[-59.0139,-28.2223],[-59.0187,-28.2583],[-58.952,-28.3039],[-58.9049,-28.2829],[-58.8595,-28.2803],[-58.8137,-28.2405],[-58.7657,-28.339],[-58.7472,-28.3934],[-58.6977,-28.4185],[-58.7141,-28.4403],[-58.6597,-28.5096],[-58.6174,-28.4713],[-58.5808,-28.4164],[-58.5007,-28.3565],[-58.4604,-28.3364],[-58.4321,-28.3052],[-58.346,-28.2446],[-58.3175,-28.215],[-58.3685,-28.1433],[-58.3344,-28.1184],[-58.4415,-27.9911]]]}},{"type":"Feature","properties":{"zid":"18007"},"geometry":{"type":"Polygon","coordinates":[[[-58.9837,-28.1934],[-59.0877,-28.2017],[-59.105,-28.2178],[-59.1035,-28.3288],[-59.081,-28.3473],[-59.086,-28.436],[-59.0489,-28.4893],[-59.0993,-28.5744],[-59.105,-28.6339],[-59.0781,-28.6649],[-59.1427,-28.7745],[-59.0385,-28.7931],[-58.983,-28.8182],[-58.9819,-28.8027],[-58.932,-28.7303],[-58.8472,-28.6315],[-58.7939,-28.62],[-58.7007,-28.5566],[-58.6597,-28.5096],[-58.7141,-28.4403],[-58.6977,-28.4185],[-58.7472,-28.3934],[-58.7657,-28.339],[-58.8137,-28.2405],[-58.8595,-28.2803],[-58.9049,-28.2829],[-58.952,-28.3039],[-59.0187,-28.2583],[-59.0139,-28.2223],[-58.9837,-28.1934]]]}},{"type":"Feature","properties":{"zid":"18091"},"geometry":{"type":"Polygon","coordinates":[[[-58.983,-28.8182],[-59.0385,-28.7931],[-59.1427,-28.7745],[-59.1619,-28.8069],[-59.1581,-28.8774],[-59.2095,-28.969],[-59.1997,-29.0315],[-59.2344,-29.0714],[-59.2116,-29.0801],[-59.1404,-29.0558],[-59.1376,-29.0793],[-59.0265,-29.09],[-59.0189,-29.065],[-58.9445,-29.0801],[-58.9,-29.0794],[-58.788,-29.1123],[-58.8653,-29.228],[-58.8026,-29.2592],[-58.7548,-29.1906],[-58.7304,-29.1792],[-58.7192,-29.1373],[-58.6889,-29.0998],[-58.6001,-29.0491],[-58.601,-29.0462],[-58.7148,-28.9492],[-58.8969,-28.841],[-58.983,-28.8182]]]}},{"type":"Feature","properties":{"zid":"18070"},"geometry":{"type":"Polygon","coordinates":[[[-58.8026,-29.2592],[-58.8653,-29.228],[-58.788,-29.1123],[-58.9,-29.0794],[-58.9445,-29.0801],[-59.0189,-29.065],[-59.0265,-29.09],[-59.1376,-29.0793],[-59.1404,-29.0558],[-59.2116,-29.0801],[-59.2344,-29.0714],[-59.2753,-29.0996],[-59.3325,-29.1084],[-59.3968,-29.1905],[-59.4021,-29.2169],[-59.4902,-29.2381],[-59.5087,-29.2508],[-59.5162,-29.3377],[-59.594,-29.3825],[-59.6052,-29.4088],[-59.5809,-29.4742],[-59.5902,-29.5698],[-59.614,-29.6688],[-59.6175,-29.7758],[-59.6585,-29.8299],[-59.6556,-29.8534],[-59.6197,-29.8786],[-59.5926,-29.9398],[-59.5695,-30.019],[-59.5471,-30.0159],[-59.4978,-29.9417],[-59.4849,-29.8644],[-59.407,-29.8116],[-59.3825,-29.8243],[-59.3141,-29.7858],[-59.2623,-29.7835],[-59.139,-29.7097],[-59.1449,-29.6865],[-59.0803,-29.6559],[-59.0564,-29.5805],[-58.9726,-29.5311],[-58.9076,-29.4652],[-58.8744,-29.3911],[-58.852,-29.3646],[-58.8617,-29.33],[-58.8165,-29.3005],[-58.8026,-29.2592]]]}},{"type":"Feature","properties":{"zid":"18049"},"geometry":{"type":"Polygon","coordinates":[[[-59.1081,-30.2731],[-59.1259,-30.1821],[-59.0733,-30.1645],[-59.0709,-30.0938],[-59.0248,-29.8492],[-58.9622,-29.8582],[-58.9573,-29.8309],[-58.9089,-29.8129],[-58.8614,-29.8174],[-58.8496,-29.7542],[-58.8739,-29.7264],[-58.822,-29.6915],[-58.7518,-29.6655],[-58.7189,-29.6418],[-58.7303,-29.5892],[-58.7732,-29.5685],[-58.8736,-29.5518],[-58.8603,-29.4743],[-58.9076,-29.4652],[-58.9726,-29.5311],[-59.0564,-29.5805],[-59.0803,-29.6559],[-59.1449,-29.6865],[-59.139,-29.7097],[-59.2623,-29.7835],[-59.3141,-29.7858],[-59.3825,-29.8243],[-59.407,-29.8116],[-59.4849,-29.8644],[-59.4978,-29.9417],[-59.5471,-30.0159],[-59.5695,-30.019],[-59.6121,-30.1025],[-59.6313,-30.168],[-59.6259,-30.2115],[-59.6392,-30.242],[-59.7073,-30.2667],[-59.7113,-30.2841],[-59.6717,-30.3387],[-59.6368,-30.3578],[-59.6151,-30.4192],[-59.587,-30.4342],[-59.5515,-30.3368],[-59.4821,-30.3429],[-59.4281,-30.3166],[-59.3442,-30.3262],[-59.3226,-30.3518],[-59.2522,-30.3653],[-59.2104,-30.3471],[-59.1369,-30.3119],[-59.1081,-30.2731]]]}},{"type":"Feature","properties":{"zid":"18175"},"geometry":{"type":"Polygon","coordinates":[[[-58.5786,-30.16],[-58.5393,-30.1519],[-58.5101,-30.1176],[-58.4742,-30.1234],[-58.4453,-30.0964],[-58.4691,-29.9903],[-58.5082,-29.9637],[-58.5368,-29.8815],[-58.59,-29.8334],[-58.6377,-29.8459],[-58.6598,-29.8345],[-58.7524,-29.8559],[-58.7005,-29.7784],[-58.7181,-29.7263],[-58.7189,-29.6418],[-58.7518,-29.6655],[-58.822,-29.6915],[-58.8739,-29.7264],[-58.8496,-29.7542],[-58.8614,-29.8174],[-58.9089,-29.8129],[-58.9573,-29.8309],[-58.9622,-29.8582],[-59.0248,-29.8492],[-59.0709,-30.0938],[-59.0733,-30.1645],[-59.1259,-30.1821],[-59.1081,-30.2731],[-59.0643,-30.2308],[-58.9685,-30.2211],[-58.9123,-30.2481],[-58.8793,-30.2467],[-58.7993,-30.2142],[-58.6817,-30.1757],[-58.6349,-30.1753],[-58.579,-30.16],[-58.5786,-30.16]]]}},{"type":"Feature","properties":{"zid":"18035"},"geometry":{"type":"Polygon","coordinates":[[[-57.6178,-29.7415],[-57.646,-29.7191],[-57.6958,-29.7175],[-57.7265,-29.7402],[-57.8211,-29.6939],[-57.8729,-29.6297],[-57.868,-29.6058],[-57.898,-29.5493],[-57.9517,-29.5355],[-58.016,-29.4807],[-58.0869,-29.4682],[-58.1436,-29.442],[-58.1952,-29.3986],[-58.2196,-29.3509],[-58.3071,-29.2524],[-58.3724,-29.2274],[-58.4191,-29.1883],[-58.489,-29.1084],[-58.5262,-29.0944],[-58.5322,-29.0704],[-58.6001,-29.0491],[-58.6889,-29.0998],[-58.7192,-29.1373],[-58.7304,-29.1792],[-58.7548,-29.1906],[-58.8026,-29.2592],[-58.8165,-29.3005],[-58.8617,-29.33],[-58.852,-29.3646],[-58.8744,-29.3911],[-58.9076,-29.4652],[-58.8603,-29.4743],[-58.8736,-29.5518],[-58.7732,-29.5685],[-58.7303,-29.5892],[-58.7189,-29.6418],[-58.7181,-29.7263],[-58.7005,-29.7784],[-58.7524,-29.8559],[-58.6598,-29.8345],[-58.6377,-29.8459],[-58.59,-29.8334],[-58.5368,-29.8815],[-58.5082,-29.9637],[-58.4691,-29.9903],[-58.4453,-30.0964],[-58.4742,-30.1234],[-58.5101,-30.1176],[-58.5393,-30.1519],[-58.5786,-30.16],[-58.578,-30.16],[-58.4979,-30.207],[-58.4693,-30.2042],[-58.3811,-30.2595],[-58.3437,-30.2712],[-58.2984,-30.2468],[-58.2696,-30.2524],[-58.2229,-30.2771],[-58.1919,-30.3356],[-58.1402,-30.4063],[-58.0709,-30.4306],[-58.0813,-30.408],[-58.0494,-30.3512],[-58.041,-30.2441],[-58.0253,-30.2133],[-58.03,-30.1619],[-58.0584,-30.1127],[-58.0397,-30.0609],[-57.9921,-29.9782],[-58.0451,-29.9505],[-58.054,-29.8997],[-58.074,-29.8659],[-57.9761,-29.8197],[-57.9213,-29.8342],[-57.8806,-29.872],[-57.8431,-29.9362],[-57.7903,-29.9641],[-57.7473,-29.9675],[-57.6929,-30.0247],[-57.66,-30.0094],[-57.689,-29.9603],[-57.6876,-29.8985],[-57.6726,-29.8575],[-57.6811,-29.7834],[-57.6738,-29.7611],[-57.6178,-29.7415]]]}},{"type":"Feature","properties":{"zid":"18112"},"geometry":{"type":"Polygon","coordinates":[[[-57.66,-30.0094],[-57.6929,-30.0247],[-57.7473,-29.9675],[-57.7903,-29.9641],[-57.8431,-29.9362],[-57.8806,-29.872],[-57.9213,-29.8342],[-57.9761,-29.8197],[-58.074,-29.8659],[-58.054,-29.8997],[-58.0451,-29.9505],[-57.9921,-29.9782],[-58.0397,-30.0609],[-58.0584,-30.1127],[-58.03,-30.1619],[-58.0253,-30.2133],[-58.041,-30.2441],[-58.0494,-30.3512],[-58.0813,-30.408],[-58.0709,-30.4306],[-58.0601,-30.5017],[-58.0689,-30.5456],[-58.037,-30.5689],[-58.0344,-30.5947],[-57.9753,-30.647],[-57.8948,-30.6694],[-57.8095,-30.7302],[-57.809,-30.6953],[-57.8435,-30.6593],[-57.8479,-30.6185],[-57.8873,-30.5876],[-57.889,-30.5094],[-57.863,-30.4823],[-57.7941,-30.4467],[-57.768,-30.4185],[-57.6933,-30.3814],[-57.6431,-30.3421],[-57.6152,-30.2545],[-57.6514,-30.2027],[-57.6282,-30.1745],[-57.6261,-30.1197],[-57.601,-30.0584],[-57.6091,-30.0208],[-57.66,-30.0094]]]}},{"type":"Feature","properties":{"zid":"18119"},"geometry":{"type":"Polygon","coordinates":[[[-56.8387,-29.4982],[-56.8675,-29.4695],[-56.8517,-29.4258],[-56.8632,-29.3917],[-56.8484,-29.3225],[-56.8704,-29.2067],[-56.9502,-29.2012],[-57.1008,-29.2572],[-57.1353,-29.2448],[-57.2809,-29.2458],[-57.3459,-29.2281],[-57.4238,-29.2233],[-57.4759,-29.1824],[-57.5104,-29.177],[-57.5279,-29.1892],[-57.5364,-29.2454],[-57.5809,-29.3262],[-57.5374,-29.3604],[-57.537,-29.4389],[-57.514,-29.4522],[-57.5201,-29.5036],[-57.5082,-29.5643],[-57.5342,-29.5782],[-57.5542,-29.6658],[-57.5906,-29.6702],[-57.6178,-29.7415],[-57.6738,-29.7611],[-57.6811,-29.7834],[-57.6726,-29.8575],[-57.6876,-29.8985],[-57.689,-29.9603],[-57.66,-30.0094],[-57.6091,-30.0208],[-57.601,-30.0584],[-57.6261,-30.1197],[-57.6282,-30.1745],[-57.5881,-30.1795],[-57.4873,-30.1288],[-57.4062,-30.0301],[-57.3531,-30.0085],[-57.326,-29.965],[-57.3288,-29.8947],[-57.2895,-29.8253],[-57.2299,-29.7792],[-57.1699,-29.7812],[-57.1195,-29.7637],[-57.021,-29.6823],[-57.0059,-29.6561],[-56.9672,-29.6371],[-56.9712,-29.6077],[-56.8849,-29.5234],[-56.8387,-29.4982]]]}},{"type":"Feature","properties":{"zid":"18147"},"geometry":{"type":"Polygon","coordinates":[[[-56.8809,-28.235],[-56.9738,-28.3034],[-57.012,-28.343],[-57.2156,-28.4994],[-57.1704,-28.5709],[-57.1645,-28.6291],[-57.1769,-28.7203],[-57.1756,-28.8183],[-57.2258,-28.9058],[-57.3156,-29.0098],[-57.3939,-29.0455],[-57.4276,-29.0697],[-57.5104,-29.177],[-57.4759,-29.1824],[-57.4238,-29.2233],[-57.3459,-29.2281],[-57.2809,-29.2458],[-57.1353,-29.2448],[-57.1008,-29.2572],[-56.9502,-29.2012],[-56.8704,-29.2067],[-56.8484,-29.3225],[-56.8632,-29.3917],[-56.8517,-29.4258],[-56.8675,-29.4695],[-56.8387,-29.4982],[-56.7772,-29.4335],[-56.7581,-29.3741],[-56.7039,-29.3622],[-56.6496,-29.2724],[-56.6434,-29.1961],[-56.6055,-29.1624],[-56.5785,-29.1166],[-56.6088,-29.0965],[-56.5885,-29.0504],[-56.6103,-29.0082],[-56.6388,-29.0048],[-56.6646,-28.9518],[-56.6626,-28.9012],[-56.686,-28.8784],[-56.7016,-28.8267],[-56.6868,-28.7537],[-56.7076,-28.7427],[-56.6817,-28.7018],[-56.6539,-28.6936],[-56.6684,-28.5857],[-56.6243,-28.5373],[-56.5917,-28.534],[-56.5975,-28.4957],[-56.5427,-28.4325],[-56.5105,-28.3888],[-56.5218,-28.3419],[-56.5717,-28.2989],[-56.6379,-28.2925],[-56.6403,-28.2625],[-56.7999,-28.2602],[-56.8809,-28.235]]]}},{"type":"Feature","properties":{"zid":"18056"},"geometry":{"type":"Polygon","coordinates":[[[-56.297,-28.8024],[-56.4134,-28.7467],[-56.4159,-28.7006],[-56.4517,-28.6936],[-56.3652,-28.6196],[-56.3767,-28.5888],[-56.3708,-28.5156],[-56.3999,-28.4914],[-56.4301,-28.4414],[-56.4755,-28.4303],[-56.5427,-28.4325],[-56.5975,-28.4957],[-56.5917,-28.534],[-56.6243,-28.5373],[-56.6684,-28.5857],[-56.6539,-28.6936],[-56.6817,-28.7018],[-56.7076,-28.7427],[-56.6868,-28.7537],[-56.7016,-28.8267],[-56.686,-28.8784],[-56.6626,-28.9012],[-56.6646,-28.9518],[-56.6388,-29.0048],[-56.6103,-29.0082],[-56.5885,-29.0504],[-56.6088,-29.0965],[-56.5785,-29.1166],[-56.5408,-29.1137],[-56.5008,-29.0924],[-56.4252,-29.0818],[-56.3987,-29.0212],[-56.4141,-29.004],[-56.3905,-28.9551],[-56.3375,-28.9346],[-56.3019,-28.9011],[-56.297,-28.8024]]]}},{"type":"Feature","properties":{"zid":"18168"},"geometry":{"type":"Polygon","coordinates":[[[-55.8206,-27.95],[-55.8702,-28.0046],[-55.8746,-27.9566],[-55.9133,-27.8988],[-55.9788,-27.909],[-56.044,-27.8471],[-56.1059,-27.8297],[-56.1302,-27.8345],[-56.1526,-27.7986],[-56.2417,-27.7899],[-56.2598,-27.8566],[-56.2806,-27.8824],[-56.3168,-27.8784],[-56.3415,-27.936],[-56.4249,-27.8794],[-56.4613,-27.9386],[-56.4992,-27.9256],[-56.6159,-27.8525],[-56.6482,-27.9272],[-56.7071,-28.0121],[-56.7795,-28.0807],[-56.8319,-28.1768],[-56.8809,-28.235],[-56.7999,-28.2602],[-56.6403,-28.2625],[-56.6379,-28.2925],[-56.5717,-28.2989],[-56.5218,-28.3419],[-56.5105,-28.3888],[-56.5427,-28.4325],[-56.4755,-28.4303],[-56.4301,-28.4414],[-56.3999,-28.4914],[-56.3708,-28.5156],[-56.3767,-28.5888],[-56.3652,-28.6196],[-56.4517,-28.6936],[-56.4159,-28.7006],[-56.4134,-28.7467],[-56.297,-28.8024],[-56.2592,-28.7783],[-56.1919,-28.7736],[-56.1186,-28.6817],[-56.0517,-28.6257],[-56.0111,-28.6082],[-56.0023,-28.5785],[-56.022,-28.5199],[-55.8812,-28.4696],[-55.9027,-28.4122],[-55.8783,-28.3612],[-55.8512,-28.355],[-55.7574,-28.3686],[-55.6917,-28.4176],[-55.6699,-28.3308],[-55.7268,-28.2899],[-55.765,-28.2773],[-55.7689,-28.2406],[-55.6916,-28.2172],[-55.6266,-28.1709],[-55.6202,-28.1375],[-55.7324,-28.0663],[-55.7616,-28.0127],[-55.8206,-27.95]]]}},{"type":"Feature","properties":{"zid":"18154"},"geometry":{"type":"Polygon","coordinates":[[[-56.9524,-27.5355],[-56.9657,-27.502],[-57.0365,-27.4806],[-57.146,-27.4829],[-57.2321,-27.468],[-57.2277,-27.5127],[-57.3039,-27.5507],[-57.4229,-27.6536],[-57.5933,-27.7664],[-57.6471,-27.8264],[-57.7323,-27.9381],[-57.7776,-27.9713],[-57.7115,-28.0367],[-57.6276,-28.1362],[-57.67,-28.1641],[-57.6047,-28.253],[-57.6806,-28.3196],[-57.6293,-28.3691],[-57.6443,-28.4197],[-57.5756,-28.3678],[-57.5179,-28.3456],[-57.4421,-28.2698],[-57.4301,-28.2148],[-57.3972,-28.1329],[-57.4151,-28.0839],[-57.3817,-28.0149],[-57.358,-27.9397],[-57.3318,-27.9133],[-57.2637,-27.8739],[-57.1877,-27.7975],[-57.1833,-27.7623],[-57.1167,-27.7062],[-57.0994,-27.6681],[-57.0446,-27.6401],[-56.945,-27.5733],[-56.9524,-27.5355]]]}},{"type":"Feature","properties":{"zid":"18084"},"geometry":{"type":"MultiPolygon","coordinates":[[[[-56.0243,-27.3243],[-56.0616,-27.3062],[-56.1494,-27.3279],[-56.2362,-27.4014],[-56.2842,-27.4085],[-56.2937,-27.4941],[-56.3384,-27.524],[-56.3522,-27.5775],[-56.3753,-27.6019],[-56.4222,-27.6038],[-56.4985,-27.5518],[-56.5063,-27.527],[-56.5683,-27.4498],[-56.607,-27.432],[-56.6496,-27.4608],[-56.6888,-27.4545],[-56.7211,-27.4682],[-56.7171,-27.4969],[-56.6765,-27.5505],[-56.6892,-27.579],[-56.7472,-27.605],[-56.7959,-27.587],[-56.8493,-27.6063],[-56.9031,-27.5852],[-56.9524,-27.5355],[-56.945,-27.5733],[-57.0446,-27.6401],[-57.0994,-27.6681],[-57.1167,-27.7062],[-57.1833,-27.7623],[-57.1877,-27.7975],[-57.2637,-27.8739],[-57.3318,-27.9133],[-57.358,-27.9397],[-57.3817,-28.0149],[-57.4151,-28.0839],[-57.3972,-28.1329],[-57.4301,-28.2148],[-57.4421,-28.2698],[-57.5179,-28.3456],[-57.5756,-28.3678],[-57.6443,-28.4197],[-57.6384,-28.4614],[-57.6906,-28.5013],[-57.657,-28.5293],[-57.6123,-28.5957],[-57.5052,-28.585],[-57.3661,-28.5793],[-57.3084,-28.5674],[-57.2156,-28.4994],[-57.012,-28.343],[-56.9738,-28.3034],[-56.8809,-28.235],[-56.8319,-28.1768],[-56.7795,-28.0807],[-56.7071,-28.0121],[-56.6482,-27.9272],[-56.6159,-27.8525],[-56.4992,-27.9256],[-56.4613,-27.9386],[-56.4249,-27.8794],[-56.3415,-27.936],[-56.3168,-27.8784],[-56.2806,-27.8824],[-56.2598,-27.8566],[-56.2417,-27.7899],[-56.1526,-27.7986],[-56.1302,-27.8345],[-56.1059,-27.8297],[-56.044,-27.8471],[-55.9788,-27.909],[-55.9133,-27.8988],[-55.8746,-27.9566],[-55.8702,-28.0046],[-55.8206,-27.95],[-55.8318,-27.9041],[-55.8273,-27.8542],[-55.844,-27.8401],[-55.8359,-27.7839],[-55.8508,-27.7584],[-55.8889,-27.6936],[-55.9789,-27.5402],[-56.0266,-27.5073],[-56.0555,-27.4208],[-56.0297,-27.3862],[-56.0386,-27.3447],[-56.0243,-27.3243]]],[[[-56.9148,-27.4235],[-56.9757,-27.4467],[-56.994,-27.4663],[-56.9328,-27.5268],[-56.9094,-27.5325],[-56.8749,-27.5804],[-56.8404,-27.5962],[-56.7491,-27.5622],[-56.7254,-27.5123],[-56.7834,-27.4942],[-56.8834,-27.4249],[-56.9148,-27.4235]]]]}},{"type":"Feature","properties":{"zid":"18014"},"geometry":{"type":"MultiPolygon","coordinates":[[[[-57.3895,-27.4214],[-57.439,-27.4383],[-57.5075,-27.4442],[-57.6098,-27.3957],[-57.6706,-27.3408],[-57.7053,-27.3256],[-57.7938,-27.3415],[-57.7756,-27.3642],[-57.742,-27.3548],[-57.754,-27.4082],[-57.828,-27.4012],[-57.876,-27.4396],[-57.8311,-27.4856],[-57.7762,-27.5093],[-57.6987,-27.4911],[-57.6791,-27.5007],[-57.6895,-27.573],[-57.6383,-27.573],[-57.6417,-27.5969],[-57.5841,-27.6146],[-57.5762,-27.6495],[-57.537,-27.6436],[-57.4504,-27.5772],[-57.4476,-27.5579],[-57.4037,-27.5155],[-57.3895,-27.4214]]],[[[-57.5666,-27.3851],[-57.5809,-27.3962],[-57.4922,-27.4387],[-57.4045,-27.418],[-57.5404,-27.3945],[-57.5666,-27.3851]]]]}},{"type":"Feature","properties":{"zid":"18077"},"geometry":{"type":"Polygon","coordinates":[[[-57.7938,-27.3415],[-57.8272,-27.3275],[-57.856,-27.2836],[-57.9323,-27.2641],[-57.9763,-27.274],[-58.0099,-27.2594],[-58.0608,-27.2607],[-58.0882,-27.275],[-58.197,-27.28],[-58.2431,-27.262],[-58.3607,-27.2834],[-58.3233,-27.36],[-58.3353,-27.4146],[-58.2476,-27.4405],[-58.2005,-27.4409],[-58.1184,-27.4025],[-57.9808,-27.4029],[-57.876,-27.4396],[-57.828,-27.4012],[-57.754,-27.4082],[-57.742,-27.3548],[-57.7756,-27.3642],[-57.7938,-27.3415]]]}},{"type":"Feature","properties":{"zid":"18133"},"geometry":{"type":"Polygon","coordinates":[[[-58.3607,-27.2834],[-58.4168,-27.2901],[-58.4766,-27.2709],[-58.5464,-27.294],[-58.5903,-27.3201],[-58.6165,-27.3186],[-58.6688,-27.3591],[-58.7079,-27.3662],[-58.6686,-27.4217],[-58.6788,-27.4714],[-58.6369,-27.4745],[-58.6287,-27.5104],[-58.5878,-27.5165],[-58.4839,-27.4694],[-58.4843,-27.4236],[-58.4473,-27.3988],[-58.4049,-27.408],[-58.3555,-27.3979],[-58.3353,-27.4146],[-58.3233,-27.36],[-58.3607,-27.2834]]]}},{"type":"Feature","properties":{"zid":"18021"},"geometry":{"type":"Polygon","coordinates":[[[-58.6287,-27.5104],[-58.6369,-27.4745],[-58.6788,-27.4714],[-58.6686,-27.4217],[-58.7079,-27.3662],[-58.7728,-27.3782],[-58.8086,-27.4237],[-58.8749,-27.4886],[-58.8812,-27.5287],[-58.8714,-27.5799],[-58.8827,-27.6085],[-58.8244,-27.6694],[-58.8237,-27.6708],[-58.8222,-27.6716],[-58.8173,-27.6746],[-58.8117,-27.6754],[-58.8015,-27.6582],[-58.775,-27.6586],[-58.7556,-27.644],[-58.6684,-27.6122],[-58.654,-27.5345],[-58.6287,-27.5104]]]}},{"type":"Feature","properties":{"zid":"14175"},"geometry":{"type":"Polygon","coordinates":[[[-63.9376,-30.0835],[-63.9817,-30.0837],[-63.9937,-30.0633],[-64.0408,-30.0664],[-64.0561,-30.085],[-64.1736,-30.063],[-64.2107,-29.9781],[-64.4101,-29.9301],[-64.4052,-29.8276],[-64.4924,-29.8195],[-64.4894,-29.5281],[-64.5887,-29.5418],[-64.8246,-29.5743],[-64.9641,-29.5961],[-64.9379,-29.8475],[-64.986,-29.8911],[-64.9894,-30.0151],[-64.2961,-30.0863],[-64.2699,-30.116],[-64.2832,-30.2019],[-64.3565,-30.1974],[-64.3678,-30.2908],[-64.3854,-30.3627],[-64.3748,-30.3786],[-64.2837,-30.3888],[-64.2983,-30.4637],[-64.1344,-30.4717],[-64.0833,-30.4657],[-63.9973,-30.4796],[-63.9636,-30.4149],[-63.8471,-30.4166],[-63.8455,-30.5108],[-63.8024,-30.5103],[-63.7957,-30.5692],[-63.6474,-30.5673],[-63.6155,-30.5719],[-63.6043,-30.5261],[-63.565,-30.534],[-63.5405,-30.5422],[-63.357,-30.5759],[-63.365,-30.6094],[-63.2075,-30.639],[-63.2136,-30.6621],[-63.03,-30.6953],[-62.9841,-30.6778],[-62.9631,-30.6873],[-62.9301,-30.6555],[-62.7724,-30.6022],[-62.6971,-30.5968],[-62.7043,-30.5488],[-62.6514,-30.5117],[-62.6292,-30.5326],[-62.5565,-30.5258],[-62.5493,-30.5519],[-62.5084,-30.5653],[-62.4447,-30.5686],[-62.4356,-30.5553],[-62.3285,-30.5772],[-62.3251,-30.5116],[-62.5505,-30.4701],[-62.527,-30.3785],[-63.3254,-30.2304],[-63.3485,-30.3237],[-63.3809,-30.3215],[-63.381,-30.2704],[-63.4925,-30.2722],[-63.4937,-30.1887],[-63.6993,-30.148],[-63.8431,-30.1255],[-63.9376,-30.0835]]]}},{"type":"Feature","properties":{"zid":"14028"},"geometry":{"type":"Polygon","coordinates":[[[-64.6243,-30.6901],[-64.7147,-30.6899],[-64.7149,-30.6341],[-64.8753,-30.6342],[-64.9658,-30.5482],[-65.0335,-30.4751],[-65.0653,-30.4187],[-65.0019,-30.4185],[-65.0016,-30.2437],[-64.9894,-30.0151],[-64.986,-29.8911],[-65.1583,-30.0473],[-65.423,-30.1196],[-65.4925,-30.3718],[-65.5252,-30.4908],[-65.5991,-30.6567],[-65.3735,-30.6932],[-65.347,-30.7378],[-65.3482,-30.8463],[-65.335,-30.8825],[-65.2547,-30.884],[-65.1581,-30.8743],[-65.1521,-30.9473],[-65.1094,-31.0029],[-65.1061,-31.0439],[-65.0402,-31.0976],[-64.9479,-31.1607],[-64.9062,-31.2202],[-64.8994,-31.2769],[-64.8998,-31.346],[-64.9233,-31.4124],[-64.8316,-31.409],[-64.793,-31.4247],[-64.8014,-31.416],[-64.7492,-31.3543],[-64.7112,-31.2619],[-64.6921,-31.153],[-64.6778,-31.1378],[-64.6756,-31.0673],[-64.6427,-31.0452],[-64.6462,-31.0128],[-64.6743,-30.9843],[-64.6745,-30.9219],[-64.6525,-30.9144],[-64.6447,-30.8562],[-64.671,-30.8285],[-64.6197,-30.7712],[-64.6243,-30.6901]]]}},{"type":"Feature","properties":{"zid":"14091"},"geometry":{"type":"Polygon","coordinates":[[[-64.4254,-30.7776],[-64.514,-30.7715],[-64.5148,-30.703],[-64.5447,-30.6906],[-64.6243,-30.6901],[-64.6197,-30.7712],[-64.671,-30.8285],[-64.6447,-30.8562],[-64.6525,-30.9144],[-64.6745,-30.9219],[-64.6743,-30.9843],[-64.6462,-31.0128],[-64.6427,-31.0452],[-64.6756,-31.0673],[-64.6778,-31.1378],[-64.6921,-31.153],[-64.7112,-31.2619],[-64.7492,-31.3543],[-64.8014,-31.416],[-64.793,-31.4247],[-64.7885,-31.4934],[-64.7514,-31.5161],[-64.7724,-31.5601],[-64.7289,-31.6736],[-64.717,-31.6734],[-64.6623,-31.6923],[-64.6138,-31.6877],[-64.5722,-31.706],[-64.5421,-31.6898],[-64.54,-31.6032],[-64.5476,-31.559],[-64.5217,-31.5185],[-64.4762,-31.4184],[-64.4281,-31.4209],[-64.4321,-31.3733],[-64.4303,-31.2717],[-64.4167,-31.2494],[-64.4155,-31.1723],[-64.4471,-31.0788],[-64.4347,-30.9987],[-64.4388,-30.9138],[-64.4472,-30.8334],[-64.4254,-30.7776]]]}},{"type":"Feature","properties":{"zid":"14147"},"geometry":{"type":"Polygon","coordinates":[[[-64.3098,-31.3633],[-64.3511,-31.3713],[-64.4225,-31.3556],[-64.4321,-31.3733],[-64.4281,-31.4209],[-64.4762,-31.4184],[-64.5217,-31.5185],[-64.5476,-31.559],[-64.54,-31.6032],[-64.5421,-31.6898],[-64.5722,-31.706],[-64.6138,-31.6877],[-64.6623,-31.6923],[-64.717,-31.6734],[-64.7269,-31.7354],[-64.76,-31.7599],[-64.7637,-31.7944],[-64.7965,-31.83],[-64.8873,-31.8281],[-64.8847,-31.8467],[-64.9288,-31.9093],[-64.8949,-31.9069],[-64.8345,-31.8653],[-64.7602,-31.8667],[-64.7378,-31.8831],[-64.6102,-31.8936],[-64.5365,-31.859],[-64.5205,-31.818],[-64.4261,-31.8571],[-64.3802,-31.8392],[-64.3111,-31.842],[-64.2881,-31.8536],[-64.2743,-31.9127],[-64.2234,-31.9124],[-64.2414,-32.0045],[-64.0845,-32.0047],[-64.0841,-31.9506],[-63.9738,-31.9518],[-63.9744,-31.998],[-63.919,-31.987],[-63.9181,-31.8746],[-63.9469,-31.8744],[-63.9478,-31.7529],[-64.0165,-31.753],[-64.0291,-31.6775],[-64.0166,-31.6204],[-63.9341,-31.5582],[-63.9543,-31.5354],[-63.9521,-31.4397],[-64.0023,-31.447],[-64.0574,-31.4193],[-64.0574,-31.525],[-64.3098,-31.525],[-64.3098,-31.3633]]]}},{"type":"Feature","properties":{"zid":"14070"},"geometry":{"type":"Polygon","coordinates":[[[-64.8994,-31.2769],[-64.9062,-31.2202],[-64.9479,-31.1607],[-65.0402,-31.0976],[-65.1061,-31.0439],[-65.1094,-31.0029],[-65.1521,-30.9473],[-65.1581,-30.8743],[-65.2547,-30.884],[-65.335,-30.8825],[-65.3482,-30.8463],[-65.347,-30.7378],[-65.3735,-30.6932],[-65.5991,-30.6567],[-65.6423,-30.754],[-65.7715,-31.0442],[-65.771,-31.2614],[-65.4662,-31.2647],[-65.1794,-31.2693],[-64.8994,-31.2769]]]}},{"type":"Feature","properties":{"zid":"14126"},"geometry":{"type":"Polygon","coordinates":[[[-64.9233,-31.4124],[-64.9859,-31.399],[-65.172,-31.4533],[-65.1665,-31.5596],[-65.2507,-31.567],[-65.2355,-31.621],[-65.2368,-31.6755],[-65.2734,-31.6498],[-65.3995,-31.649],[-65.3993,-31.6201],[-65.4693,-31.6199],[-65.5022,-31.7594],[-65.6156,-31.7584],[-65.6119,-31.7455],[-65.7701,-31.7434],[-65.7698,-31.8886],[-65.628,-31.8986],[-65.6064,-31.9085],[-65.3526,-31.9042],[-65.3523,-31.9206],[-65.2708,-31.9455],[-65.1486,-31.9261],[-65.0919,-31.9081],[-65.0332,-31.8702],[-64.9927,-31.8651],[-64.9288,-31.9093],[-64.8847,-31.8467],[-64.8873,-31.8281],[-64.7965,-31.83],[-64.7637,-31.7944],[-64.76,-31.7599],[-64.7269,-31.7354],[-64.717,-31.6734],[-64.7289,-31.6736],[-64.7724,-31.5601],[-64.7514,-31.5161],[-64.7885,-31.4934],[-64.793,-31.4247],[-64.8316,-31.409],[-64.9233,-31.4124]]]}},{"type":"Feature","properties":{"zid":"14119"},"geometry":{"type":"Polygon","coordinates":[[[-62.8386,-32.0113],[-62.8693,-32.0057],[-62.9384,-31.9198],[-62.9496,-31.8674],[-62.9829,-31.7989],[-63.0097,-31.8],[-63.0147,-31.7234],[-63.053,-31.6658],[-63.1117,-31.6653],[-63.1114,-31.6228],[-63.1527,-31.623],[-63.1638,-31.5635],[-63.2066,-31.5526],[-63.186,-31.4699],[-63.2598,-31.4647],[-63.2631,-31.3339],[-63.3656,-31.3151],[-63.3584,-31.3676],[-63.4482,-31.3755],[-63.4895,-31.4024],[-63.5306,-31.4033],[-63.5579,-31.4579],[-63.619,-31.4941],[-63.6808,-31.4929],[-63.6909,-31.5223],[-63.7353,-31.5158],[-63.83,-31.5262],[-63.9047,-31.5416],[-63.9543,-31.5354],[-63.9341,-31.5582],[-64.0166,-31.6204],[-64.0291,-31.6775],[-64.0165,-31.753],[-63.9478,-31.7529],[-63.9469,-31.8744],[-63.9181,-31.8746],[-63.919,-31.987],[-63.6998,-31.9884],[-63.6779,-32.0351],[-63.57,-31.9642],[-63.555,-31.9814],[-63.4,-31.9821],[-63.3481,-31.9638],[-63.3425,-31.9418],[-63.2444,-31.9248],[-63.2118,-32.0099],[-63.1847,-32.003],[-63.1256,-31.9474],[-63.0835,-31.9522],[-63.097,-32.0055],[-63.0063,-32.0215],[-62.8512,-32.0605],[-62.8386,-32.0113]]]}},{"type":"Feature","properties":{"zid":"14140"},"geometry":{"type":"Polygon","coordinates":[[[-61.8441,-30.7506],[-61.8422,-30.7443],[-62.1307,-30.4804],[-62.1576,-30.3962],[-62.3214,-30.3679],[-62.3251,-30.5116],[-62.3285,-30.5772],[-62.4356,-30.5553],[-62.4447,-30.5686],[-62.5084,-30.5653],[-62.5493,-30.5519],[-62.5565,-30.5258],[-62.6292,-30.5326],[-62.6514,-30.5117],[-62.7043,-30.5488],[-62.6971,-30.5968],[-62.7724,-30.6022],[-62.9301,-30.6555],[-62.9631,-30.6873],[-62.9841,-30.6778],[-63.03,-30.6953],[-62.924,-30.73],[-62.9292,-30.7517],[-62.8859,-30.7989],[-62.8423,-30.805],[-62.8152,-30.8507],[-62.8341,-30.9325],[-62.9338,-30.9675],[-62.9552,-31.0798],[-63.0099,-31.0719],[-63.0403,-31.1315],[-63.1196,-31.1172],[-63.1539,-31.1595],[-63.1776,-31.2834],[-63.2459,-31.2648],[-63.2631,-31.3339],[-63.2598,-31.4647],[-63.186,-31.4699],[-63.2066,-31.5526],[-63.1638,-31.5635],[-63.1527,-31.623],[-63.1114,-31.6228],[-63.1117,-31.6653],[-63.053,-31.6658],[-63.0147,-31.7234],[-63.0097,-31.8],[-62.9829,-31.7989],[-62.9496,-31.8674],[-62.9384,-31.9198],[-62.8693,-32.0057],[-62.8386,-32.0113],[-62.6356,-32.0472],[-62.6194,-31.9833],[-62.529,-31.9989],[-62.5208,-31.9672],[-62.3163,-32.0044],[-62.3246,-32.039],[-62.2825,-32.0465],[-62.1821,-32.0637],[-62.1678,-31.986],[-62.1889,-31.9223],[-62.2235,-31.8839],[-62.2181,-31.7406],[-62.2417,-31.6997],[-62.1397,-31.6183],[-62.1235,-31.6054],[-61.9654,-31.1235],[-61.8441,-30.7506]]]}},{"type":"Feature","properties":{"zid":"14182"},"geometry":{"type":"Polygon","coordinates":[[[-62.2825,-32.0465],[-62.3246,-32.039],[-62.3163,-32.0044],[-62.5208,-31.9672],[-62.529,-31.9989],[-62.6194,-31.9833],[-62.6356,-32.0472],[-62.8386,-32.0113],[-62.8512,-32.0605],[-62.8781,-32.1572],[-62.8615,-32.1606],[-62.9274,-32.3915],[-63.0535,-32.3764],[-63.0664,-32.4266],[-63.1265,-32.4223],[-63.1634,-32.4723],[-63.1498,-32.5006],[-63.0912,-32.5128],[-63.1181,-32.6161],[-63.0588,-32.6328],[-63.1033,-32.811],[-63.0906,-32.8502],[-63.1098,-32.9232],[-63.1318,-32.9191],[-63.1802,-33.1025],[-63.191,-33.1006],[-63.2153,-33.192],[-63.2184,-33.247],[-63.0817,-33.2728],[-63.2247,-33.8153],[-63.085,-33.8455],[-62.8052,-33.896],[-62.7767,-33.7793],[-62.7534,-33.7835],[-62.7181,-33.6556],[-62.6457,-33.3585],[-62.6033,-33.3014],[-62.6884,-33.2857],[-62.5733,-33.2097],[-62.5208,-33.1275],[-62.6252,-33.108],[-62.5306,-33.0434],[-62.5078,-32.9528],[-62.5429,-32.9467],[-62.5159,-32.837],[-62.4511,-32.8483],[-62.4874,-32.7643],[-62.4833,-32.698],[-62.4563,-32.6847],[-62.3905,-32.4381],[-62.3472,-32.4148],[-62.266,-32.4291],[-62.245,-32.329],[-62.2947,-32.3013],[-62.3759,-32.2875],[-62.3394,-32.1368],[-62.3065,-32.1421],[-62.2825,-32.0465]]]}},{"type":"Feature","properties":{"zid":"14161"},"geometry":{"type":"Polygon","coordinates":[[[-63.097,-32.0055],[-63.0835,-31.9522],[-63.1256,-31.9474],[-63.1847,-32.003],[-63.2118,-32.0099],[-63.2444,-31.9248],[-63.3425,-31.9418],[-63.3481,-31.9638],[-63.4,-31.9821],[-63.555,-31.9814],[-63.57,-31.9642],[-63.6779,-32.0351],[-63.6998,-31.9884],[-63.919,-31.987],[-63.9744,-31.998],[-63.9738,-31.9518],[-64.0841,-31.9506],[-64.0845,-32.0047],[-64.2414,-32.0045],[-64.2939,-32.2049],[-64.2935,-32.3182],[-64.2456,-32.3269],[-64.2459,-32.3082],[-64.0894,-32.3081],[-64.0438,-32.3245],[-63.9819,-32.3295],[-63.9886,-32.3609],[-63.9204,-32.3745],[-63.9441,-32.4587],[-63.9741,-32.477],[-64.044,-32.7504],[-63.9774,-32.7377],[-63.9074,-32.7004],[-63.6999,-32.7098],[-63.7215,-32.7907],[-63.5502,-32.8227],[-63.5768,-32.7694],[-63.5603,-32.7071],[-63.5814,-32.7031],[-63.4989,-32.3929],[-63.5724,-32.3788],[-63.5428,-32.2619],[-63.5162,-32.2224],[-63.4593,-32.2474],[-63.3712,-32.191],[-63.4477,-32.1037],[-63.4089,-32.0849],[-63.3587,-32.0879],[-63.2013,-32.0483],[-63.1859,-32.096],[-63.1189,-32.004],[-63.097,-32.0055]]]}},{"type":"Feature","properties":{"zid":"14098"},"geometry":{"type":"Polygon","coordinates":[[[-63.9774,-32.7377],[-64.044,-32.7504],[-63.9741,-32.477],[-63.9441,-32.4587],[-63.9204,-32.3745],[-63.9886,-32.3609],[-63.9819,-32.3295],[-64.0438,-32.3245],[-64.0894,-32.3081],[-64.2459,-32.3082],[-64.2456,-32.3269],[-64.2457,-32.3901],[-64.322,-32.3764],[-64.3249,-32.3988],[-64.4261,-32.3799],[-64.4456,-32.461],[-64.4875,-32.4766],[-64.5268,-32.6177],[-64.5753,-32.6315],[-64.5923,-32.6178],[-64.6552,-32.6303],[-64.7447,-32.6059],[-64.8899,-32.5796],[-64.9161,-32.6081],[-64.9239,-32.6535],[-64.9095,-32.6854],[-64.9482,-32.7228],[-64.9432,-32.7614],[-64.9685,-32.7988],[-64.9617,-32.8564],[-64.98,-32.8852],[-64.9928,-32.9452],[-65.0139,-32.9618],[-64.9997,-33.0027],[-65.0481,-33.0688],[-65.0708,-33.1383],[-65.143,-33.1948],[-65.1247,-33.5866],[-65.1093,-33.9558],[-65.0606,-34.0067],[-65.0247,-34.0082],[-64.9817,-34.0322],[-64.8938,-34.0539],[-64.8222,-34.0593],[-64.8077,-34.0821],[-64.7583,-34.0856],[-64.7343,-34.1085],[-64.6554,-34.1334],[-64.6457,-34.1598],[-64.5273,-34.183],[-64.4713,-34.2085],[-64.3984,-34.2067],[-64.3182,-34.2262],[-64.2549,-34.2272],[-64.2085,-34.2391],[-64.1602,-34.2084],[-64.0883,-34.1987],[-64.0317,-34.1742],[-64.0348,-33.8328],[-64.0392,-33.6431],[-63.8854,-33.6433],[-63.8904,-33.2074],[-63.9543,-33.2013],[-64.0048,-33.1843],[-64.0479,-33.1926],[-64.0488,-33.1097],[-63.9921,-33.1113],[-63.9766,-33.0543],[-64.0582,-33.0427],[-63.9774,-32.7377]]]}},{"type":"Feature","properties":{"zid":"14084"},"geometry":{"type":"Polygon","coordinates":[[[-62.8052,-33.896],[-63.085,-33.8455],[-63.2247,-33.8153],[-63.2285,-33.8306],[-63.5914,-33.831],[-64.0348,-33.8328],[-64.0317,-34.1742],[-64.0883,-34.1987],[-64.1602,-34.2084],[-64.2085,-34.2391],[-64.1655,-34.2573],[-64.1622,-34.3705],[-63.8349,-34.3642],[-63.8298,-34.5454],[-63.6112,-34.5411],[-63.5015,-34.5448],[-63.5024,-34.5211],[-63.3853,-34.5296],[-63.3851,-34.3858],[-62.8839,-34.3865],[-62.5443,-33.9432],[-62.8052,-33.896]]]}},{"type":"Feature","properties":{"zid":"14035"},"geometry":{"type":"Polygon","coordinates":[[[-64.2085,-34.2391],[-64.2549,-34.2272],[-64.3182,-34.2262],[-64.3984,-34.2067],[-64.4713,-34.2085],[-64.5273,-34.183],[-64.6457,-34.1598],[-64.6554,-34.1334],[-64.7343,-34.1085],[-64.7583,-34.0856],[-64.8077,-34.0821],[-64.8222,-34.0593],[-64.8938,-34.0539],[-64.9817,-34.0322],[-65.0247,-34.0082],[-65.0606,-34.0067],[-65.1093,-33.9558],[-65.1085,-34.2425],[-65.1059,-34.6532],[-65.1068,-35.0153],[-64.4809,-35.0115],[-64.4059,-35.0111],[-63.9349,-35.0076],[-63.3857,-35.0022],[-63.3853,-34.5296],[-63.5024,-34.5211],[-63.5015,-34.5448],[-63.6112,-34.5411],[-63.8298,-34.5454],[-63.8349,-34.3642],[-64.1622,-34.3705],[-64.1655,-34.2573],[-64.2085,-34.2391]]]}},{"type":"Feature","properties":{"zid":"14112"},"geometry":{"type":"Polygon","coordinates":[[[-63.2705,-29.7792],[-63.4596,-29.7569],[-63.4805,-29.7255],[-63.4654,-29.6645],[-63.5687,-29.6643],[-63.6279,-29.655],[-63.719,-29.6662],[-63.7484,-29.6533],[-63.7792,-29.6393],[-63.7922,-29.7043],[-63.7654,-29.7061],[-63.7913,-29.795],[-63.8114,-29.8045],[-63.8387,-29.8791],[-63.8885,-29.9156],[-63.8956,-29.9605],[-63.9445,-30.0273],[-63.9376,-30.0835],[-63.8431,-30.1255],[-63.6993,-30.148],[-63.4937,-30.1887],[-63.4925,-30.2722],[-63.381,-30.2704],[-63.3809,-30.3215],[-63.3485,-30.3237],[-63.3254,-30.2304],[-62.527,-30.3785],[-62.5505,-30.4701],[-62.3251,-30.5116],[-62.3214,-30.3679],[-62.1576,-30.3962],[-62.1738,-30.3453],[-62.5201,-30.3419],[-62.5345,-30.312],[-62.5894,-30.2687],[-62.6013,-30.1909],[-62.5646,-30.1148],[-62.5565,-30.0628],[-62.6085,-30.0565],[-62.6554,-30.0553],[-62.6746,-30.0341],[-62.655,-30.0073],[-62.7239,-29.9908],[-62.7855,-29.9457],[-62.8381,-29.8646],[-62.8063,-29.8338],[-63.2705,-29.7792]]]}},{"type":"Feature","properties":{"zid":"14154"},"geometry":{"type":"Polygon","coordinates":[[[-63.7484,-29.6533],[-63.7838,-29.5842],[-63.8419,-29.5808],[-63.8739,-29.6308],[-63.9578,-29.6235],[-63.9808,-29.551],[-64.0823,-29.5301],[-64.2755,-29.4987],[-64.4894,-29.5281],[-64.4924,-29.8195],[-64.4052,-29.8276],[-64.4101,-29.9301],[-64.2107,-29.9781],[-64.1736,-30.063],[-64.0561,-30.085],[-64.0408,-30.0664],[-63.9937,-30.0633],[-63.9817,-30.0837],[-63.9376,-30.0835],[-63.9445,-30.0273],[-63.8956,-29.9605],[-63.8885,-29.9156],[-63.8387,-29.8791],[-63.8114,-29.8045],[-63.7913,-29.795],[-63.7654,-29.7061],[-63.7922,-29.7043],[-63.7792,-29.6393],[-63.7484,-29.6533]]]}},{"type":"Feature","properties":{"zid":"14014"},"geometry":{"type":"Polygon","coordinates":[[[-64.0574,-31.4193],[-64.0574,-31.3085],[-64.3098,-31.3085],[-64.3098,-31.3633],[-64.3098,-31.525],[-64.0574,-31.525],[-64.0574,-31.4193]]]}},{"type":"Feature","properties":{"zid":"14056"},"geometry":{"type":"Polygon","coordinates":[[[-63.191,-33.1006],[-63.3003,-33.0814],[-63.3166,-33.1433],[-63.3395,-33.1454],[-63.4813,-33.1189],[-63.4587,-33.0332],[-63.393,-33.0458],[-63.3454,-32.8613],[-63.4048,-32.8501],[-63.4208,-32.9098],[-63.5245,-32.8721],[-63.5131,-32.8293],[-63.5502,-32.8227],[-63.7215,-32.7907],[-63.6999,-32.7098],[-63.9074,-32.7004],[-63.9774,-32.7377],[-64.0582,-33.0427],[-63.9766,-33.0543],[-63.9921,-33.1113],[-64.0488,-33.1097],[-64.0479,-33.1926],[-64.0048,-33.1843],[-63.9543,-33.2013],[-63.8904,-33.2074],[-63.8854,-33.6433],[-64.0392,-33.6431],[-64.0348,-33.8328],[-63.5914,-33.831],[-63.2285,-33.8306],[-63.2247,-33.8153],[-63.0817,-33.2728],[-63.2184,-33.247],[-63.2153,-33.192],[-63.191,-33.1006]]]}},{"type":"Feature","properties":{"zid":"14021"},"geometry":{"type":"Polygon","coordinates":[[[-63.8231,-31.0181],[-63.8957,-31.0187],[-63.888,-30.953],[-63.9912,-30.9182],[-63.9906,-30.9437],[-64.0394,-30.9601],[-64.1354,-30.9731],[-64.2291,-30.9675],[-64.3446,-30.9363],[-64.377,-30.9091],[-64.4388,-30.9138],[-64.4347,-30.9987],[-64.4471,-31.0788],[-64.4155,-31.1723],[-64.4167,-31.2494],[-64.4303,-31.2717],[-64.4321,-31.3733],[-64.4225,-31.3556],[-64.3511,-31.3713],[-64.3098,-31.3633],[-64.3098,-31.3085],[-64.0574,-31.3085],[-64.0574,-31.4193],[-64.0023,-31.447],[-63.9521,-31.4397],[-63.9509,-31.2739],[-63.9225,-31.2459],[-63.8661,-31.2261],[-63.8644,-31.1119],[-63.8232,-31.0734],[-63.8231,-31.0181]]]}},{"type":"Feature","properties":{"zid":"46091"},"geometry":{"type":"Polygon","coordinates":[[[-65.7708,-31.3683],[-66.2653,-31.2032],[-66.3411,-31.2581],[-66.3568,-31.4312],[-66.2909,-31.5448],[-66.2838,-31.6298],[-66.2605,-31.6898],[-66.2848,-31.7313],[-66.2975,-31.8067],[-66.3112,-31.8269],[-66.5053,-31.7671],[-66.8253,-31.7613],[-66.8043,-31.8088],[-66.7227,-31.8838],[-66.6618,-31.9205],[-66.6045,-31.9234],[-66.5688,-31.9498],[-66.3528,-31.9947],[-66.3375,-31.9432],[-66.299,-31.9313],[-66.2269,-31.9426],[-66.1602,-31.9628],[-66.1314,-31.9437],[-66.0793,-31.9719],[-66.0692,-31.9365],[-65.979,-31.8892],[-65.9149,-31.9099],[-65.8264,-31.8974],[-65.7698,-31.8886],[-65.7701,-31.7434],[-65.7708,-31.3683]]]}},{"type":"Feature","properties":{"zid":"46049"},"geometry":{"type":"Polygon","coordinates":[[[-67.4464,-28.368],[-67.688,-28.312],[-67.7398,-28.3201],[-67.8463,-28.3744],[-67.8425,-28.3208],[-67.861,-28.2953],[-67.8763,-28.3648],[-67.8298,-28.5355],[-67.8771,-28.7611],[-67.8247,-28.8813],[-67.8355,-29.008],[-67.8352,-29.0146],[-67.2159,-29.0132],[-67.2091,-28.971],[-67.1748,-28.9055],[-67.2255,-28.8502],[-67.259,-28.7339],[-67.2635,-28.665],[-67.2536,-28.5715],[-67.2622,-28.5371],[-67.2963,-28.5008],[-67.4198,-28.4308],[-67.4434,-28.4111],[-67.4464,-28.368]]]}},{"type":"Feature","properties":{"zid":"14049"},"geometry":{"type":"Polygon","coordinates":[[[-64.2983,-30.4637],[-64.2837,-30.3888],[-64.3748,-30.3786],[-64.3854,-30.3627],[-64.3678,-30.2908],[-64.3565,-30.1974],[-64.2832,-30.2019],[-64.2699,-30.116],[-64.2961,-30.0863],[-64.9894,-30.0151],[-65.0016,-30.2437],[-65.0019,-30.4185],[-65.0653,-30.4187],[-65.0335,-30.4751],[-64.9658,-30.5482],[-64.8753,-30.6342],[-64.7149,-30.6341],[-64.7147,-30.6899],[-64.6243,-30.6901],[-64.5447,-30.6906],[-64.5148,-30.703],[-64.514,-30.7715],[-64.4254,-30.7776],[-64.3599,-30.7855],[-64.3248,-30.8033],[-64.2526,-30.813],[-64.2157,-30.7899],[-64.1732,-30.7954],[-64.1172,-30.777],[-64.1182,-30.7488],[-64.1526,-30.6876],[-64.183,-30.6531],[-64.229,-30.5461],[-64.2983,-30.4637]]]}},{"type":"Feature","properties":{"zid":"46119"},"geometry":{"type":"Polygon","coordinates":[[[-66.9426,-28.2662],[-67.0302,-28.2602],[-67.0747,-28.2702],[-67.1554,-28.3844],[-67.3753,-28.3845],[-67.4464,-28.368],[-67.4434,-28.4111],[-67.4198,-28.4308],[-67.2963,-28.5008],[-67.2622,-28.5371],[-67.2536,-28.5715],[-67.2635,-28.665],[-67.259,-28.7339],[-67.2255,-28.8502],[-67.1748,-28.9055],[-67.1422,-28.8482],[-67.0687,-28.7186],[-67.0647,-28.6526],[-67.0268,-28.6386],[-67.0119,-28.6038],[-67.0127,-28.5699],[-66.9888,-28.5097],[-66.9981,-28.4338],[-67.0224,-28.3782],[-67.0119,-28.338],[-66.9426,-28.2662]]]}},{"type":"Feature","properties":{"zid":"38056"},"geometry":{"type":"Polygon","coordinates":[[[-65.235,-24.2767],[-65.3431,-24.2564],[-65.373,-24.275],[-65.4501,-24.2698],[-65.4727,-24.2914],[-65.5755,-24.2944],[-65.6284,-24.2778],[-65.6725,-24.2487],[-65.6827,-24.3077],[-65.6586,-24.3687],[-65.6162,-24.3879],[-65.6002,-24.417],[-65.5437,-24.4493],[-65.488,-24.4276],[-65.4398,-24.4605],[-65.3574,-24.4625],[-65.3572,-24.383],[-65.2694,-24.362],[-65.2695,-24.3138],[-65.1406,-24.3322],[-65.1765,-24.2816],[-65.235,-24.2767]]]}},{"type":"Feature","properties":{"zid":"14168"},"geometry":{"type":"Polygon","coordinates":[[[-64.2983,-30.4637],[-64.229,-30.5461],[-64.183,-30.6531],[-64.1526,-30.6876],[-64.1182,-30.7488],[-64.1172,-30.777],[-64.1732,-30.7954],[-64.2157,-30.7899],[-64.2526,-30.813],[-64.3248,-30.8033],[-64.3599,-30.7855],[-64.4254,-30.7776],[-64.4472,-30.8334],[-64.4388,-30.9138],[-64.377,-30.9091],[-64.3446,-30.9363],[-64.2291,-30.9675],[-64.1354,-30.9731],[-64.0394,-30.9601],[-63.9906,-30.9437],[-63.9912,-30.9182],[-63.888,-30.953],[-63.8957,-31.0187],[-63.8231,-31.0181],[-63.8204,-30.9723],[-63.7643,-30.9713],[-63.7644,-30.9278],[-63.7282,-30.9344],[-63.6624,-30.667],[-63.5985,-30.6722],[-63.565,-30.534],[-63.6043,-30.5261],[-63.6155,-30.5719],[-63.6474,-30.5673],[-63.7957,-30.5692],[-63.8024,-30.5103],[-63.8455,-30.5108],[-63.8471,-30.4166],[-63.9636,-30.4149],[-63.9973,-30.4796],[-64.0833,-30.4657],[-64.1344,-30.4717],[-64.2983,-30.4637]]]}},{"type":"Feature","properties":{"zid":"14042"},"geometry":{"type":"Polygon","coordinates":[[[-62.8512,-32.0605],[-63.0063,-32.0215],[-63.097,-32.0055],[-63.1189,-32.004],[-63.1859,-32.096],[-63.2013,-32.0483],[-63.3587,-32.0879],[-63.4089,-32.0849],[-63.4477,-32.1037],[-63.3712,-32.191],[-63.4593,-32.2474],[-63.5162,-32.2224],[-63.5428,-32.2619],[-63.5724,-32.3788],[-63.4989,-32.3929],[-63.5814,-32.7031],[-63.5603,-32.7071],[-63.5768,-32.7694],[-63.5502,-32.8227],[-63.5131,-32.8293],[-63.5245,-32.8721],[-63.4208,-32.9098],[-63.4048,-32.8501],[-63.3454,-32.8613],[-63.393,-33.0458],[-63.4587,-33.0332],[-63.4813,-33.1189],[-63.3395,-33.1454],[-63.3166,-33.1433],[-63.3003,-33.0814],[-63.191,-33.1006],[-63.1802,-33.1025],[-63.1318,-32.9191],[-63.1098,-32.9232],[-63.0906,-32.8502],[-63.1033,-32.811],[-63.0588,-32.6328],[-63.1181,-32.6161],[-63.0912,-32.5128],[-63.1498,-32.5006],[-63.1634,-32.4723],[-63.1265,-32.4223],[-63.0664,-32.4266],[-63.0535,-32.3764],[-62.9274,-32.3915],[-62.8615,-32.1606],[-62.8781,-32.1572],[-62.8512,-32.0605]]]}},{"type":"Feature","properties":{"zid":"14133"},"geometry":{"type":"Polygon","coordinates":[[[-64.9288,-31.9093],[-64.9927,-31.8651],[-65.0332,-31.8702],[-65.0919,-31.9081],[-65.1486,-31.9261],[-65.2708,-31.9455],[-65.3523,-31.9206],[-65.3526,-31.9042],[-65.6064,-31.9085],[-65.328,-32.0348],[-65.2458,-32.089],[-65.2251,-32.1789],[-65.2312,-32.2111],[-65.2105,-32.2353],[-65.2192,-32.2795],[-65.212,-32.3267],[-64.9528,-32.3086],[-64.9622,-32.2268],[-64.9334,-32.0344],[-64.9427,-32.0158],[-64.9288,-31.9093]]]}},{"type":"Feature","properties":{"zid":"14105"},"geometry":{"type":"Polygon","coordinates":[[[-63.03,-30.6953],[-63.2136,-30.6621],[-63.2075,-30.639],[-63.365,-30.6094],[-63.357,-30.5759],[-63.5405,-30.5422],[-63.565,-30.534],[-63.5985,-30.6722],[-63.6624,-30.667],[-63.7282,-30.9344],[-63.7644,-30.9278],[-63.7643,-30.9713],[-63.8204,-30.9723],[-63.8231,-31.0181],[-63.8232,-31.0734],[-63.8644,-31.1119],[-63.8661,-31.2261],[-63.9225,-31.2459],[-63.9509,-31.2739],[-63.9521,-31.4397],[-63.9543,-31.5354],[-63.9047,-31.5416],[-63.83,-31.5262],[-63.7353,-31.5158],[-63.6909,-31.5223],[-63.6808,-31.4929],[-63.619,-31.4941],[-63.5579,-31.4579],[-63.5306,-31.4033],[-63.4895,-31.4024],[-63.4482,-31.3755],[-63.3584,-31.3676],[-63.3656,-31.3151],[-63.2631,-31.3339],[-63.2459,-31.2648],[-63.1776,-31.2834],[-63.1539,-31.1595],[-63.1196,-31.1172],[-63.0403,-31.1315],[-63.0099,-31.0719],[-62.9552,-31.0798],[-62.9338,-30.9675],[-62.8341,-30.9325],[-62.8152,-30.8507],[-62.8423,-30.805],[-62.8859,-30.7989],[-62.9292,-30.7517],[-62.924,-30.73],[-63.03,-30.6953]]]}},{"type":"Feature","properties":{"zid":"14063"},"geometry":{"type":"Polygon","coordinates":[[[-62.1821,-32.0637],[-62.2825,-32.0465],[-62.3065,-32.1421],[-62.3394,-32.1368],[-62.3759,-32.2875],[-62.2947,-32.3013],[-62.245,-32.329],[-62.266,-32.4291],[-62.3472,-32.4148],[-62.3905,-32.4381],[-62.4563,-32.6847],[-62.4833,-32.698],[-62.4874,-32.7643],[-62.4511,-32.8483],[-62.5159,-32.837],[-62.5429,-32.9467],[-62.5078,-32.9528],[-62.5306,-33.0434],[-62.6252,-33.108],[-62.5208,-33.1275],[-62.5733,-33.2097],[-62.6884,-33.2857],[-62.6033,-33.3014],[-62.6457,-33.3585],[-62.7181,-33.6556],[-62.7534,-33.7835],[-62.7767,-33.7793],[-62.8052,-33.896],[-62.5443,-33.9432],[-62.3148,-33.6414],[-62.1316,-33.3981],[-62.1311,-33.3976],[-61.9232,-33.1196],[-61.8847,-33.1022],[-61.8485,-33.0563],[-61.7949,-33.0143],[-61.7947,-33.0142],[-61.7909,-32.958],[-61.7723,-32.9131],[-61.7928,-32.8732],[-61.7778,-32.83],[-61.7957,-32.774],[-61.8301,-32.7462],[-61.858,-32.6946],[-61.904,-32.696],[-61.9466,-32.6785],[-61.9462,-32.651],[-61.8962,-32.6152],[-61.8909,-32.5918],[-61.9131,-32.4997],[-61.9439,-32.4391],[-62.0123,-32.3455],[-62.0425,-32.2584],[-62.1277,-32.2092],[-62.1789,-32.1594],[-62.1968,-32.1148],[-62.1821,-32.0637]]]}},{"type":"Feature","properties":{"zid":"14007"},"geometry":{"type":"Polygon","coordinates":[[[-64.2414,-32.0045],[-64.2234,-31.9124],[-64.2743,-31.9127],[-64.2881,-31.8536],[-64.3111,-31.842],[-64.3802,-31.8392],[-64.4261,-31.8571],[-64.5205,-31.818],[-64.5365,-31.859],[-64.6102,-31.8936],[-64.7378,-31.8831],[-64.7602,-31.8667],[-64.8345,-31.8653],[-64.8949,-31.9069],[-64.9288,-31.9093],[-64.9427,-32.0158],[-64.9334,-32.0344],[-64.9622,-32.2268],[-64.9528,-32.3086],[-64.9233,-32.3278],[-64.9293,-32.4171],[-64.9194,-32.4794],[-64.8827,-32.5316],[-64.8899,-32.5796],[-64.7447,-32.6059],[-64.6552,-32.6303],[-64.5923,-32.6178],[-64.5753,-32.6315],[-64.5268,-32.6177],[-64.4875,-32.4766],[-64.4456,-32.461],[-64.4261,-32.3799],[-64.3249,-32.3988],[-64.322,-32.3764],[-64.2457,-32.3901],[-64.2456,-32.3269],[-64.2935,-32.3182],[-64.2939,-32.2049],[-64.2414,-32.0045]]]}},{"type":"Feature","properties":{"zid":"14077"},"geometry":{"type":"Polygon","coordinates":[[[-64.8994,-31.2769],[-65.1794,-31.2693],[-65.4662,-31.2647],[-65.771,-31.2614],[-65.7708,-31.3683],[-65.7701,-31.7434],[-65.6119,-31.7455],[-65.6156,-31.7584],[-65.5022,-31.7594],[-65.4693,-31.6199],[-65.3993,-31.6201],[-65.3995,-31.649],[-65.2734,-31.6498],[-65.2368,-31.6755],[-65.2355,-31.621],[-65.2507,-31.567],[-65.1665,-31.5596],[-65.172,-31.4533],[-64.9859,-31.399],[-64.9233,-31.4124],[-64.8998,-31.346],[-64.8994,-31.2769]]]}},{"type":"Feature","properties":{"zid":"94021"},"geometry":{"type":"MultiPolygon","coordinates":[[[[-58.9698,-51.2332],[-58.9583,-51.2679],[-58.8716,-51.3497],[-58.8681,-51.3786],[-58.9742,-51.3813],[-59.0069,-51.4248],[-59.075,-51.4262],[-59.1395,-51.4432],[-59.0189,-51.4985],[-59.128,-51.5346],[-59.1543,-51.5974],[-59.0445,-51.6468],[-58.9804,-51.7833],[-59.0092,-51.8239],[-59.047,-51.7943],[-59.0262,-51.7726],[-59.0581,-51.6955],[-59.1597,-51.7086],[-59.3018,-51.7627],[-59.2726,-51.7977],[-59.3611,-51.7999],[-59.389,-51.8423],[-59.4971,-51.8356],[-59.4856,-51.8802],[-59.5276,-51.9029],[-59.5915,-51.9044],[-59.612,-51.9303],[-59.5539,-51.9635],[-59.6076,-51.9988],[-59.6532,-52.0065],[-59.6045,-52.049],[-59.5614,-52.0667],[-59.6116,-52.0931],[-59.6248,-52.1211],[-59.7075,-52.1058],[-59.7259,-52.132],[-59.6242,-52.1744],[-59.5943,-52.2447],[-59.5213,-52.2467],[-59.4787,-52.2871],[-59.4149,-52.3103],[-59.3389,-52.2875],[-59.3418,-52.2537],[-59.4151,-52.232],[-59.436,-52.1996],[-59.4041,-52.1723],[-59.4005,-52.1379],[-59.2655,-52.1658],[-59.2517,-52.1985],[-59.2053,-52.2148],[-59.0408,-52.2486],[-59.0761,-52.1995],[-59.0627,-52.1395],[-59.1241,-52.1502],[-59.1355,-52.058],[-59.1845,-52.065],[-59.1978,-52.0211],[-59.1382,-51.9974],[-59.0206,-52.0303],[-58.9837,-52.087],[-58.9095,-52.087],[-58.8558,-52.0535],[-58.7945,-52.0378],[-58.7512,-52.0446],[-58.6751,-52.0967],[-58.6511,-52.0275],[-58.6073,-51.9819],[-58.6993,-51.9525],[-58.8828,-51.9045],[-58.9944,-51.856],[-58.9623,-51.8153],[-58.8977,-51.8545],[-58.7597,-51.8997],[-58.733,-51.8907],[-58.558,-51.9015],[-58.4036,-51.8999],[-58.3158,-51.8788],[-58.2395,-51.8443],[-58.2475,-51.8061],[-58.1639,-51.7605],[-58.0647,-51.7716],[-57.827,-51.7217],[-57.8047,-51.7045],[-57.8452,-51.6661],[-57.7866,-51.6615],[-57.7681,-51.6218],[-57.9499,-51.5915],[-58.061,-51.5906],[-58.0691,-51.5702],[-58.159,-51.5518],[-58.0262,-51.5087],[-57.9568,-51.5399],[-57.7894,-51.5456],[-57.7649,-51.5262],[-57.7947,-51.4868],[-57.8346,-51.4786],[-57.8514,-51.4131],[-57.9385,-51.3645],[-58.0206,-51.3803],[-58.1581,-51.3776],[-58.2796,-51.3927],[-58.2905,-51.4299],[-58.3542,-51.4784],[-58.378,-51.5127],[-58.3181,-51.5155],[-58.3642,-51.5621],[-58.433,-51.5249],[-58.41,-51.5042],[-58.4443,-51.4732],[-58.4922,-51.4691],[-58.5269,-51.4046],[-58.477,-51.4036],[-58.4455,-51.4501],[-58.3934,-51.4414],[-58.3422,-51.4546],[-58.3149,-51.4152],[-58.3457,-51.3606],[-58.4139,-51.3151],[-58.5425,-51.3016],[-58.671,-51.3335],[-58.7429,-51.3232],[-58.8317,-51.2909],[-58.9046,-51.2755],[-58.9698,-51.2332]]],[[[-59.3871,-51.3369],[-59.4394,-51.4064],[-59.4018,-51.4365],[-59.4644,-51.4629],[-59.5892,-51.4583],[-59.6197,-51.4354],[-59.7516,-51.4601],[-59.8561,-51.4133],[-59.8706,-51.3883],[-59.9365,-51.39],[-59.9824,-51.4218],[-60.0768,-51.4135],[-60.0914,-51.4509],[-60.0154,-51.4538],[-60.0926,-51.4998],[-60.2444,-51.494],[-60.3769,-51.4436],[-60.4853,-51.3877],[-60.5836,-51.361],[-60.6616,-51.3574],[-60.6001,-51.4396],[-60.5207,-51.4517],[-60.4551,-51.4377],[-60.4017,-51.4814],[-60.4813,-51.4907],[-60.5051,-51.5295],[-60.4296,-51.5479],[-60.3753,-51.5767],[-60.3041,-51.5798],[-60.2714,-51.6105],[-60.2332,-51.6086],[-60.2142,-51.6614],[-60.287,-51.6806],[-60.3677,-51.6715],[-60.437,-51.6968],[-60.5477,-51.7059],[-60.6109,-51.6765],[-60.6613,-51.6774],[-60.63,-51.7299],[-60.5698,-51.8],[-60.5213,-51.7653],[-60.4428,-51.7711],[-60.3923,-51.7445],[-60.3779,-51.7143],[-60.2876,-51.7211],[-60.2492,-51.6967],[-60.1833,-51.7064],[-60.2039,-51.7798],[-60.3285,-51.8047],[-60.3194,-51.827],[-60.3828,-51.8554],[-60.3721,-51.786],[-60.447,-51.7778],[-60.4702,-51.827],[-60.446,-51.852],[-60.4847,-51.906],[-60.4919,-51.9424],[-60.4531,-51.9683],[-60.5313,-51.9813],[-60.6514,-51.9706],[-60.6799,-51.9955],[-60.7258,-51.9614],[-60.8444,-51.955],[-60.7924,-52.024],[-60.8596,-52.042],[-61.0058,-52.0384],[-61.0508,-52.0527],[-60.8816,-52.117],[-60.8178,-52.1514],[-60.7995,-52.1894],[-60.7338,-52.1764],[-60.8529,-52.1179],[-60.7721,-52.1092],[-60.688,-52.186],[-60.6964,-52.2131],[-60.6527,-52.2591],[-60.516,-52.2086],[-60.4858,-52.1663],[-60.4145,-52.1446],[-60.3786,-52.1775],[-60.3328,-52.1537],[-60.2669,-52.0909],[-60.2895,-52.0107],[-60.1001,-52.0083],[-60.0856,-51.9626],[-59.9961,-51.9887],[-59.9211,-51.9674],[-59.8604,-51.9643],[-59.8359,-51.8984],[-59.7488,-51.8193],[-59.6274,-51.7528],[-59.54,-51.6305],[-59.4403,-51.6341],[-59.3323,-51.5226],[-59.2723,-51.4758],[-59.282,-51.4274],[-59.2388,-51.3911],[-59.3585,-51.3593],[-59.3871,-51.3369]]],[[[-37.7268,-53.9765],[-37.7533,-54.0076],[-37.839,-54.0236],[-37.9151,-54.0013],[-37.968,-54.0349],[-37.9007,-54.0583],[-37.8234,-54.0487],[-37.7588,-54.0575],[-37.6691,-54.0339],[-37.6573,-54.0513],[-37.7295,-54.1011],[-37.6723,-54.1802],[-37.558,-54.1752],[-37.543,-54.1408],[-37.4051,-54.1527],[-37.2901,-54.1446],[-37.2538,-54.1617],[-37.3924,-54.1803],[-37.3296,-54.2246],[-37.3689,-54.267],[-37.3031,-54.2728],[-37.2209,-54.2321],[-37.1861,-54.2685],[-37.088,-54.2812],[-37.084,-54.3094],[-37.0054,-54.3609],[-36.903,-54.3704],[-36.8301,-54.4057],[-36.8149,-54.4534],[-36.7084,-54.4857],[-36.6568,-54.4919],[-36.6404,-54.518],[-36.5533,-54.4984],[-36.4669,-54.5258],[-36.497,-54.5709],[-36.4186,-54.5935],[-36.3365,-54.68],[-36.3118,-54.7475],[-36.2581,-54.791],[-36.1275,-54.8531],[-36.1062,-54.8905],[-35.9852,-54.8831],[-35.9436,-54.8592],[-35.962,-54.8152],[-35.9081,-54.7947],[-35.82,-54.7967],[-35.8716,-54.7327],[-35.9169,-54.731],[-35.9277,-54.6483],[-35.9497,-54.6275],[-35.9072,-54.5887],[-36.0227,-54.5657],[-36.096,-54.5765],[-36.1111,-54.5513],[-36.0784,-54.5174],[-36.026,-54.5106],[-36.0754,-54.4678],[-36.1674,-54.4565],[-36.1867,-54.4338],[-36.1787,-54.3869],[-36.2627,-54.3926],[-36.247,-54.346],[-36.2636,-54.2942],[-36.3839,-54.257],[-36.4023,-54.2763],[-36.3313,-54.3502],[-36.3573,-54.3954],[-36.4287,-54.3191],[-36.4922,-54.2931],[-36.4707,-54.246],[-36.5234,-54.2393],[-36.6127,-54.2835],[-36.6476,-54.2424],[-36.5452,-54.1989],[-36.5442,-54.169],[-36.6015,-54.1686],[-36.6594,-54.1906],[-36.7069,-54.1859],[-36.7063,-54.1541],[-36.6443,-54.1463],[-36.6416,-54.1231],[-36.9114,-54.081],[-36.9586,-54.1067],[-36.9899,-54.0557],[-37.145,-54.1167],[-37.1537,-54.0468],[-37.2406,-54.0922],[-37.2822,-54.0611],[-37.3625,-54.0577],[-37.4191,-54.068],[-37.5039,-54.025],[-37.6221,-54.0156],[-37.7268,-53.9765]]],[[[-60.9005,-51.7623],[-60.891,-51.8116],[-60.9888,-51.8721],[-61.002,-51.8492],[-60.963,-51.8158],[-60.9832,-51.7844],[-61.0293,-51.779],[-61.0638,-51.8256],[-61.1266,-51.8551],[-61.135,-51.9037],[-61.0671,-51.9358],[-61.0007,-51.9897],[-60.871,-51.915],[-60.8871,-51.8631],[-60.8568,-51.7886],[-60.9005,-51.7623]]],[[[-26.3584,-58.4035],[-26.4704,-58.4173],[-26.4809,-58.4588],[-26.377,-58.4951],[-26.2802,-58.4792],[-26.2753,-58.4201],[-26.3584,-58.4035]]],[[[-60.3156,-51.2671],[-60.2824,-51.3052],[-60.241,-51.3079],[-60.1906,-51.348],[-60.121,-51.3625],[-60.1703,-51.3968],[-60.1905,-51.3613],[-60.2865,-51.3726],[-60.2619,-51.4138],[-60.1206,-51.4026],[-60.0626,-51.3549],[-60.092,-51.3029],[-60.1578,-51.3163],[-60.2486,-51.3002],[-60.2647,-51.2717],[-60.3156,-51.2671]]],[[[-59.7655,-51.2483],[-59.8115,-51.2804],[-59.7167,-51.3026],[-59.6164,-51.3066],[-59.5863,-51.3438],[-59.4856,-51.3433],[-59.4569,-51.329],[-59.4737,-51.2841],[-59.5027,-51.2744],[-59.5627,-51.3099],[-59.6527,-51.2642],[-59.7437,-51.2649],[-59.7655,-51.2483]]],[[[-26.5381,-58.9666],[-26.629,-59.0054],[-26.5559,-59.0551],[-26.5219,-59.0616],[-26.4387,-59.0196],[-26.5381,-58.9666]]],[[[-58.4847,-51.9897],[-58.5257,-52.0354],[-58.4627,-52.0982],[-58.4256,-52.095],[-58.4539,-51.9938],[-58.4847,-51.9897]]],[[[-59.778,-52.1489],[-59.7946,-52.1547],[-59.7819,-52.1862],[-59.7613,-52.1791],[-59.7366,-52.209],[-59.7305,-52.2617],[-59.6832,-52.2458],[-59.7102,-52.1722],[-59.7715,-52.1723],[-59.778,-52.1489]]],[[[-26.4994,-57.7626],[-26.5363,-57.7901],[-26.5281,-57.8199],[-26.4791,-57.8307],[-26.431,-57.8006],[-26.4994,-57.7626]]],[[[-61.2342,-51.7952],[-61.3463,-51.8248],[-61.3,-51.8601],[-61.2415,-51.8788],[-61.2342,-51.7952]]],[[[-59.9554,-51.2822],[-60.0307,-51.2995],[-59.9887,-51.3452],[-59.9306,-51.3565],[-59.9285,-51.3059],[-59.9554,-51.2822]]],[[[-27.2148,-56.6829],[-27.2527,-56.7234],[-27.201,-56.7307],[-27.1319,-56.7113],[-27.2148,-56.6829]]],[[[-27.2025,-59.4213],[-27.2449,-59.4505],[-27.1639,-59.4615],[-27.1424,-59.4277],[-27.2025,-59.4213]]],[[[-61.2602,-51.6766],[-61.3253,-51.7003],[-61.3047,-51.7398],[-61.2328,-51.7015],[-61.2602,-51.6766]]],[[[-60.7313,-51.326],[-60.709,-51.3795],[-60.664,-51.3527],[-60.7313,-51.326]]]]}},{"type":"Feature","properties":{"zid":"94028"},"geometry":{"type":"MultiPolygon","coordinates":[[[[-25,-75.8769],[-25.2286,-75.8742],[-25.9298,-75.9254],[-26.0663,-75.9712],[-26.2789,-75.995],[-26.3904,-76.0374],[-26.5764,-76.0481],[-26.6843,-76.1444],[-26.937,-76.1611],[-27.1821,-76.1598],[-27.4546,-76.1892],[-27.5328,-76.2199],[-27.8134,-76.259],[-27.9359,-76.2512],[-28.1202,-76.2875],[-28.4807,-76.33],[-28.6247,-76.3305],[-28.8625,-76.3512],[-29.0369,-76.4018],[-29.3367,-76.4483],[-29.3989,-76.4837],[-29.5097,-76.4901],[-29.63,-76.5781],[-30.0065,-76.6022],[-30.1549,-76.628],[-30.1976,-76.6596],[-30.3953,-76.6957],[-30.4853,-76.7608],[-30.4732,-76.805],[-30.6395,-76.8117],[-30.6684,-76.8457],[-31.3851,-76.9223],[-31.7059,-76.9776],[-31.8698,-77.0496],[-31.8972,-77.1478],[-32.1702,-77.1722],[-32.3854,-77.1387],[-32.5828,-77.1243],[-32.8972,-77.1664],[-33.0862,-77.248],[-33.2304,-77.2781],[-33.7054,-77.3075],[-33.9347,-77.407],[-34.3696,-77.4747],[-34.528,-77.5775],[-34.7322,-77.6296],[-34.7819,-77.6804],[-34.716,-77.7334],[-34.6267,-77.753],[-34.6527,-77.7855],[-34.3763,-77.8134],[-34.1353,-77.8693],[-34.3242,-77.8814],[-34.3875,-77.9214],[-34.5392,-77.8926],[-34.6239,-77.8572],[-35.0055,-77.8177],[-35.3327,-77.8484],[-35.5033,-77.9706],[-35.5068,-78.0426],[-35.6617,-78.1174],[-35.7779,-78.1377],[-35.8295,-78.1833],[-35.9963,-78.2379],[-36.2451,-78.3829],[-36.3544,-78.4778],[-36.4303,-78.5844],[-36.534,-78.6307],[-36.4387,-78.6921],[-36.3496,-78.8232],[-36.1347,-78.8734],[-35.3555,-78.9521],[-34.9648,-78.9794],[-34.6806,-79.0134],[-34.2545,-79.0831],[-34.1623,-79.1611],[-33.8161,-79.1932],[-33.6944,-79.223],[-33.5416,-79.2212],[-32.6737,-79.258],[-32.2712,-79.2249],[-31.6223,-79.1822],[-31.344,-79.1556],[-31.1192,-79.1602],[-30.4349,-79.061],[-30.2615,-79.0428],[-30.1702,-79.1096],[-29.9617,-79.1071],[-29.9763,-79.1411],[-30.1515,-79.1786],[-30.4734,-79.2136],[-30.5819,-79.2615],[-30.5265,-79.2933],[-30.3517,-79.2906],[-29.989,-79.2557],[-29.8369,-79.2766],[-29.6094,-79.2582],[-29.5411,-79.2766],[-29.7519,-79.3517],[-30.7011,-79.571],[-30.996,-79.6111],[-31.187,-79.616],[-31.4899,-79.5959],[-32.0071,-79.6327],[-32.1486,-79.6637],[-32.1046,-79.6857],[-31.7789,-79.7206],[-31.7591,-79.7406],[-32.0723,-79.7843],[-32.123,-79.8106],[-31.9871,-79.8469],[-31.7417,-79.8627],[-31.6415,-79.886],[-31.1518,-79.916],[-31.002,-79.899],[-30.8219,-79.9416],[-30.5185,-79.9559],[-30.3879,-79.9987],[-30.1363,-80.0464],[-29.3974,-79.9937],[-28.9065,-79.9666],[-28.6435,-79.9651],[-28.5381,-79.9831],[-27.7395,-79.9786],[-27.4306,-79.9685],[-27.0929,-79.9927],[-26.7823,-79.999],[-26.623,-80.0156],[-26.1953,-80.0158],[-26.0211,-80.0828],[-26.2975,-80.0955],[-26.304,-80.1182],[-27.1099,-80.105],[-27.6306,-80.0891],[-28.105,-80.0891],[-28.7403,-80.1092],[-29.6318,-80.1634],[-29.7929,-80.1619],[-29.8338,-80.2089],[-29.7252,-80.2506],[-29.8797,-80.2664],[-30.1271,-80.266],[-30.1949,-80.2936],[-30.8029,-80.2641],[-31.0208,-80.2711],[-31.2386,-80.2941],[-31.2056,-80.339],[-31.3144,-80.3646],[-31.1269,-80.4023],[-30.6687,-80.4539],[-30.8238,-80.4698],[-31.301,-80.4514],[-31.5777,-80.4505],[-31.9818,-80.4272],[-32.1766,-80.4724],[-32.3806,-80.476],[-32.7962,-80.5298],[-33.2327,-80.5393],[-33.3849,-80.6038],[-33.5944,-80.6261],[-33.8813,-80.6239],[-33.9976,-80.6489],[-34.5029,-80.6613],[-34.6801,-80.6306],[-34.9768,-80.6191],[-35.1969,-80.5977],[-35.4114,-80.6244],[-35.4791,-80.6503],[-35.1843,-80.7029],[-35.1794,-80.7214],[-35.4798,-80.7444],[-35.7818,-80.8014],[-35.8615,-80.8617],[-36.0352,-80.8943],[-36.0242,-80.9159],[-36.5184,-80.9391],[-36.6544,-81.0007],[-36.8003,-80.983],[-37.0198,-81.005],[-37.0997,-81.0326],[-37.4101,-81.0626],[-37.4549,-81.0329],[-37.624,-81.0196],[-37.6938,-80.9878],[-38.6144,-80.8974],[-38.8286,-80.9053],[-39.4415,-80.9858],[-39.5615,-80.9909],[-39.83,-81.0447],[-39.9555,-81.0909],[-40.1354,-81.1176],[-40.3027,-81.1641],[-40.6431,-81.1973],[-40.7972,-81.1708],[-41.0593,-81.1879],[-41.1123,-81.221],[-41.6282,-81.357],[-41.7924,-81.4177],[-41.9373,-81.5487],[-41.9158,-81.6087],[-42.1871,-81.6338],[-42.2315,-81.6948],[-42.4606,-81.7594],[-43.1474,-81.8895],[-43.2272,-81.9374],[-43.1589,-81.9778],[-43.2734,-82.0328],[-43.1306,-82.118],[-43.3505,-82.1669],[-43.2813,-82.2035],[-43.4109,-82.2223],[-43.7994,-82.3358],[-44.0655,-82.4001],[-44.3262,-82.3833],[-44.7432,-82.3908],[-45.0103,-82.4158],[-45.5668,-82.5141],[-45.7199,-82.5014],[-45.8181,-82.4547],[-46.0532,-82.544],[-46.3549,-82.516],[-46.6621,-82.4227],[-46.6849,-82.401],[-46.4889,-82.3687],[-46.0881,-82.2254],[-46.1194,-82.1843],[-45.9867,-82.1331],[-46.1225,-82.0328],[-46.2783,-81.9732],[-46.2293,-81.9172],[-46.5663,-81.9468],[-46.8117,-81.9877],[-47.1193,-82.0009],[-47.1611,-82.0553],[-47.3221,-82.0664],[-47.5926,-82.0334],[-47.3033,-81.9785],[-47.4924,-81.9686],[-47.5728,-81.9285],[-48.5577,-81.8992],[-49.0005,-81.9023],[-49.4986,-81.955],[-50.2162,-81.9744],[-50.5961,-81.9963],[-50.7298,-81.9629],[-51.0832,-81.9976],[-51.2519,-82.0298],[-51.6701,-82.0461],[-52.1694,-82.0857],[-52.7178,-82.1626],[-53.1098,-82.14],[-53.6571,-82.1765],[-54.2193,-82.1831],[-54.1963,-82.2262],[-54.319,-82.2502],[-54.3182,-82.2902],[-54.4659,-82.3046],[-54.81,-82.3042],[-54.847,-82.3482],[-55.1524,-82.3938],[-55.091,-82.4265],[-55.1889,-82.4611],[-55.4109,-82.4812],[-55.8449,-82.4625],[-55.9948,-82.5407],[-56.3165,-82.6202],[-56.4721,-82.6747],[-56.7964,-82.7352],[-57.0538,-82.759],[-57.424,-82.8335],[-57.7567,-82.9244],[-57.8677,-82.9971],[-58.1004,-83.0853],[-58.2617,-83.1212],[-58.5585,-83.2232],[-58.7279,-83.304],[-58.7058,-83.3308],[-58.9132,-83.4017],[-59.2485,-83.4519],[-59.591,-83.4677],[-59.9151,-83.4392],[-60.3051,-83.4412],[-60.7952,-83.4224],[-60.9277,-83.3927],[-61.4105,-83.3871],[-61.5668,-83.3513],[-61.6146,-83.3047],[-61.4387,-83.2378],[-61.213,-83.201],[-61.0215,-83.1054],[-60.9598,-83.013],[-60.9969,-82.9537],[-61.3284,-82.9203],[-61.4304,-82.9717],[-61.6723,-83.0428],[-61.9688,-82.9583],[-62.1384,-82.8316],[-62.4983,-82.7173],[-62.469,-82.6855],[-62.7289,-82.5936],[-62.816,-82.5225],[-62.1282,-82.478],[-61.9049,-82.4513],[-61.7,-82.3978],[-61.3068,-82.345],[-61.0868,-82.3426],[-60.6285,-82.2512],[-60.4145,-82.1773],[-60.6584,-82.1566],[-61.3319,-82.2186],[-61.4153,-82.2358],[-61.9961,-82.2624],[-62.4566,-82.2562],[-62.8403,-82.2864],[-63.178,-82.2909],[-63.341,-82.3432],[-63.8012,-82.307],[-64.0363,-82.3541],[-64.2577,-82.3792],[-64.6969,-82.3661],[-65.084,-82.4068],[-65.2071,-82.3394],[-65.1357,-82.3038],[-65.2219,-82.2715],[-65.4158,-82.2777],[-65.6905,-82.3235],[-66.0957,-82.3013],[-65.9121,-82.2539],[-65.9227,-82.2241],[-66.1112,-82.199],[-65.9872,-82.1601],[-66.0278,-82.1295],[-65.7794,-82.0325],[-65.6429,-81.9989],[-65.9001,-81.9671],[-66.2562,-81.9487],[-65.6749,-81.8721],[-65.3133,-81.9084],[-64.5819,-81.9207],[-64.0256,-81.9062],[-63.5432,-81.8618],[-63.5895,-81.8271],[-63.5199,-81.7758],[-63.9806,-81.7693],[-64.4342,-81.775],[-64.7535,-81.7994],[-65.1816,-81.7782],[-65.1875,-81.7413],[-64.7952,-81.6417],[-64.5568,-81.6504],[-64.6661,-81.6994],[-64.2042,-81.685],[-64.0108,-81.6273],[-63.8766,-81.6317],[-64.0845,-81.6876],[-64.0052,-81.7008],[-63.6677,-81.6767],[-63.5461,-81.6461],[-63.1579,-81.7211],[-62.432,-81.7162],[-62.18,-81.6848],[-62.0866,-81.6534],[-62.2188,-81.6196],[-62.2912,-81.5665],[-62.7347,-81.5441],[-63.0233,-81.5391],[-63.8988,-81.5782],[-64.1629,-81.5446],[-64.7573,-81.5473],[-65.1788,-81.533],[-65.5398,-81.4831],[-65.9083,-81.4436],[-66.4706,-81.3516],[-66.9776,-81.2947],[-67.4663,-81.2278],[-67.7973,-81.1943],[-68.4401,-81.1073],[-68.4937,-81.0602],[-68.6105,-81.0281],[-68.8199,-81.0052],[-69.2006,-81.0344],[-69.5192,-81.0012],[-69.9951,-80.9774],[-70.1054,-80.9357],[-70.0312,-80.9067],[-70.3217,-80.8768],[-70.4079,-80.8299],[-70.4242,-80.7576],[-70.3819,-80.6946],[-70.5539,-80.6422],[-71.0871,-80.5999],[-71.4498,-80.706],[-71.649,-80.7011],[-71.8603,-80.7433],[-72.2197,-80.7566],[-72.3681,-80.7395],[-72.5573,-80.7928],[-72.6428,-80.9113],[-72.5652,-80.9481],[-72.8103,-80.9656],[-73.1566,-80.9349],[-73.8131,-80.8441],[-74,-80.8288],[-74,-81.2105],[-74,-81.6619],[-74,-81.9761],[-74,-82.4788],[-74,-83.8619],[-74,-84.0944],[-74,-85.0129],[-74,-85.3133],[-74,-88.2823],[-74,-88.5399],[-74,-90],[-73.5541,-90],[-70.9095,-90],[-68.9134,-90],[-47.5088,-90],[-47.033,-90],[-32.6943,-90],[-30.4201,-90],[-26.136,-90],[-25.6873,-90],[-25.0231,-90],[-25,-90],[-25,-89.7999],[-25,-89.127],[-25,-88.2288],[-25,-87.292],[-25,-86.5912],[-25,-85.5875],[-25,-85.0089],[-25,-84.3859],[-25,-81.9382],[-25,-81.3231],[-25,-81.0725],[-25,-80.5788],[-25,-79.9986],[-25,-78.1748],[-25,-77.1614],[-25,-76.5991],[-25,-76.1113],[-25,-75.8769]]],[[[-57.3006,-63.214],[-57.433,-63.2307],[-57.4817,-63.2552],[-57.7443,-63.2948],[-57.772,-63.3102],[-57.877,-63.3114],[-57.9462,-63.3799],[-58.1101,-63.4182],[-58.1472,-63.4676],[-58.2271,-63.4508],[-58.398,-63.4545],[-58.5588,-63.493],[-58.6168,-63.4929],[-58.9505,-63.5471],[-58.9508,-63.5937],[-58.9139,-63.6587],[-58.995,-63.6664],[-59.1157,-63.719],[-59.215,-63.6803],[-59.2741,-63.6866],[-59.3532,-63.7329],[-59.3242,-63.7891],[-59.3594,-63.8129],[-59.4406,-63.8272],[-59.3831,-63.8664],[-59.4255,-63.9097],[-59.4987,-63.879],[-59.5528,-63.8953],[-59.6211,-63.8662],[-59.6885,-63.8754],[-59.7977,-63.8418],[-59.7737,-63.7824],[-59.8672,-63.8148],[-59.8253,-63.8417],[-59.8462,-63.8665],[-59.9264,-63.8773],[-60.0002,-63.9512],[-60.1295,-63.9265],[-60.3012,-63.9111],[-60.5619,-63.9903],[-60.6811,-64.0093],[-60.7208,-64.0481],[-60.8294,-64.0761],[-60.8958,-64.0448],[-61.0251,-64.0615],[-60.9578,-64.0872],[-60.8809,-64.1395],[-60.9574,-64.1548],[-60.913,-64.21],[-60.9323,-64.2848],[-60.978,-64.3017],[-61.1001,-64.301],[-61.1371,-64.3679],[-61.1081,-64.3953],[-61.2705,-64.3915],[-61.2979,-64.4145],[-61.3791,-64.4022],[-61.605,-64.4365],[-61.5294,-64.49],[-61.4493,-64.4766],[-61.4545,-64.5281],[-61.5747,-64.5187],[-61.6107,-64.569],[-61.5341,-64.6046],[-61.5426,-64.6449],[-61.6258,-64.6647],[-61.7299,-64.6238],[-61.6978,-64.5877],[-61.7817,-64.5109],[-61.8275,-64.5939],[-61.9251,-64.5777],[-61.9635,-64.6131],[-61.9289,-64.6302],[-61.9847,-64.6989],[-62.0697,-64.7229],[-62.1971,-64.7321],[-62.2414,-64.7714],[-62.3014,-64.7362],[-62.3317,-64.6918],[-62.2985,-64.664],[-62.3574,-64.64],[-62.4758,-64.6209],[-62.5799,-64.6569],[-62.5467,-64.756],[-62.7028,-64.7683],[-62.595,-64.8212],[-62.4369,-64.8655],[-62.5679,-64.9147],[-62.6138,-64.9071],[-62.672,-64.8511],[-62.7678,-64.8124],[-62.8527,-64.8271],[-62.8478,-64.894],[-62.897,-64.9332],[-63.0654,-64.9025],[-63.0975,-64.9418],[-63.1619,-64.94],[-63.214,-64.9876],[-63.1465,-65.0269],[-63.0329,-65.0467],[-63.0317,-65.0741],[-62.9752,-65.1092],[-63.0668,-65.1313],[-63.0723,-65.1643],[-63.1739,-65.1428],[-63.2175,-65.1962],[-63.2754,-65.159],[-63.2357,-65.1455],[-63.23,-65.0955],[-63.3349,-65.0867],[-63.4146,-65.1131],[-63.467,-65.0957],[-63.6475,-65.0873],[-63.6991,-65.0403],[-63.9218,-65.0679],[-64.0267,-65.1384],[-64.0731,-65.1539],[-64.064,-65.2289],[-64.0267,-65.2732],[-64.1002,-65.3057],[-64.024,-65.3305],[-63.9804,-65.3798],[-64.0358,-65.3893],[-64.0317,-65.4282],[-63.9605,-65.4626],[-63.7479,-65.4688],[-63.7002,-65.5262],[-63.8237,-65.5327],[-63.7908,-65.5953],[-63.8359,-65.6255],[-63.9722,-65.5622],[-63.9903,-65.5294],[-64.0831,-65.5176],[-64.1909,-65.5278],[-64.1811,-65.5576],[-64.0941,-65.605],[-64.1057,-65.6452],[-64.0387,-65.6821],[-64.0679,-65.698],[-64.2051,-65.6932],[-64.2505,-65.6411],[-64.4156,-65.6402],[-64.4427,-65.6712],[-64.3305,-65.7202],[-64.3684,-65.7521],[-64.3491,-65.7994],[-64.399,-65.8079],[-64.4794,-65.78],[-64.5618,-65.7703],[-64.6295,-65.7337],[-64.673,-65.7435],[-64.6541,-65.8148],[-64.6989,-65.8394],[-64.6583,-65.87],[-64.5343,-65.9049],[-64.4555,-65.9785],[-64.564,-66.036],[-64.7013,-66.0422],[-64.8208,-65.9702],[-64.8134,-65.9495],[-64.9271,-65.9274],[-65.008,-65.9422],[-65.0437,-65.9876],[-65.0897,-65.9988],[-65.1574,-65.9549],[-65.3113,-65.9748],[-65.3309,-66.0494],[-65.2619,-66.0591],[-65.2301,-66.0904],[-65.1335,-66.115],[-65.0937,-66.1553],[-65.1568,-66.1857],[-65.2169,-66.1634],[-65.3478,-66.1494],[-65.4544,-66.1824],[-65.5133,-66.1639],[-65.4723,-66.1255],[-65.6137,-66.1293],[-65.6994,-66.26],[-65.8033,-66.2732],[-65.8458,-66.3258],[-65.6614,-66.3247],[-65.6413,-66.3786],[-65.5492,-66.4043],[-65.6756,-66.4358],[-65.6318,-66.4536],[-65.708,-66.4892],[-65.734,-66.5807],[-65.6678,-66.5955],[-65.6287,-66.6654],[-65.7141,-66.7076],[-65.7351,-66.7555],[-65.8337,-66.7192],[-65.833,-66.6902],[-65.9629,-66.6834],[-65.9897,-66.6329],[-66.0777,-66.6198],[-66.0789,-66.5966],[-66.2483,-66.5794],[-66.4215,-66.606],[-66.5434,-66.6455],[-66.5257,-66.7513],[-66.5726,-66.7821],[-66.5163,-66.8307],[-66.3859,-66.8547],[-66.4077,-66.9028],[-66.5045,-66.9302],[-66.601,-66.9895],[-66.5923,-67.0476],[-66.4047,-67.0824],[-66.5243,-67.1155],[-66.4522,-67.1609],[-66.4644,-67.2415],[-66.4484,-67.3332],[-66.5448,-67.3092],[-66.6089,-67.2326],[-66.7392,-67.2321],[-66.8372,-67.2949],[-66.9577,-67.25],[-66.9816,-67.2173],[-66.8882,-67.1747],[-66.9473,-67.1467],[-66.9395,-67.0871],[-66.9077,-67.0784],[-66.9342,-66.9917],[-66.9072,-66.9529],[-66.966,-66.9261],[-67.1147,-66.9315],[-67.0946,-67.0123],[-67.2222,-66.9787],[-67.2715,-67.0807],[-67.3104,-67.11],[-67.4831,-67.0845],[-67.5334,-67.1326],[-67.5907,-67.153],[-67.518,-67.1862],[-67.5079,-67.2287],[-67.5542,-67.2395],[-67.5859,-67.2872],[-67.4941,-67.3197],[-67.5798,-67.3799],[-67.5695,-67.4048],[-67.6442,-67.4453],[-67.5278,-67.4939],[-67.6083,-67.5264],[-67.6055,-67.5579],[-67.3625,-67.5343],[-67.1272,-67.477],[-66.8966,-67.4756],[-66.8117,-67.4965],[-66.724,-67.536],[-66.5986,-67.5399],[-66.5237,-67.4863],[-66.4956,-67.5407],[-66.5956,-67.5989],[-66.7078,-67.5831],[-66.8346,-67.6093],[-66.9742,-67.6896],[-66.8543,-67.6952],[-66.8029,-67.7194],[-67.0418,-67.7458],[-67.0896,-67.78],[-66.9035,-67.7663],[-66.763,-67.7762],[-66.7681,-67.8038],[-66.8973,-67.8269],[-66.8143,-67.8817],[-66.8406,-67.9151],[-67.0143,-67.9216],[-67.1686,-67.9362],[-67.2919,-67.9603],[-67.1698,-68.0164],[-67.0842,-68.0335],[-67.1023,-68.076],[-67.1621,-68.0796],[-67.0016,-68.1787],[-66.9215,-68.1978],[-66.7517,-68.1857],[-66.6539,-68.198],[-66.6181,-68.2424],[-66.6975,-68.2637],[-66.7529,-68.3145],[-67.0031,-68.2877],[-67.1798,-68.2798],[-67.1515,-68.3362],[-67.1136,-68.3479],[-66.9665,-68.3402],[-66.937,-68.4107],[-66.9865,-68.477],[-67.121,-68.4731],[-67.2016,-68.508],[-67.1491,-68.5663],[-67.0153,-68.6314],[-67.0185,-68.6748],[-66.9667,-68.7365],[-67.0225,-68.792],[-67.0998,-68.781],[-67.1496,-68.8058],[-67.2592,-68.789],[-67.3956,-68.7903],[-67.4868,-68.837],[-67.3596,-68.9169],[-67.2078,-68.949],[-67.1182,-68.9453],[-67.0162,-68.9646],[-66.9205,-68.9654],[-66.7514,-69.0583],[-66.7948,-69.0935],[-66.8823,-69.0967],[-66.9279,-69.1283],[-66.8525,-69.1748],[-66.8261,-69.2265],[-66.8954,-69.2718],[-67.101,-69.2622],[-67.2684,-69.3022],[-67.2779,-69.3528],[-67.2405,-69.4217],[-67.3369,-69.4684],[-67.4781,-69.47],[-67.6109,-69.4126],[-67.7778,-69.3727],[-67.8683,-69.361],[-67.9728,-69.3924],[-68.0235,-69.3789],[-68.004,-69.3398],[-68.1648,-69.3193],[-68.2677,-69.2793],[-68.351,-69.3095],[-68.2893,-69.3476],[-68.2939,-69.3925],[-68.3398,-69.4069],[-68.437,-69.3819],[-68.5742,-69.3774],[-68.8369,-69.4019],[-68.841,-69.4242],[-68.7631,-69.4693],[-68.6127,-69.5247],[-68.5943,-69.5746],[-68.5031,-69.6075],[-68.5041,-69.637],[-68.3629,-69.6696],[-68.3273,-69.7016],[-68.4184,-69.7666],[-68.3846,-69.8759],[-68.4496,-69.8844],[-68.5016,-69.9334],[-68.4616,-69.9613],[-68.4876,-70.0512],[-68.2973,-70.1185],[-68.2872,-70.1471],[-68.1954,-70.1959],[-68.2159,-70.2161],[-68.1446,-70.2485],[-68.0587,-70.2581],[-67.9742,-70.291],[-67.8545,-70.4787],[-67.7739,-70.5351],[-67.7112,-70.615],[-67.7723,-70.6165],[-67.797,-70.6647],[-67.6616,-70.7022],[-67.6896,-70.7182],[-67.6783,-70.8028],[-67.6465,-70.8649],[-67.553,-70.9126],[-67.548,-70.9566],[-67.4109,-70.9899],[-67.3897,-71.0099],[-67.4734,-71.0603],[-67.5583,-71.0785],[-67.5623,-71.1203],[-67.4637,-71.169],[-67.5248,-71.2073],[-67.4959,-71.2754],[-67.534,-71.2881],[-67.643,-71.382],[-67.6082,-71.4386],[-67.6064,-71.5467],[-67.5223,-71.6093],[-67.3126,-71.6731],[-67.2997,-71.7179],[-67.2077,-71.7133],[-67.1325,-71.7472],[-67.1816,-71.7733],[-66.9695,-71.8933],[-66.8512,-71.9016],[-66.8748,-71.9323],[-66.7595,-71.9779],[-66.7853,-72.0374],[-66.7471,-72.0719],[-66.7538,-72.1364],[-66.9497,-72.2423],[-66.8876,-72.2698],[-66.9925,-72.3186],[-66.9654,-72.3403],[-67.2064,-72.4476],[-67.2393,-72.539],[-67.2116,-72.5935],[-67.2842,-72.6308],[-67.3756,-72.6439],[-67.5314,-72.7387],[-67.4937,-72.8219],[-67.6051,-72.862],[-67.7501,-72.8449],[-67.9979,-72.9468],[-68.0868,-72.9334],[-68.3107,-72.9865],[-68.3867,-73.0138],[-68.4999,-73.0065],[-68.545,-73.0502],[-68.6726,-73.0524],[-68.666,-73.0938],[-68.8994,-73.0959],[-69.0165,-73.1135],[-69.2935,-73.1717],[-69.3992,-73.1819],[-69.5384,-73.1742],[-69.7332,-73.2114],[-70.0294,-73.2179],[-70.2021,-73.2128],[-70.1916,-73.2673],[-70.3947,-73.2844],[-70.5013,-73.2562],[-70.6372,-73.2622],[-70.8635,-73.2512],[-71.061,-73.261],[-71.2393,-73.3034],[-71.4036,-73.3273],[-71.4487,-73.3597],[-71.7567,-73.3422],[-71.9323,-73.3735],[-72.1205,-73.3848],[-72.3339,-73.3857],[-72.4339,-73.3746],[-72.4426,-73.4288],[-72.3792,-73.4589],[-72.6267,-73.47],[-72.7746,-73.4298],[-72.9716,-73.4499],[-73.1325,-73.4269],[-73.2198,-73.5145],[-73.3915,-73.5484],[-73.6731,-73.5701],[-73.7549,-73.6015],[-73.7551,-73.6345],[-73.8619,-73.6559],[-74,-73.6426],[-74,-74.0277],[-74,-74.3708],[-74,-74.8544],[-74,-75.4364],[-74,-75.967],[-74,-76.6937],[-73.8622,-76.7129],[-73.7837,-76.6945],[-73.8605,-76.6548],[-73.6305,-76.6641],[-73.3679,-76.6915],[-73.1706,-76.6836],[-73.0018,-76.7137],[-72.8936,-76.6832],[-72.7297,-76.6843],[-72.4911,-76.7046],[-72.2669,-76.704],[-71.9943,-76.7444],[-71.5792,-76.7658],[-71.1639,-76.7483],[-70.8556,-76.7457],[-70.7293,-76.7337],[-70.6195,-76.7482],[-70.5612,-76.707],[-70.2622,-76.6796],[-70.153,-76.6953],[-70.1014,-76.6146],[-70.1227,-76.5845],[-70.0156,-76.5354],[-70.0754,-76.4914],[-69.8226,-76.485],[-69.9066,-76.4543],[-70.1704,-76.4601],[-70.0741,-76.4051],[-69.8426,-76.3931],[-69.6286,-76.3526],[-69.5934,-76.3296],[-69.2704,-76.3277],[-69.1642,-76.3083],[-68.8832,-76.2949],[-68.5579,-76.2989],[-68.2923,-76.2546],[-68.0282,-76.2314],[-68.1359,-76.1656],[-67.9375,-76.1555],[-67.8583,-76.1352],[-67.4196,-76.1177],[-66.9986,-76.082],[-66.7584,-76.0457],[-66.5895,-76.031],[-66.4,-76.0303],[-66.257,-76.0121],[-66.0617,-75.967],[-65.6486,-75.908],[-65.4871,-75.8544],[-65.3721,-75.8569],[-65.286,-75.7956],[-65.0076,-75.7924],[-64.261,-75.6822],[-63.8037,-75.5851],[-63.5636,-75.5213],[-63.1878,-75.4088],[-63.0833,-75.3539],[-63.238,-75.337],[-63.6544,-75.3321],[-63.827,-75.3234],[-64.0208,-75.3519],[-64.1845,-75.3465],[-64.3464,-75.3739],[-64.4446,-75.312],[-64.3189,-75.2494],[-64.1549,-75.2127],[-63.9077,-75.1934],[-63.6572,-75.1877],[-63.4771,-75.1496],[-63.3322,-75.1764],[-63.0349,-75.1401],[-63.1051,-75.0844],[-63.2455,-75.0246],[-63.3868,-75.0084],[-63.7492,-75.0416],[-64.0469,-75.0319],[-64.0838,-75.0055],[-64.0277,-74.9746],[-63.8739,-74.9677],[-63.631,-74.9397],[-63.5799,-74.873],[-63.2201,-74.9215],[-63.0837,-74.9125],[-63.0476,-74.8792],[-63.1165,-74.8077],[-63.2985,-74.7137],[-63.2478,-74.6846],[-63.0696,-74.6578],[-62.745,-74.7328],[-62.6029,-74.7888],[-62.5627,-74.8874],[-62.5821,-74.9455],[-62.5377,-74.9867],[-62.4491,-74.9984],[-62.2651,-74.9643],[-62.1086,-74.9488],[-61.8875,-74.8591],[-61.8167,-74.8149],[-61.8045,-74.7401],[-61.8987,-74.7063],[-62.0112,-74.589],[-62.166,-74.544],[-62.3667,-74.4389],[-62.3302,-74.4003],[-62.1939,-74.4179],[-62.122,-74.46],[-61.7504,-74.5078],[-61.6385,-74.5043],[-61.6078,-74.5337],[-61.3515,-74.5472],[-61.1232,-74.5244],[-60.9925,-74.5001],[-60.9057,-74.4529],[-61.0336,-74.4154],[-60.9861,-74.3895],[-60.7535,-74.3638],[-60.6757,-74.3253],[-60.6215,-74.2682],[-60.7459,-74.243],[-60.8931,-74.2537],[-61.161,-74.3198],[-61.4146,-74.3367],[-61.6252,-74.3017],[-61.6512,-74.2464],[-61.5671,-74.2262],[-61.467,-74.2538],[-61.3056,-74.2277],[-61.1572,-74.1772],[-61.0394,-74.0994],[-61.0734,-74.0722],[-61.3989,-74.0402],[-61.5172,-74.0138],[-61.7003,-74.0443],[-61.8489,-74.0433],[-61.5929,-73.9802],[-61.6046,-73.9628],[-61.7835,-73.9231],[-61.6865,-73.8799],[-61.5484,-73.9018],[-61.4073,-73.8706],[-61.3406,-73.9316],[-61.2479,-73.9578],[-60.9788,-73.9585],[-60.9037,-73.8944],[-60.8773,-73.8248],[-60.7302,-73.7089],[-60.8411,-73.6981],[-61.0176,-73.7509],[-61.093,-73.74],[-60.7627,-73.5861],[-60.938,-73.5431],[-61.2059,-73.5155],[-61.4776,-73.4742],[-61.553,-73.5036],[-61.5847,-73.5469],[-61.7021,-73.53],[-61.7157,-73.4903],[-61.6718,-73.4555],[-61.7714,-73.4482],[-61.9354,-73.3897],[-61.9039,-73.3621],[-61.7167,-73.3711],[-61.5726,-73.3953],[-61.5748,-73.3522],[-61.7275,-73.3097],[-61.8407,-73.2484],[-61.7813,-73.227],[-61.9853,-73.1769],[-62.0697,-73.1376],[-62.0203,-73.101],[-61.8706,-73.1352],[-61.2599,-73.2129],[-61.2489,-73.2539],[-61.1707,-73.3175],[-61.0785,-73.3479],[-60.9706,-73.3533],[-60.8927,-73.2933],[-60.8055,-73.3149],[-60.8075,-73.3969],[-60.6939,-73.3957],[-60.5972,-73.1938],[-60.457,-73.2265],[-60.494,-73.2432],[-60.4605,-73.3015],[-60.2855,-73.3286],[-60.1042,-73.3026],[-59.9784,-73.2475],[-60.0455,-73.1778],[-60.0192,-73.0908],[-59.922,-73.033],[-59.9018,-72.9821],[-59.9425,-72.9008],[-60.0964,-72.8771],[-60.3024,-73.0545],[-60.5254,-72.9911],[-60.6247,-73.0347],[-60.708,-72.9926],[-60.62,-72.944],[-60.6201,-72.9144],[-60.5338,-72.8653],[-60.4922,-72.8174],[-60.4796,-72.7409],[-60.5212,-72.6595],[-60.7527,-72.651],[-60.8189,-72.6791],[-61.0428,-72.6999],[-61.1399,-72.7826],[-61.2318,-72.7641],[-61.2195,-72.7109],[-61.3509,-72.6634],[-61.244,-72.6212],[-61.2662,-72.5313],[-61.393,-72.5371],[-61.4793,-72.5007],[-61.3552,-72.476],[-61.4682,-72.4303],[-61.393,-72.4071],[-61.0416,-72.4729],[-60.8976,-72.4744],[-60.65,-72.4374],[-60.6331,-72.4027],[-60.7461,-72.3708],[-60.8435,-72.376],[-60.9894,-72.3501],[-60.9272,-72.3198],[-60.8009,-72.3133],[-60.6891,-72.3352],[-60.6525,-72.2734],[-60.7372,-72.2111],[-60.8937,-72.1822],[-60.905,-72.1575],[-60.6608,-72.0984],[-60.6789,-71.9939],[-60.7473,-72.0016],[-60.9228,-72.0554],[-61.14,-72.054],[-61.1999,-72.0864],[-61.1553,-72.1662],[-61.2787,-72.1439],[-61.3932,-72.0654],[-61.4879,-72.0659],[-61.7142,-72.042],[-61.8688,-72.0847],[-62.0906,-72.1021],[-62.149,-72.0904],[-62.255,-72.1299],[-62.3736,-72.1013],[-62.1927,-72.0368],[-62.1908,-72.0047],[-62.4136,-71.965],[-62.493,-71.9337],[-62.4228,-71.9097],[-62.2533,-71.9166],[-62.0572,-71.9121],[-61.8655,-71.8947],[-61.7599,-71.8662],[-61.4694,-71.8503],[-61.3921,-71.8725],[-61.1178,-71.8721],[-61.031,-71.8527],[-61.0472,-71.8034],[-61.1421,-71.7456],[-61.1092,-71.724],[-60.8833,-71.7883],[-60.7661,-71.7577],[-60.8258,-71.7091],[-60.7872,-71.6786],[-60.9197,-71.656],[-60.9565,-71.6114],[-61.1168,-71.5696],[-61.182,-71.5348],[-61.3688,-71.6349],[-61.4949,-71.6776],[-61.6256,-71.6931],[-61.712,-71.677],[-61.8045,-71.6869],[-62.0855,-71.676],[-62.1267,-71.662],[-62.0584,-71.6225],[-61.8763,-71.6281],[-61.731,-71.6075],[-61.7358,-71.5347],[-61.622,-71.543],[-61.5228,-71.4917],[-61.5601,-71.4596],[-61.2804,-71.4577],[-61.1547,-71.4301],[-61.1539,-71.4105],[-61.3053,-71.3704],[-61.3951,-71.3303],[-61.3531,-71.3122],[-60.9595,-71.3667],[-60.9428,-71.3204],[-61.0351,-71.277],[-61.2393,-71.2571],[-61.2831,-71.2293],[-61.1889,-71.2152],[-60.9384,-71.2349],[-60.9137,-71.2091],[-60.9684,-71.1557],[-61.1005,-71.1148],[-61.2019,-71.1063],[-61.164,-71.0391],[-61.3628,-71.0216],[-61.2823,-70.9736],[-61.2624,-70.9268],[-61.2945,-70.8569],[-61.4621,-70.8362],[-61.682,-70.8497],[-61.7803,-70.9244],[-61.9767,-70.9302],[-62.0666,-70.8926],[-62.0203,-70.8376],[-62.0295,-70.7892],[-62.1218,-70.7841],[-62.1435,-70.7363],[-62.0056,-70.715],[-61.8254,-70.7387],[-61.7981,-70.7136],[-61.6621,-70.6983],[-61.6203,-70.6674],[-61.6436,-70.6183],[-61.3549,-70.5773],[-61.4114,-70.5062],[-61.4655,-70.4926],[-61.9526,-70.5131],[-62.089,-70.5513],[-62.2323,-70.5597],[-62.1389,-70.5018],[-62.137,-70.4276],[-62.2986,-70.4082],[-62.4108,-70.407],[-62.4009,-70.3424],[-62.4407,-70.3078],[-62.3287,-70.2729],[-62.4055,-70.2253],[-62.2229,-70.2271],[-62.1807,-70.2477],[-62.044,-70.2592],[-62.0334,-70.2944],[-61.88,-70.2361],[-61.8624,-70.2146],[-61.9788,-70.1245],[-62.0034,-70.0736],[-62.1902,-70.0098],[-62.3225,-69.9874],[-62.3046,-69.9208],[-62.5609,-69.8497],[-62.4232,-69.7789],[-62.384,-69.7064],[-62.3832,-69.6326],[-62.4082,-69.5899],[-62.4092,-69.5039],[-62.4724,-69.4833],[-62.5876,-69.48],[-62.6291,-69.3991],[-62.7681,-69.3466],[-62.9659,-69.3799],[-63.0847,-69.3043],[-63.0629,-69.2501],[-63.1818,-69.1571],[-63.2176,-69.1832],[-63.3156,-69.1964],[-63.4382,-69.169],[-63.3077,-69.0923],[-63.3209,-69.0496],[-63.4861,-69.0581],[-63.9096,-68.9978],[-63.9241,-68.9672],[-63.8019,-68.9343],[-63.6798,-68.969],[-63.501,-68.9459],[-63.4696,-68.8991],[-63.3799,-68.8875],[-63.4931,-68.8409],[-63.4724,-68.8062],[-63.2665,-68.8588],[-63.1993,-68.8547],[-63.2633,-68.8057],[-63.4737,-68.7587],[-63.6041,-68.7426],[-63.6751,-68.7484],[-63.8076,-68.7197],[-63.8637,-68.6903],[-63.8421,-68.6406],[-63.7645,-68.581],[-63.6669,-68.5431],[-63.4309,-68.543],[-63.3003,-68.456],[-63.108,-68.4578],[-62.9291,-68.5112],[-62.8501,-68.4408],[-62.8754,-68.4183],[-63.0279,-68.4107],[-63.3436,-68.4206],[-63.6225,-68.4525],[-63.7274,-68.4556],[-63.795,-68.4766],[-63.9642,-68.4835],[-64.2538,-68.5962],[-64.2436,-68.6376],[-64.2792,-68.6648],[-64.1474,-68.6933],[-63.9991,-68.7485],[-64.0272,-68.8085],[-64.1016,-68.8331],[-64.1869,-68.8037],[-64.3496,-68.7775],[-64.6049,-68.7458],[-64.5974,-68.727],[-64.6862,-68.6632],[-64.77,-68.6946],[-64.9815,-68.6577],[-65.1252,-68.6527],[-65.1502,-68.6316],[-65.2748,-68.6285],[-65.2636,-68.5847],[-65.35,-68.561],[-65.2652,-68.5147],[-65.1398,-68.4958],[-64.9787,-68.4022],[-65.0811,-68.3594],[-65.2824,-68.37],[-65.3719,-68.3923],[-65.4932,-68.3633],[-65.4843,-68.3064],[-65.4252,-68.3101],[-65.3152,-68.2717],[-65.2344,-68.2583],[-65.1666,-68.2144],[-65.0974,-68.2263],[-64.958,-68.2223],[-64.798,-68.1707],[-64.7574,-68.1089],[-64.9815,-68.0934],[-65.0149,-68.0591],[-65.1377,-68.1134],[-65.1799,-68.1489],[-65.2727,-68.1769],[-65.3528,-68.1387],[-65.4612,-68.1613],[-65.5107,-68.1401],[-65.761,-68.1605],[-65.7335,-68.0947],[-65.651,-68.0964],[-65.6094,-68.0427],[-65.4857,-68.0438],[-65.4037,-68.0299],[-65.3399,-67.9835],[-65.4093,-67.9523],[-65.512,-67.9464],[-65.5487,-67.9148],[-65.6832,-67.8868],[-65.6444,-67.8602],[-65.5313,-67.8386],[-65.5969,-67.7611],[-65.4577,-67.7092],[-65.3652,-67.7102],[-65.3488,-67.6719],[-65.4097,-67.6029],[-65.4932,-67.5971],[-65.5973,-67.5549],[-65.6139,-67.4852],[-65.4975,-67.4746],[-65.5225,-67.3845],[-65.379,-67.3015],[-65.3654,-67.372],[-65.3269,-67.397],[-65.2376,-67.4004],[-65.1993,-67.3425],[-65.1018,-67.3638],[-65.0128,-67.3504],[-65.0253,-67.3225],[-64.8401,-67.3288],[-64.7525,-67.3195],[-64.7594,-67.2691],[-64.8942,-67.2441],[-65.0195,-67.2329],[-64.9747,-67.1985],[-64.8517,-67.1929],[-64.6973,-67.1515],[-64.729,-67.0976],[-64.8974,-67.0854],[-64.9791,-67.0367],[-64.8691,-66.9799],[-64.8205,-66.9923],[-64.6846,-66.9877],[-64.693,-66.9345],[-64.738,-66.8855],[-64.7482,-66.8407],[-64.5857,-66.8171],[-64.5171,-66.8992],[-64.4373,-66.8934],[-64.3716,-66.9141],[-64.3106,-66.8365],[-64.2396,-66.8538],[-64.0978,-66.9374],[-63.8505,-66.9252],[-63.7418,-66.9022],[-63.715,-66.8471],[-63.7668,-66.8084],[-63.7702,-66.772],[-63.9177,-66.7042],[-64.0568,-66.6879],[-64.1467,-66.6479],[-64.07,-66.6288],[-64.0833,-66.5915],[-63.9985,-66.5628],[-63.9389,-66.6029],[-63.7937,-66.5957],[-63.8377,-66.5451],[-63.8179,-66.524],[-63.9101,-66.5056],[-63.8882,-66.4074],[-63.8481,-66.381],[-63.6929,-66.379],[-63.5553,-66.3931],[-63.5884,-66.3481],[-63.7611,-66.301],[-63.6871,-66.2539],[-63.7927,-66.2042],[-63.7479,-66.1935],[-63.6298,-66.2179],[-63.5426,-66.208],[-63.3943,-66.2588],[-63.1998,-66.2722],[-63.1464,-66.357],[-62.8959,-66.4781],[-62.836,-66.5386],[-62.8332,-66.593],[-62.7849,-66.6117],[-62.8013,-66.6463],[-62.6463,-66.7392],[-62.4671,-66.7005],[-62.4635,-66.6714],[-62.5777,-66.6552],[-62.5185,-66.6027],[-62.6319,-66.5997],[-62.7234,-66.5798],[-62.7321,-66.5326],[-62.5165,-66.4797],[-62.5327,-66.4257],[-62.5869,-66.3894],[-62.7097,-66.3627],[-62.757,-66.3231],[-62.7041,-66.2441],[-62.5479,-66.2501],[-62.4221,-66.1834],[-62.2847,-66.1919],[-62.1887,-66.1836],[-62.1367,-66.2122],[-61.9708,-66.2091],[-61.9863,-66.2579],[-61.9336,-66.3105],[-61.8913,-66.3233],[-61.856,-66.3803],[-61.8361,-66.4544],[-61.7598,-66.476],[-61.7024,-66.4691],[-61.6621,-66.4005],[-61.7204,-66.3585],[-61.6744,-66.324],[-61.7381,-66.2686],[-61.742,-66.2367],[-61.5939,-66.2208],[-61.5031,-66.2278],[-61.4887,-66.1817],[-61.4382,-66.161],[-61.2568,-66.158],[-61.1754,-66.1848],[-61.1347,-66.2253],[-61.1762,-66.2984],[-61.1187,-66.3517],[-60.9867,-66.3495],[-60.9924,-66.2785],[-60.9314,-66.2759],[-60.8808,-66.1853],[-60.9769,-66.1561],[-61.0451,-66.1185],[-61.0279,-66.0781],[-60.9263,-66.0789],[-60.9227,-66.0382],[-60.8236,-66.0697],[-60.7617,-66.1324],[-60.6888,-66.1244],[-60.7089,-66.0464],[-60.6173,-66.0612],[-60.5341,-65.9623],[-60.808,-65.9203],[-60.892,-65.9411],[-60.9827,-65.9136],[-61.0349,-65.9201],[-61.0091,-65.9649],[-61.0219,-66.0344],[-61.0883,-66.0441],[-61.1234,-65.9726],[-61.2399,-65.9173],[-61.3456,-65.9195],[-61.3765,-65.9569],[-61.3242,-65.9852],[-61.3241,-66.0722],[-61.4465,-66.0553],[-61.4895,-66.0335],[-61.6329,-66.0154],[-61.6543,-66.0535],[-61.8087,-66.0973],[-61.8132,-66.1168],[-61.9164,-66.132],[-62.0017,-66.1165],[-62.1309,-66.0751],[-62.2393,-66.0212],[-62.2733,-65.9793],[-62.2613,-65.9431],[-62.3832,-65.9279],[-62.4146,-65.8541],[-62.3345,-65.7987],[-62.1835,-65.7352],[-62.0576,-65.6947],[-62.0426,-65.6637],[-62.0913,-65.6113],[-61.924,-65.5646],[-61.7791,-65.578],[-61.7122,-65.5588],[-61.7221,-65.525],[-61.9004,-65.5492],[-61.9525,-65.5086],[-62.0766,-65.4697],[-62.1892,-65.4668],[-62.1187,-65.4315],[-62.1361,-65.3907],[-62.0935,-65.3546],[-62.333,-65.3445],[-62.3337,-65.3206],[-62.2193,-65.2985],[-62.1016,-65.2908],[-62.0292,-65.2474],[-62.1469,-65.2197],[-62.1335,-65.1803],[-61.9813,-65.2032],[-61.9346,-65.1796],[-61.8099,-65.2432],[-61.6029,-65.2404],[-61.5561,-65.1613],[-61.5803,-65.121],[-61.6945,-65.1407],[-61.8123,-65.121],[-61.8382,-65.0734],[-61.7579,-65.0518],[-61.7777,-64.9299],[-61.7437,-64.9178],[-61.7585,-64.8699],[-61.6758,-64.8553],[-61.6246,-64.8762],[-61.5274,-64.9519],[-61.5341,-64.9759],[-61.4048,-64.9972],[-61.3924,-65.0509],[-61.3262,-65.0442],[-61.1791,-64.9826],[-61.1289,-64.9877],[-61.0942,-65.0376],[-61.0431,-65.0245],[-61.003,-64.9557],[-60.934,-64.9289],[-60.8361,-64.8494],[-60.6975,-64.787],[-60.7732,-64.7496],[-60.7509,-64.7163],[-60.6171,-64.703],[-60.4936,-64.6688],[-60.4627,-64.6267],[-60.5141,-64.5889],[-60.3964,-64.5731],[-60.3884,-64.5411],[-60.2945,-64.5358],[-60.0277,-64.4778],[-59.9749,-64.444],[-60.0683,-64.3734],[-59.9838,-64.3604],[-59.9206,-64.3259],[-59.8684,-64.3391],[-59.8917,-64.3899],[-59.8519,-64.4188],[-59.7617,-64.4463],[-59.7417,-64.4962],[-59.774,-64.569],[-59.6481,-64.6017],[-59.5546,-64.5813],[-59.5603,-64.5259],[-59.6111,-64.4784],[-59.6303,-64.3936],[-59.5678,-64.3379],[-59.4909,-64.3083],[-59.3856,-64.339],[-59.3696,-64.4128],[-59.3451,-64.4356],[-59.1695,-64.4722],[-59.012,-64.4234],[-58.9257,-64.5458],[-58.8078,-64.5551],[-58.7611,-64.4983],[-58.7782,-64.4224],[-58.8746,-64.425],[-58.9409,-64.3661],[-58.9038,-64.3513],[-58.7594,-64.3317],[-58.7677,-64.2831],[-59.096,-64.258],[-59.1895,-64.2392],[-59.1763,-64.2138],[-59.0642,-64.2154],[-58.988,-64.1998],[-58.809,-64.2165],[-58.8192,-64.1781],[-58.7464,-64.1118],[-58.6975,-64.0962],[-58.7346,-64.0606],[-58.7107,-63.9911],[-58.6438,-63.946],[-58.5482,-63.9164],[-58.4818,-63.9146],[-58.3797,-63.8487],[-58.3634,-63.7889],[-58.3176,-63.7744],[-58.2657,-63.7234],[-58.1563,-63.7116],[-58.0808,-63.6605],[-57.9285,-63.6825],[-57.8184,-63.6463],[-57.7553,-63.6079],[-57.7469,-63.5447],[-57.6194,-63.5615],[-57.456,-63.5367],[-57.4508,-63.4895],[-57.4925,-63.4465],[-57.4323,-63.4414],[-57.3308,-63.4809],[-57.143,-63.4751],[-57.1377,-63.5255],[-57.0953,-63.5462],[-57.1765,-63.5918],[-57.1369,-63.6539],[-57.0331,-63.6488],[-57.0004,-63.6147],[-56.9334,-63.6113],[-56.8868,-63.6412],[-56.8091,-63.6337],[-56.7629,-63.5643],[-56.7943,-63.5367],[-56.9125,-63.5164],[-56.9335,-63.4864],[-56.9999,-63.4781],[-56.9273,-63.4163],[-57.0443,-63.3917],[-57.0129,-63.2957],[-57.0333,-63.2664],[-57.2163,-63.22],[-57.3006,-63.214]]],[[[-47.0726,-77.7722],[-47.4978,-77.7843],[-47.7123,-77.8099],[-48.0726,-77.8864],[-48.3075,-77.9187],[-48.6235,-77.9834],[-49.0153,-78.0281],[-49.1373,-78.0728],[-49.0792,-78.0902],[-49.2225,-78.1278],[-49.6648,-78.2816],[-49.8438,-78.4075],[-49.9097,-78.4789],[-50.063,-78.5541],[-50.236,-78.6645],[-50.1776,-78.7197],[-50.2088,-78.7685],[-50.1467,-78.8013],[-50.3678,-78.9323],[-50.2879,-78.9877],[-50.4756,-79.133],[-50.3095,-79.1599],[-50.3254,-79.2395],[-50.448,-79.3105],[-50.2999,-79.3568],[-50.3492,-79.3903],[-50.2355,-79.437],[-50.2311,-79.5164],[-50.3013,-79.5657],[-50.5638,-79.6284],[-50.8367,-79.7164],[-51.0314,-79.7938],[-51.3085,-79.8699],[-51.3328,-79.8899],[-51.7472,-79.9953],[-51.9348,-80.061],[-52.2884,-80.1538],[-52.4702,-80.1548],[-52.8181,-80.1949],[-53.0424,-80.21],[-53.4886,-80.2212],[-53.6811,-80.2859],[-53.9044,-80.4095],[-54.0567,-80.5337],[-54.2231,-80.6344],[-54.3296,-80.7679],[-54.2792,-80.8439],[-53.8745,-80.881],[-53.2827,-80.8825],[-52.6307,-80.8946],[-51.6814,-80.8797],[-50.7825,-80.8519],[-50.1786,-80.8217],[-49.7751,-80.7828],[-49.7215,-80.7641],[-49.7542,-80.7028],[-49.5365,-80.6453],[-49.2217,-80.6222],[-48.9007,-80.631],[-48.745,-80.6235],[-48.0056,-80.6527],[-46.9807,-80.605],[-45.8865,-80.5195],[-45.2125,-80.443],[-44.0115,-80.2688],[-43.6438,-80.198],[-43.4441,-80.1261],[-43.4714,-80.0981],[-43.7828,-80.0328],[-43.8209,-79.9677],[-43.651,-79.9475],[-43.2607,-79.9888],[-43.1141,-79.9364],[-43.0404,-79.8564],[-42.9878,-79.7096],[-42.9622,-79.4949],[-43.0121,-79.4198],[-43.1493,-79.3143],[-43.2707,-79.2769],[-43.3259,-79.224],[-43.1891,-79.1822],[-43.4309,-79.0718],[-43.4785,-78.9309],[-43.7474,-78.7971],[-44.1999,-78.8063],[-44.4641,-78.7968],[-44.8904,-78.802],[-45.1396,-78.8139],[-45.3826,-78.7778],[-45.276,-78.7212],[-45.3385,-78.677],[-44.9873,-78.6275],[-44.3791,-78.601],[-43.9299,-78.5971],[-43.7234,-78.379],[-43.7553,-78.2815],[-43.815,-78.2505],[-44.1721,-78.1373],[-44.287,-78.0924],[-44.4681,-78.062],[-44.8898,-77.9522],[-45.5129,-77.8628],[-45.9383,-77.8187],[-46.3302,-77.7915],[-46.5326,-77.7927],[-46.6758,-77.7766],[-47.0726,-77.7722]]],[[[-70.4417,-68.7842],[-70.5764,-68.8175],[-70.7242,-68.8062],[-70.8751,-68.8205],[-71.0212,-68.8654],[-71.1812,-68.8467],[-71.2999,-68.8571],[-71.4972,-68.8494],[-71.5957,-68.8742],[-71.6375,-68.907],[-71.8898,-68.9325],[-71.9911,-68.9655],[-72.2132,-69.0763],[-72.1983,-69.1106],[-72.103,-69.1602],[-72.1377,-69.1822],[-72.1143,-69.2489],[-72.0343,-69.2721],[-72.0074,-69.317],[-71.9119,-69.3553],[-71.8131,-69.3568],[-71.6599,-69.3915],[-71.6732,-69.5132],[-71.7364,-69.5789],[-71.7313,-69.6565],[-71.6534,-69.6869],[-71.598,-69.7689],[-71.818,-69.7892],[-71.8396,-69.8481],[-71.885,-69.8827],[-71.9201,-69.9599],[-71.8355,-70.0191],[-71.6767,-70.0784],[-71.3909,-70.1401],[-71.3182,-70.1861],[-71.15,-70.1833],[-71.127,-70.2313],[-71.0631,-70.2499],[-70.9782,-70.2358],[-70.8438,-70.183],[-70.821,-70.1448],[-70.7231,-70.125],[-70.6228,-70.1725],[-70.5331,-70.168],[-70.5001,-70.2272],[-70.385,-70.2472],[-70.252,-70.2366],[-70.0808,-70.2596],[-69.9815,-70.2522],[-69.8875,-70.303],[-69.7542,-70.3416],[-69.9459,-70.3551],[-70.1031,-70.3164],[-70.191,-70.3508],[-70.4959,-70.4017],[-70.758,-70.4111],[-70.8029,-70.4326],[-70.9792,-70.4515],[-71.0312,-70.4926],[-71.0657,-70.5683],[-71.2239,-70.623],[-71.2713,-70.6821],[-71.2263,-70.6958],[-71.205,-70.7533],[-70.9434,-70.7673],[-70.8341,-70.8219],[-70.706,-70.8387],[-70.4815,-70.8424],[-70.3951,-70.8224],[-70.1783,-70.8483],[-70.0159,-70.8507],[-69.9021,-70.8871],[-69.8757,-70.845],[-69.7821,-70.8698],[-69.8108,-70.9291],[-69.9287,-70.9484],[-70.1998,-70.9418],[-70.3724,-70.9456],[-70.5942,-70.9696],[-70.6868,-70.9915],[-70.8782,-70.9937],[-71.0157,-70.9763],[-71.1584,-70.998],[-71.389,-70.9737],[-71.3615,-71.0513],[-71.5206,-71.1173],[-71.6696,-71.1435],[-71.83,-71.1475],[-72.1908,-71.0881],[-72.2584,-71.0619],[-72.3662,-71.0503],[-72.5556,-71.0709],[-72.8141,-71.0716],[-72.8391,-71.0956],[-73.0316,-71.1007],[-73.1188,-71.1353],[-72.9514,-71.2247],[-72.7013,-71.2703],[-72.5515,-71.2733],[-72.3691,-71.3048],[-72.2383,-71.3111],[-72.2056,-71.3302],[-72.239,-71.3744],[-72.5583,-71.365],[-72.6253,-71.3994],[-72.7386,-71.4041],[-72.8553,-71.3877],[-72.9471,-71.3556],[-73.1432,-71.3268],[-73.5071,-71.31],[-73.6059,-71.3225],[-73.673,-71.3535],[-73.6606,-71.4098],[-73.5123,-71.4926],[-73.3663,-71.5132],[-73.4139,-71.5486],[-73.4273,-71.5991],[-73.5318,-71.6053],[-73.6647,-71.5328],[-73.7795,-71.5212],[-73.7978,-71.4756],[-74,-71.4209],[-74,-72.1619],[-73.813,-72.1337],[-73.7961,-72.0927],[-73.654,-72.057],[-73.5062,-72.0026],[-73.8037,-71.8834],[-73.9174,-71.8579],[-73.8204,-71.8226],[-73.571,-71.8572],[-73.4512,-71.8355],[-73.3378,-71.8826],[-73.1681,-71.9273],[-73.0687,-71.942],[-72.8688,-71.926],[-72.7247,-71.8745],[-72.6752,-71.7883],[-72.703,-71.7348],[-72.592,-71.7399],[-72.4854,-71.7261],[-72.3556,-71.6322],[-72.1819,-71.6617],[-72.0165,-71.7446],[-71.8588,-71.7693],[-71.8201,-71.8225],[-71.8645,-71.8649],[-71.8163,-71.8882],[-71.6797,-71.8843],[-71.5049,-71.8442],[-71.3864,-71.8347],[-71.209,-71.8696],[-71.1412,-71.9067],[-70.8621,-71.8452],[-70.7073,-71.873],[-70.7779,-71.928],[-70.7438,-71.9614],[-70.8463,-72.0068],[-71.1362,-72.0297],[-71.2795,-72.0636],[-71.4804,-72.0633],[-71.6542,-72.0918],[-71.8527,-72.112],[-72.0472,-72.1219],[-72.0354,-72.1612],[-71.8349,-72.2149],[-71.7348,-72.2066],[-71.6268,-72.223],[-71.6435,-72.2533],[-71.5144,-72.2591],[-71.3933,-72.282],[-71.3397,-72.2608],[-71.0966,-72.2635],[-70.7922,-72.2068],[-70.7396,-72.1771],[-70.5377,-72.1561],[-70.4275,-72.1308],[-70.2986,-72.2326],[-70.1644,-72.2642],[-70.2143,-72.289],[-70.4377,-72.3191],[-70.6018,-72.352],[-70.7164,-72.3892],[-70.9193,-72.3973],[-71.2196,-72.3862],[-71.609,-72.38],[-71.7183,-72.3575],[-71.8311,-72.3583],[-72.0064,-72.3236],[-72.2298,-72.3512],[-72.2855,-72.3083],[-72.425,-72.2787],[-72.7153,-72.2729],[-72.8214,-72.2916],[-72.9292,-72.3415],[-73.1196,-72.3908],[-73.1685,-72.4367],[-73.1056,-72.4767],[-72.8469,-72.5793],[-72.6541,-72.6104],[-72.5414,-72.5503],[-72.449,-72.5675],[-72.5133,-72.6063],[-72.4819,-72.6587],[-72.3932,-72.6689],[-72.1002,-72.6475],[-72.0201,-72.6322],[-71.4596,-72.6301],[-71.3156,-72.6434],[-71.1562,-72.6433],[-70.9343,-72.6588],[-70.8855,-72.6507],[-70.8566,-72.5886],[-70.7088,-72.5934],[-70.7031,-72.6616],[-70.5653,-72.6807],[-70.3862,-72.6433],[-70.1043,-72.6171],[-69.9308,-72.6238],[-69.7586,-72.6135],[-69.2402,-72.5436],[-69.142,-72.4886],[-69.2443,-72.4647],[-69.1665,-72.3874],[-69.103,-72.3713],[-68.9517,-72.3764],[-68.9261,-72.3491],[-68.8069,-72.3032],[-68.7859,-72.237],[-68.7002,-72.2167],[-68.6164,-72.2229],[-68.555,-72.2532],[-68.4635,-72.246],[-68.4051,-72.1987],[-68.4355,-72.1583],[-68.3388,-72.083],[-68.3391,-72.0467],[-68.4309,-71.9909],[-68.2886,-71.8922],[-68.2152,-71.8731],[-68.2225,-71.8084],[-68.1937,-71.6545],[-68.124,-71.5821],[-68.2486,-71.4512],[-68.2263,-71.3482],[-68.2301,-71.1203],[-68.3088,-71.0223],[-68.3316,-70.9236],[-68.3102,-70.8778],[-68.3507,-70.8245],[-68.3323,-70.7944],[-68.4,-70.7639],[-68.4715,-70.622],[-68.593,-70.5618],[-68.6267,-70.4763],[-68.7196,-70.3947],[-68.7344,-70.3449],[-68.9869,-70.1926],[-69.0814,-70.1464],[-69.1166,-70.0769],[-69.1741,-70.0594],[-69.2642,-69.9086],[-69.2691,-69.8677],[-69.3281,-69.8286],[-69.3162,-69.6904],[-69.3246,-69.6318],[-69.4905,-69.558],[-69.5325,-69.4555],[-69.6349,-69.4036],[-69.7113,-69.307],[-69.8037,-69.2974],[-69.9319,-69.3174],[-70.0276,-69.3098],[-70.114,-69.2618],[-70.0576,-69.2311],[-70.0208,-69.1704],[-70.1016,-69.1255],[-69.9985,-69.0951],[-70.0717,-69.0535],[-70.1043,-68.9976],[-70.0693,-68.976],[-70.1073,-68.8854],[-70.1969,-68.8461],[-70.3572,-68.8169],[-70.4417,-68.7842]]],[[[-59.8246,-80.4269],[-59.7499,-80.2733],[-59.7417,-80.189],[-59.8026,-80.1453],[-59.9528,-80.1064],[-59.8844,-79.8372],[-60.0731,-79.7726],[-60.2452,-79.7483],[-60.5231,-79.7417],[-60.7574,-79.7609],[-61.0541,-79.8125],[-61.1967,-79.8627],[-61.2907,-79.9516],[-61.2677,-79.9867],[-61.4443,-80.0754],[-61.4414,-80.1282],[-61.3324,-80.2045],[-61.2089,-80.2476],[-61.3027,-80.2944],[-61.6202,-80.3453],[-62.0274,-80.3982],[-62.8455,-80.4453],[-63.4283,-80.4676],[-63.9111,-80.4395],[-65.1144,-80.4143],[-65.4202,-80.411],[-65.9215,-80.3872],[-66.0982,-80.3698],[-66.2191,-80.3301],[-66.2656,-80.1994],[-66.5486,-80.2244],[-66.7288,-80.2684],[-66.8211,-80.3191],[-66.7517,-80.3949],[-66.4873,-80.4618],[-66.1515,-80.5243],[-65.2045,-80.6681],[-64.7642,-80.7113],[-64.3536,-80.7356],[-64.2516,-80.7175],[-64.2305,-80.6681],[-64.124,-80.6437],[-63.7325,-80.6002],[-63.155,-80.6039],[-63.0537,-80.62],[-62.9701,-80.6892],[-62.9918,-80.7624],[-62.8986,-80.7931],[-62.3132,-80.8853],[-62.0451,-80.8951],[-61.3232,-80.9531],[-60.8498,-80.9596],[-60.4176,-80.9194],[-60.1768,-80.8448],[-60.0285,-80.7581],[-59.8609,-80.5675],[-59.8246,-80.4269]]],[[[-67.5918,-78.4531],[-68.0066,-78.4781],[-68.515,-78.571],[-69.1378,-78.6479],[-69.613,-78.7244],[-69.8182,-78.7905],[-70.0342,-78.8283],[-70.3123,-78.8574],[-70.8789,-78.9666],[-71.2691,-79.0778],[-71.4587,-79.1579],[-71.6264,-79.2691],[-71.7099,-79.3813],[-71.8205,-79.4426],[-71.8114,-79.4951],[-71.6885,-79.5651],[-71.4275,-79.6441],[-70.8663,-79.6991],[-70.6847,-79.7013],[-70.2467,-79.6635],[-70.2793,-79.6281],[-69.9524,-79.5457],[-69.7902,-79.5322],[-69.8361,-79.4539],[-69.6873,-79.397],[-69.516,-79.3025],[-69.2406,-79.2127],[-69.0349,-79.1282],[-68.7953,-79.0562],[-68.6998,-79.014],[-68.4331,-78.9414],[-68.2656,-78.9099],[-67.9235,-78.8114],[-67.6166,-78.7309],[-67.4236,-78.6626],[-67.1823,-78.5558],[-67.1999,-78.482],[-67.353,-78.4566],[-67.5918,-78.4531]]],[[[-67.6769,-66.6326],[-67.8435,-66.6407],[-68.1506,-66.7503],[-68.2265,-66.7956],[-68.314,-66.8023],[-68.3491,-66.8351],[-68.4487,-66.8679],[-68.4361,-66.8853],[-68.5495,-66.9529],[-68.7564,-67.1704],[-68.8143,-67.2751],[-68.9218,-67.3227],[-68.9241,-67.3418],[-69.037,-67.3773],[-69.1371,-67.4672],[-69.1795,-67.5459],[-69.1364,-67.5942],[-68.9575,-67.689],[-68.9072,-67.6952],[-68.9038,-67.7547],[-68.7404,-67.7494],[-68.6809,-67.728],[-68.5693,-67.7504],[-68.5187,-67.6997],[-68.4136,-67.6611],[-68.387,-67.6186],[-68.4346,-67.5666],[-68.3152,-67.5381],[-68.1334,-67.5588],[-68.0499,-67.5174],[-68.026,-67.4738],[-67.9786,-67.4643],[-67.942,-67.4013],[-68.167,-67.3901],[-68.2432,-67.3613],[-68.0997,-67.3161],[-67.994,-67.3047],[-67.9953,-67.2585],[-67.8645,-67.2278],[-67.8417,-67.1795],[-67.7757,-67.1967],[-67.6816,-67.1453],[-67.7903,-67.1315],[-67.7954,-67.0879],[-67.91,-67.0559],[-67.9264,-67.0087],[-67.9947,-66.9818],[-68.0214,-66.9457],[-67.984,-66.8668],[-67.9163,-66.8067],[-67.8449,-66.8144],[-67.8331,-66.7756],[-67.739,-66.7562],[-67.6844,-66.7135],[-67.6769,-66.6326]]],[[[-73.9944,-77.4855],[-74,-77.6999],[-74,-78.0989],[-73.7355,-78.0503],[-73.3545,-77.9567],[-72.8064,-77.7199],[-72.7404,-77.6479],[-72.7935,-77.6024],[-73.057,-77.5546],[-73.4918,-77.5274],[-73.9944,-77.4855]]],[[[-57.7799,-63.7834],[-57.8208,-63.7971],[-57.9489,-63.8026],[-57.9365,-63.8403],[-58.0161,-63.8394],[-58.115,-63.8586],[-58.0946,-63.9055],[-58.3073,-63.9169],[-58.3331,-63.9527],[-58.2017,-63.9654],[-58.1889,-63.9919],[-58.2831,-64.0065],[-58.3669,-63.9989],[-58.4595,-64.0887],[-58.4532,-64.1317],[-58.3293,-64.1455],[-58.259,-64.0841],[-58.1023,-64.0681],[-58.0205,-64.0763],[-58.0405,-64.1248],[-58.1371,-64.1338],[-58.1875,-64.1859],[-58.1797,-64.2171],[-58.0566,-64.2275],[-58.1533,-64.2741],[-58.2361,-64.2847],[-58.3089,-64.3163],[-58.2022,-64.3854],[-58.1175,-64.3924],[-58.045,-64.3351],[-57.975,-64.3655],[-58.0385,-64.4144],[-57.959,-64.4373],[-57.8601,-64.4219],[-57.8102,-64.3785],[-57.8268,-64.3312],[-57.7257,-64.3482],[-57.7017,-64.3983],[-57.5751,-64.3499],[-57.4653,-64.3641],[-57.43,-64.3874],[-57.3153,-64.382],[-57.2959,-64.3439],[-57.4118,-64.2967],[-57.3462,-64.2829],[-57.3361,-64.2542],[-57.2411,-64.2218],[-57.1617,-64.2205],[-57.0669,-64.1783],[-57.119,-64.1543],[-57.2349,-64.1633],[-57.2587,-64.1443],[-57.1635,-64.1135],[-57.1631,-64.0776],[-57.2527,-64.062],[-57.2926,-64.0726],[-57.5123,-64.0228],[-57.4771,-63.9677],[-57.5538,-63.9427],[-57.6046,-63.9752],[-57.7392,-64.0161],[-57.6918,-64.0375],[-57.6986,-64.0758],[-57.8276,-64.088],[-57.8167,-64.047],[-57.8427,-63.9941],[-57.8796,-63.9816],[-57.8012,-63.935],[-57.7679,-63.8963],[-57.8131,-63.8282],[-57.7799,-63.7834]]],[[[-63.364,-64.242],[-63.5441,-64.2707],[-63.5323,-64.3168],[-63.6773,-64.319],[-63.6786,-64.3928],[-63.6995,-64.4426],[-63.775,-64.4574],[-63.8133,-64.4279],[-63.9368,-64.4722],[-63.8557,-64.5101],[-63.8774,-64.5339],[-64.0258,-64.5448],[-64.2046,-64.5914],[-64.1863,-64.6354],[-64.2325,-64.6808],[-64.2946,-64.7103],[-64.1952,-64.7217],[-64.1094,-64.7153],[-64.067,-64.7594],[-63.9039,-64.789],[-63.7799,-64.7868],[-63.7569,-64.8293],[-63.684,-64.8544],[-63.6387,-64.8059],[-63.5745,-64.7855],[-63.5364,-64.7357],[-63.4716,-64.6993],[-63.418,-64.7636],[-63.3437,-64.7685],[-63.2736,-64.7068],[-63.2231,-64.6997],[-63.183,-64.65],[-63.0809,-64.62],[-62.9883,-64.6223],[-62.8718,-64.5786],[-62.885,-64.5308],[-62.9695,-64.5394],[-63.0347,-64.5256],[-63.1259,-64.5806],[-63.2692,-64.5816],[-63.2888,-64.5508],[-63.2133,-64.5361],[-63.1306,-64.4941],[-63.1241,-64.4627],[-63.2523,-64.4737],[-63.1372,-64.4153],[-63.1699,-64.3871],[-63.2608,-64.3847],[-63.1582,-64.3258],[-63.1554,-64.2927],[-63.2648,-64.2861],[-63.364,-64.242]]],[[[-55.6163,-63.1219],[-55.6773,-63.126],[-55.7613,-63.1554],[-55.8285,-63.1255],[-56.0299,-63.1465],[-56.1957,-63.1781],[-56.2615,-63.2137],[-56.3798,-63.2355],[-56.5454,-63.3341],[-56.5572,-63.3733],[-56.4695,-63.394],[-56.411,-63.4411],[-56.2866,-63.4291],[-56.2636,-63.4056],[-56.1306,-63.4008],[-56.0141,-63.361],[-56.0221,-63.3372],[-55.9286,-63.3255],[-55.8936,-63.2918],[-55.771,-63.3247],[-55.718,-63.3092],[-55.6222,-63.3373],[-55.4267,-63.3292],[-55.3308,-63.3614],[-55.187,-63.3637],[-55.0525,-63.3186],[-55.0425,-63.2847],[-55.0667,-63.2253],[-55.1383,-63.2024],[-55.2024,-63.2151],[-55.327,-63.1874],[-55.4216,-63.2115],[-55.4762,-63.2093],[-55.5354,-63.1772],[-55.4805,-63.1556],[-55.6163,-63.1219]]],[[[-62.4502,-69.144],[-62.5382,-69.1622],[-62.5546,-69.2625],[-62.4842,-69.3349],[-62.3322,-69.3998],[-62.2047,-69.505],[-62.1742,-69.5659],[-62.1927,-69.6291],[-62.1381,-69.6656],[-62.1128,-69.7307],[-62.0179,-69.7323],[-61.9626,-69.7102],[-61.9327,-69.6299],[-61.8817,-69.5955],[-61.918,-69.5552],[-61.8191,-69.5407],[-61.7345,-69.4922],[-61.8338,-69.4017],[-61.8426,-69.3649],[-62.0282,-69.2861],[-62.0411,-69.2556],[-62.1157,-69.2177],[-62.3231,-69.1548],[-62.4502,-69.144]]],[[[-57.6855,-61.8928],[-57.6804,-61.9107],[-57.8133,-61.9481],[-57.9676,-61.9278],[-58.2498,-61.9525],[-58.3594,-61.9353],[-58.4452,-61.9664],[-58.7106,-62.0218],[-58.6997,-62.0577],[-58.7733,-62.0968],[-58.856,-62.1089],[-59.0014,-62.1885],[-58.9574,-62.1988],[-58.8466,-62.164],[-58.7929,-62.1681],[-58.7915,-62.2261],[-58.6116,-62.2609],[-58.5593,-62.2395],[-58.422,-62.2149],[-58.4567,-62.1627],[-58.5432,-62.153],[-58.4583,-62.1032],[-58.4438,-62.0629],[-58.2932,-62.0903],[-58.3756,-62.1085],[-58.3899,-62.1295],[-58.2698,-62.1914],[-58.2212,-62.1879],[-58.1299,-62.1332],[-58.2025,-62.1134],[-58.1643,-62.0432],[-58.0672,-62.0669],[-57.9108,-62.0766],[-57.8833,-62.0263],[-57.7697,-62.0121],[-57.6187,-62.0236],[-57.701,-61.9681],[-57.6579,-61.9582],[-57.6478,-61.919],[-57.6855,-61.8928]]],[[[-62.3889,-64.0075],[-62.5101,-64.0385],[-62.5022,-64.1],[-62.6133,-64.1157],[-62.6076,-64.1401],[-62.5323,-64.1988],[-62.4481,-64.2127],[-62.5637,-64.3145],[-62.6144,-64.3823],[-62.685,-64.4039],[-62.6477,-64.445],[-62.7741,-64.4697],[-62.7785,-64.4997],[-62.6727,-64.492],[-62.6196,-64.5162],[-62.55,-64.472],[-62.4272,-64.48],[-62.3289,-64.4433],[-62.2141,-64.3521],[-62.1833,-64.312],[-62.2082,-64.2933],[-62.1138,-64.2641],[-62.0678,-64.2226],[-62.1033,-64.1931],[-62.2084,-64.175],[-62.0856,-64.1523],[-62.103,-64.1198],[-62.178,-64.122],[-62.2885,-64.0944],[-62.2707,-64.038],[-62.3041,-64.0149],[-62.3889,-64.0075]]],[[[-72.6706,-69.4088],[-72.8006,-69.4157],[-72.8746,-69.4348],[-72.9843,-69.4944],[-72.9663,-69.5305],[-72.844,-69.5819],[-72.7779,-69.6547],[-72.6594,-69.6726],[-72.4533,-69.6856],[-72.1536,-69.6642],[-72.1234,-69.702],[-72.0174,-69.7076],[-71.9673,-69.6588],[-72.2097,-69.6138],[-72.2774,-69.5935],[-72.2381,-69.5637],[-72.3706,-69.4623],[-72.5818,-69.4165],[-72.6706,-69.4088]]],[[[-60.1365,-62.4512],[-60.1724,-62.5043],[-60.254,-62.5211],[-60.3265,-62.5655],[-60.4037,-62.5469],[-60.4415,-62.5685],[-60.5989,-62.5799],[-60.69,-62.5562],[-60.7067,-62.4967],[-60.778,-62.4807],[-60.8268,-62.4905],[-60.842,-62.5394],[-60.8266,-62.5878],[-60.9007,-62.5916],[-61.019,-62.6267],[-61.1115,-62.6008],[-61.1408,-62.6768],[-61.0564,-62.659],[-60.9671,-62.6621],[-60.8587,-62.6879],[-60.7703,-62.6623],[-60.773,-62.6354],[-60.7179,-62.607],[-60.6089,-62.6284],[-60.4594,-62.6361],[-60.3544,-62.6072],[-60.323,-62.6173],[-60.426,-62.6846],[-60.3299,-62.7097],[-60.3339,-62.761],[-60.2527,-62.7558],[-60.1562,-62.7186],[-60.0489,-62.7073],[-59.9996,-62.6767],[-59.8198,-62.6208],[-59.8891,-62.6094],[-60.0415,-62.6268],[-60.0869,-62.6111],[-60.1038,-62.5737],[-60.0393,-62.5065],[-60.1365,-62.4512]]],[[[-73.6093,-70.6709],[-73.8159,-70.5895],[-74,-70.5523],[-74,-70.8729],[-73.9289,-70.8636],[-73.7349,-70.8122],[-73.5591,-70.7446],[-73.541,-70.707],[-73.6093,-70.6709]]],[[[-65.764,-65.5178],[-65.9647,-65.5635],[-65.9516,-65.6113],[-66.0029,-65.6607],[-66.0739,-65.6869],[-66.0445,-65.7527],[-66.1568,-65.7765],[-66.1833,-65.8669],[-66.0842,-65.8771],[-65.8662,-65.8344],[-65.8338,-65.7508],[-65.9141,-65.7136],[-65.8859,-65.6763],[-65.791,-65.6911],[-65.6701,-65.6779],[-65.6541,-65.6529],[-65.6742,-65.5725],[-65.764,-65.5178]]],[[[-60.6524,-70.5103],[-60.8208,-70.5171],[-60.9431,-70.5375],[-60.9847,-70.6161],[-60.8882,-70.7061],[-60.8069,-70.7226],[-60.6952,-70.7118],[-60.5467,-70.677],[-60.4311,-70.6002],[-60.4688,-70.5328],[-60.5456,-70.5128],[-60.6524,-70.5103]]],[[[-67.2528,-67.5744],[-67.3285,-67.6127],[-67.4295,-67.5834],[-67.579,-67.6035],[-67.7768,-67.6735],[-67.6948,-67.768],[-67.5124,-67.7926],[-67.4398,-67.7871],[-67.2933,-67.736],[-67.3204,-67.7162],[-67.1169,-67.6246],[-67.2528,-67.5744]]],[[[-73.7211,-73.0838],[-73.8678,-73.1119],[-73.8593,-73.1766],[-74,-73.2171],[-74,-73.3714],[-73.8933,-73.3646],[-73.7675,-73.3228],[-73.5565,-73.1645],[-73.5433,-73.1265],[-73.6475,-73.0887],[-73.7211,-73.0838]]],[[[-56.4883,-62.9738],[-56.4944,-62.9994],[-56.6032,-63.0381],[-56.6187,-63.0594],[-56.4814,-63.1328],[-56.3752,-63.1575],[-56.323,-63.1851],[-56.2134,-63.1593],[-56.1468,-63.1128],[-56.0526,-63.0763],[-56.0306,-63.0278],[-56.161,-62.9975],[-56.3154,-63.0076],[-56.3551,-62.9904],[-56.4883,-62.9738]]],[[[-55.3641,-61.0563],[-55.4227,-61.0819],[-55.4537,-61.1189],[-55.3486,-61.1443],[-55.3952,-61.1742],[-55.3584,-61.2385],[-55.2415,-61.2799],[-55.1355,-61.225],[-55.1558,-61.1929],[-55.111,-61.1704],[-54.911,-61.1539],[-54.7579,-61.1589],[-54.6457,-61.1157],[-54.745,-61.0958],[-54.8314,-61.112],[-54.8798,-61.1024],[-54.9809,-61.1151],[-55.1438,-61.0765],[-55.2633,-61.0783],[-55.3641,-61.0563]]],[[[-45.7024,-60.5112],[-45.7644,-60.5415],[-45.8827,-60.5468],[-45.9291,-60.5221],[-45.9718,-60.5787],[-46.0268,-60.6108],[-45.9904,-60.633],[-45.9075,-60.6255],[-45.8663,-60.5949],[-45.7837,-60.5777],[-45.6989,-60.6564],[-45.4882,-60.6339],[-45.242,-60.7075],[-45.1879,-60.6863],[-45.2278,-60.6254],[-45.3352,-60.6408],[-45.4178,-60.566],[-45.5126,-60.5415],[-45.5246,-60.565],[-45.6159,-60.5534],[-45.7024,-60.5112]]],[[[-55.972,-63.3982],[-56.0694,-63.408],[-56.2019,-63.4395],[-56.2127,-63.4912],[-56.146,-63.5389],[-56.0257,-63.5531],[-56.0095,-63.5889],[-55.95,-63.5862],[-55.8821,-63.5311],[-55.7817,-63.5248],[-55.7175,-63.4725],[-55.74,-63.437],[-55.8813,-63.401],[-55.972,-63.3982]]],[[[-71.7379,-70.2607],[-71.8203,-70.2915],[-71.7646,-70.3355],[-71.7634,-70.3751],[-71.7038,-70.4206],[-71.613,-70.4561],[-71.4721,-70.41],[-71.3533,-70.3423],[-71.3204,-70.2973],[-71.4708,-70.2658],[-71.5343,-70.283],[-71.6696,-70.282],[-71.7379,-70.2607]]],[[[-56.9243,-64.3286],[-56.9756,-64.3572],[-57.1824,-64.4103],[-57.2725,-64.4453],[-57.4147,-64.4435],[-57.4087,-64.4951],[-57.4341,-64.5523],[-57.3103,-64.5664],[-57.0329,-64.4978],[-56.9655,-64.4471],[-56.9369,-64.4028],[-56.9243,-64.3286]]],[[[-60.5853,-71.0694],[-60.5121,-70.9815],[-60.5979,-70.9254],[-60.7686,-70.9126],[-60.9087,-70.9473],[-60.9554,-70.9836],[-60.8939,-71.0174],[-60.7109,-71.0576],[-60.5853,-71.0694]]],[[[-57.3389,-63.7854],[-57.5384,-63.8005],[-57.6872,-63.7983],[-57.6979,-63.8286],[-57.6243,-63.857],[-57.625,-63.9064],[-57.4912,-63.8757],[-57.4313,-63.876],[-57.3465,-63.8999],[-57.2716,-63.8658],[-57.2384,-63.9038],[-57.1016,-63.848],[-57.0972,-63.8254],[-57.2124,-63.8015],[-57.3388,-63.8169],[-57.3389,-63.7854]]],[[[-67.3846,-66.7435],[-67.5071,-66.7661],[-67.4964,-66.8074],[-67.5517,-66.8335],[-67.5657,-66.8935],[-67.4086,-66.9119],[-67.3861,-66.8873],[-67.3061,-66.877],[-67.2387,-66.8408],[-67.2796,-66.7758],[-67.3846,-66.7435]]],[[[-66.6196,-66.0608],[-66.6423,-66.0908],[-66.8014,-66.1226],[-66.7324,-66.2067],[-66.9064,-66.3059],[-66.8572,-66.3264],[-66.7786,-66.302],[-66.7364,-66.2659],[-66.6166,-66.2169],[-66.576,-66.1785],[-66.6379,-66.1252],[-66.5797,-66.1055],[-66.5638,-66.0711],[-66.6196,-66.0608]]],[[[-60.7868,-63.6674],[-60.798,-63.6987],[-60.7464,-63.7543],[-60.8124,-63.7821],[-60.7741,-63.8048],[-60.902,-63.8526],[-60.799,-63.8918],[-60.689,-63.8871],[-60.6443,-63.859],[-60.707,-63.8147],[-60.6122,-63.7367],[-60.5799,-63.6894],[-60.7338,-63.693],[-60.7868,-63.6674]]],[[[-61.1519,-69.9817],[-61.1084,-69.9419],[-61.207,-69.8511],[-61.3263,-69.8527],[-61.3877,-69.8862],[-61.3996,-69.943],[-61.2372,-69.9917],[-61.1519,-69.9817]]],[[[-59.7097,-65.1044],[-59.8066,-65.1021],[-59.8441,-65.1329],[-59.7363,-65.1964],[-59.6518,-65.2003],[-59.5515,-65.2461],[-59.4375,-65.236],[-59.6154,-65.1247],[-59.7097,-65.1044]]],[[[-62.3134,-62.8709],[-62.5187,-62.9167],[-62.5523,-62.9618],[-62.6807,-63.0597],[-62.6505,-63.0859],[-62.526,-63.0361],[-62.4331,-62.9856],[-62.3228,-62.9006],[-62.3134,-62.8709]]],[[[-59.0473,-62.2337],[-59.1912,-62.2705],[-59.2217,-62.288],[-59.0354,-62.3522],[-58.9544,-62.3235],[-58.8293,-62.3098],[-58.8751,-62.2658],[-59.0003,-62.2344],[-59.0473,-62.2337]]],[[[-60.8819,-68.6864],[-61.0215,-68.6988],[-60.9774,-68.747],[-60.7748,-68.7981],[-60.6761,-68.7909],[-60.6651,-68.7561],[-60.7555,-68.7069],[-60.8819,-68.6864]]],[[[-64.7829,-67.5901],[-64.9483,-67.5985],[-65.0032,-67.6133],[-64.9527,-67.6494],[-64.8387,-67.6562],[-64.7537,-67.6784],[-64.6192,-67.6566],[-64.5814,-67.6081],[-64.6961,-67.6063],[-64.7829,-67.5901]]],[[[-48.8222,-77.7766],[-49.1696,-77.787],[-49.3473,-77.8243],[-49.2705,-77.8629],[-48.8222,-77.7766]]],[[[-63.1826,-64.7091],[-63.3723,-64.8043],[-63.4457,-64.8265],[-63.5401,-64.8948],[-63.4088,-64.9012],[-63.3959,-64.8789],[-63.2933,-64.8524],[-63.2686,-64.7968],[-63.16,-64.75],[-63.1826,-64.7091]]],[[[-59.7828,-62.4436],[-59.9652,-62.4681],[-59.9358,-62.5038],[-59.7798,-62.5322],[-59.7192,-62.5574],[-59.6589,-62.5594],[-59.5829,-62.5397],[-59.5521,-62.5007],[-59.6545,-62.4681],[-59.6686,-62.4983],[-59.7337,-62.5082],[-59.7859,-62.4848],[-59.7828,-62.4436]]],[[[-62.2103,-63.231],[-62.2361,-63.2887],[-62.2155,-63.3557],[-62.0849,-63.3378],[-62.0106,-63.3533],[-61.9504,-63.3127],[-62.016,-63.2871],[-62.0497,-63.2508],[-62.1339,-63.277],[-62.2103,-63.231]]],[[[-59.6198,-62.3276],[-59.6965,-62.38],[-59.4932,-62.4614],[-59.393,-62.4444],[-59.3484,-62.406],[-59.3821,-62.3763],[-59.4387,-62.3785],[-59.6198,-62.3276]]],[[[-67.0926,-67.4992],[-67.214,-67.5637],[-67.1568,-67.5984],[-66.8936,-67.5579],[-66.8148,-67.5184],[-66.9458,-67.5083],[-67.0221,-67.5347],[-67.0926,-67.4992]]],[[[-61.3315,-62.7033],[-61.3988,-62.7466],[-61.5134,-62.7588],[-61.5157,-62.7885],[-61.4704,-62.8315],[-61.3914,-62.8363],[-61.2894,-62.7746],[-61.2459,-62.7243],[-61.3315,-62.7033]]],[[[-54.0094,-61.1281],[-54.1303,-61.1858],[-54.1494,-61.2271],[-54.2327,-61.2695],[-54.2246,-61.2955],[-54.0909,-61.3174],[-54.0417,-61.2737],[-54.0625,-61.2123],[-54.0094,-61.1281]]],[[[-60.6327,-62.8923],[-60.7361,-62.9207],[-60.5955,-62.936],[-60.5882,-62.9762],[-60.4994,-62.9636],[-60.5338,-62.8979],[-60.6327,-62.8923]]],[[[-56.6163,-64.2101],[-56.7129,-64.2559],[-56.8016,-64.2423],[-56.8877,-64.323],[-56.707,-64.3074],[-56.6762,-64.2788],[-56.5872,-64.2434],[-56.6163,-64.2101]]],[[[-67.2405,-67.7889],[-67.2377,-67.8477],[-67.3018,-67.8749],[-67.2531,-67.8972],[-67.1035,-67.8524],[-67.1048,-67.817],[-67.2405,-67.7889]]],[[[-44.5419,-60.6605],[-44.5958,-60.7221],[-44.6346,-60.7118],[-44.6992,-60.7359],[-44.6273,-60.7569],[-44.5182,-60.7366],[-44.4583,-60.7029],[-44.5419,-60.6605]]],[[[-71.9212,-73.1895],[-72.0745,-73.1912],[-72.0811,-73.2337],[-71.9361,-73.2404],[-71.8034,-73.2229],[-71.9212,-73.1895]]],[[[-61.8227,-63.9573],[-61.8329,-63.9819],[-61.9983,-64.0034],[-62.0571,-64.0843],[-61.9056,-64.0569],[-61.8322,-64.0026],[-61.8227,-63.9573]]],[[[-70.7007,-70.2349],[-70.7822,-70.2644],[-70.7761,-70.3315],[-70.6718,-70.3268],[-70.6407,-70.2523],[-70.7007,-70.2349]]],[[[-68.9707,-72.4007],[-69.0859,-72.4276],[-69.0652,-72.4634],[-68.9287,-72.44],[-68.9707,-72.4007]]],[[[-67.6367,-67.1965],[-67.7697,-67.2418],[-67.7465,-67.2846],[-67.6637,-67.2701],[-67.5798,-67.2102],[-67.6367,-67.1965]]],[[[-56.5575,-63.5542],[-56.6912,-63.5783],[-56.6439,-63.6067],[-56.5691,-63.6191],[-56.4909,-63.5719],[-56.5575,-63.5542]]],[[[-60.1816,-72.2611],[-60.1249,-72.2412],[-60.1451,-72.1872],[-60.2544,-72.1928],[-60.2233,-72.2512],[-60.1816,-72.2611]]],[[[-70.4604,-72.2402],[-70.5684,-72.2209],[-70.6632,-72.2556],[-70.5483,-72.2771],[-70.4604,-72.2402]]],[[[-67.5626,-67.0402],[-67.6097,-67.0471],[-67.6834,-67.1277],[-67.6323,-67.145],[-67.5394,-67.1046],[-67.5626,-67.0402]]],[[[-61.7136,-63.7112],[-61.7447,-63.7293],[-61.7149,-63.7788],[-61.6261,-63.7888],[-61.6112,-63.7589],[-61.6475,-63.7216],[-61.7136,-63.7112]]],[[[-57.4213,-63.6273],[-57.5297,-63.6284],[-57.5339,-63.6913],[-57.4592,-63.6927],[-57.4213,-63.6273]]],[[[-65.3068,-65.8285],[-65.2941,-65.8861],[-65.2151,-65.9008],[-65.1951,-65.8609],[-65.3068,-65.8285]]],[[[-63.053,-64.8439],[-63.1056,-64.8617],[-62.9967,-64.8998],[-62.9234,-64.8776],[-63.053,-64.8439]]],[[[-56.6097,-63.1482],[-56.696,-63.1727],[-56.6856,-63.2079],[-56.5915,-63.2077],[-56.6097,-63.1482]]],[[[-60.9172,-72.5899],[-60.7766,-72.5635],[-60.9213,-72.5362],[-60.9172,-72.5899]]],[[[-67.1067,-66.3201],[-67.1547,-66.3472],[-67.1245,-66.3752],[-67.0199,-66.3652],[-67.1067,-66.3201]]],[[[-62.6704,-64.6689],[-62.7331,-64.7094],[-62.6347,-64.7293],[-62.6704,-64.6689]]],[[[-61.7132,-64.0925],[-61.7601,-64.148],[-61.6593,-64.1448],[-61.7132,-64.0925]]],[[[-61.5551,-64.3477],[-61.5946,-64.3902],[-61.4857,-64.384],[-61.5551,-64.3477]]],[[[-45.6249,-60.6721],[-45.6695,-60.7126],[-45.591,-60.7257],[-45.6249,-60.6721]]]]}},{"type":"Feature","properties":{"zid":"46077"},"geometry":{"type":"Polygon","coordinates":[[[-67.8355,-29.008],[-68.0127,-28.9027],[-68.2188,-28.8691],[-68.8065,-28.5504],[-69.2167,-28.328],[-69.4622,-28.1929],[-69.4745,-28.2366],[-69.5236,-28.3297],[-69.5828,-28.3524],[-69.5878,-28.3778],[-69.6298,-28.3937],[-69.6057,-28.419],[-69.5552,-28.4058],[-69.5162,-28.4319],[-69.4701,-28.415],[-69.43,-28.451],[-69.3865,-28.4511],[-69.3162,-28.4116],[-69.2026,-28.596],[-69.2178,-28.6478],[-69.1976,-28.7102],[-69.162,-28.7611],[-68.9368,-28.8497],[-68.9208,-28.8669],[-68.9489,-28.92],[-68.9482,-28.9711],[-68.7079,-29.0597],[-68.2453,-29.2243],[-67.8534,-29.0771],[-67.8352,-29.0146],[-67.8355,-29.008]]]}},{"type":"Feature","properties":{"zid":"58007"},"geometry":{"type":"Polygon","coordinates":[[[-70.6248,-39.0626],[-70.6278,-39.0137],[-70.6028,-38.9916],[-70.6603,-38.9231],[-70.6467,-38.858],[-70.7038,-38.7904],[-70.7673,-38.7729],[-70.814,-38.7433],[-70.8903,-38.7208],[-70.9288,-38.7639],[-70.9809,-38.76],[-71.1,-38.7656],[-71.149,-38.7991],[-71.199,-38.8169],[-71.2407,-38.809],[-71.2679,-38.8534],[-71.3365,-38.8761],[-71.3737,-38.9054],[-71.4271,-38.9227],[-71.4345,-38.9764],[-71.4009,-39.0377],[-71.4215,-39.1512],[-71.4001,-39.1857],[-71.3759,-39.2681],[-71.3951,-39.3018],[-71.3997,-39.3503],[-71.4338,-39.3718],[-71.4487,-39.451],[-71.3903,-39.4558],[-71.3334,-39.4827],[-71.2527,-39.4545],[-71.191,-39.4856],[-71.1747,-39.5211],[-71.086,-39.5169],[-71.0498,-39.5248],[-70.9579,-39.5226],[-70.9267,-39.5397],[-70.837,-39.5117],[-70.8367,-39.4868],[-70.7581,-39.446],[-70.8134,-39.3729],[-70.7858,-39.3604],[-70.7785,-39.3122],[-70.7271,-39.275],[-70.7478,-39.2412],[-70.731,-39.1903],[-70.7273,-39.087],[-70.742,-39.0497],[-70.7171,-39.036],[-70.6248,-39.0626]]]}},{"type":"Feature","properties":{"zid":"34014"},"geometry":{"type":"Polygon","coordinates":[[[-57.8288,-25.7577],[-57.9793,-25.7128],[-58.0206,-25.6873],[-58.0356,-25.6583],[-58.034,-25.6129],[-58.1527,-25.5629],[-58.2212,-25.588],[-58.605,-25.5831],[-58.6047,-25.7772],[-58.9259,-25.7786],[-58.926,-26.1853],[-58.7577,-26.1836],[-58.7567,-26.1573],[-58.5687,-26.1592],[-58.5054,-26.1736],[-58.5041,-26.3434],[-58.3384,-26.3485],[-58.2674,-26.3442],[-58.2159,-26.3841],[-58.1597,-26.3488],[-58.1582,-26.2602],[-58.1095,-26.2409],[-58.1403,-26.2001],[-58.0909,-26.1163],[-58.037,-26.1112],[-57.9464,-26.066],[-57.9195,-26.0323],[-57.8582,-26.0102],[-57.8513,-25.9914],[-57.8937,-25.9643],[-57.8739,-25.9291],[-57.8419,-25.9212],[-57.8585,-25.858],[-57.8163,-25.8474],[-57.7965,-25.8102],[-57.8288,-25.7577]]]}},{"type":"Feature","properties":{"zid":"34049"},"geometry":{"type":"Polygon","coordinates":[[[-57.8288,-25.7577],[-57.7726,-25.7568],[-57.7352,-25.7265],[-57.7657,-25.6903],[-57.7268,-25.6456],[-57.6825,-25.6622],[-57.6783,-25.6065],[-57.656,-25.597],[-57.6108,-25.6106],[-57.6046,-25.5688],[-57.5698,-25.545],[-57.5787,-25.5073],[-57.5606,-25.4527],[-57.5965,-25.4011],[-57.6424,-25.3834],[-57.6993,-25.3181],[-57.7115,-25.2737],[-57.7516,-25.228],[-57.7492,-25.1963],[-57.7789,-25.1533],[-57.824,-25.1398],[-57.8685,-25.084],[-57.9164,-25.0779],[-57.985,-25.0836],[-58.011,-25.0407],[-58.0706,-25.0414],[-58.095,-25.0091],[-58.1312,-25.0123],[-58.1507,-24.9746],[-58.1869,-24.9706],[-58.2356,-24.927],[-58.3358,-24.9989],[-58.3808,-24.9562],[-58.3784,-25.393],[-58.6052,-25.3943],[-58.6051,-25.4707],[-58.605,-25.5831],[-58.2212,-25.588],[-58.1527,-25.5629],[-58.034,-25.6129],[-58.0356,-25.6583],[-58.0206,-25.6873],[-57.9793,-25.7128],[-57.8288,-25.7577]]]}},{"type":"Feature","properties":{"zid":"58070"},"geometry":{"type":"Polygon","coordinates":[[[-71.7087,-40.4225],[-71.7415,-40.4368],[-71.8063,-40.4062],[-71.8416,-40.4521],[-71.8559,-40.5121],[-71.8568,-40.5921],[-71.844,-40.6276],[-71.8672,-40.6631],[-71.9587,-40.718],[-71.9568,-40.7609],[-71.9213,-40.7851],[-71.9319,-40.8248],[-71.8695,-40.8925],[-71.858,-40.9604],[-71.9093,-40.9725],[-71.8607,-41.0307],[-71.7853,-41.0188],[-71.7027,-41.0218],[-71.6076,-41.0349],[-71.5577,-41.0224],[-71.4564,-41.0417],[-71.3607,-41.0887],[-71.3062,-41.1001],[-71.2194,-41.0862],[-71.1749,-41.0562],[-71.1308,-41.0473],[-71.1153,-41.0076],[-71.0364,-40.9559],[-71.0341,-40.9036],[-71.0689,-40.8507],[-71.1181,-40.805],[-71.1209,-40.7586],[-71.0937,-40.7267],[-71.0251,-40.7208],[-71.0118,-40.6793],[-70.9765,-40.6487],[-70.8731,-40.6148],[-70.8649,-40.597],[-71.1476,-40.5954],[-71.3066,-40.5842],[-71.3562,-40.5403],[-71.433,-40.5348],[-71.5236,-40.4976],[-71.5766,-40.4517],[-71.6523,-40.4501],[-71.7087,-40.4225]]]}},{"type":"Feature","properties":{"zid":"58056"},"geometry":{"type":"Polygon","coordinates":[[[-70.8153,-40.0622],[-70.8982,-40.0765],[-70.9479,-40.1074],[-71.0229,-40.0906],[-71.0701,-40.0568],[-71.1632,-40.0808],[-71.1803,-40.0979],[-71.2699,-40.0924],[-71.3308,-40.0644],[-71.3649,-40.029],[-71.4846,-40.0284],[-71.5127,-40.0384],[-71.5936,-40.0288],[-71.6099,-40.0405],[-71.6744,-40.0241],[-71.6667,-40.0751],[-71.698,-40.1175],[-71.8109,-40.0805],[-71.801,-40.1127],[-71.8251,-40.1738],[-71.8234,-40.2326],[-71.7617,-40.2763],[-71.7138,-40.2814],[-71.6716,-40.3114],[-71.6648,-40.3671],[-71.7087,-40.4225],[-71.6523,-40.4501],[-71.5766,-40.4517],[-71.5236,-40.4976],[-71.433,-40.5348],[-71.3562,-40.5403],[-71.3066,-40.5842],[-71.1476,-40.5954],[-70.8649,-40.597],[-70.7331,-40.5801],[-70.6869,-40.5949],[-70.6428,-40.5848],[-70.6294,-40.5584],[-70.5322,-40.5045],[-70.6026,-40.4962],[-70.651,-40.4544],[-70.693,-40.3563],[-70.657,-40.305],[-70.6709,-40.2817],[-70.6415,-40.2339],[-70.7372,-40.1449],[-70.7635,-40.0967],[-70.8153,-40.0622]]]}},{"type":"Feature","properties":{"zid":"58105"},"geometry":{"type":"Polygon","coordinates":[[[-69.7053,-38.3707],[-69.7365,-38.3372],[-69.8109,-38.3164],[-69.9018,-38.3218],[-70.5893,-38.3121],[-70.6118,-38.2672],[-70.6498,-38.2699],[-70.7121,-38.3106],[-70.7681,-38.3294],[-70.8219,-38.3218],[-70.8444,-38.2959],[-70.9275,-38.2609],[-71.0172,-38.1134],[-71.0433,-38.123],[-70.9959,-38.1715],[-71.0212,-38.2443],[-70.9985,-38.2902],[-70.9967,-38.3557],[-70.9824,-38.3644],[-70.9839,-38.4301],[-70.9605,-38.443],[-70.899,-38.5091],[-70.8425,-38.5382],[-70.8371,-38.6126],[-70.9029,-38.6664],[-70.8903,-38.7208],[-70.814,-38.7433],[-70.7673,-38.7729],[-70.7038,-38.7904],[-70.6467,-38.858],[-70.6603,-38.9231],[-70.6028,-38.9916],[-70.6278,-39.0137],[-70.6248,-39.0626],[-70.6001,-39.1229],[-70.4866,-39.0387],[-70.1526,-38.7917],[-70.0557,-38.7714],[-69.9867,-38.7022],[-69.9457,-38.6854],[-69.9016,-38.6405],[-69.849,-38.6317],[-69.7717,-38.5966],[-69.7545,-38.5292],[-69.6791,-38.5132],[-69.6206,-38.4796],[-69.5437,-38.4806],[-69.5747,-38.4364],[-69.6347,-38.4261],[-69.6695,-38.378],[-69.7053,-38.3707]]]}},{"type":"Feature","properties":{"zid":"58077"},"geometry":{"type":"Polygon","coordinates":[[[-70.4753,-36.1736],[-70.5684,-36.1326],[-70.5715,-36.176],[-70.5997,-36.1923],[-70.6402,-36.2436],[-70.6697,-36.2451],[-70.6877,-36.3107],[-70.7111,-36.3487],[-70.6794,-36.3769],[-70.7125,-36.4274],[-70.7732,-36.4288],[-70.8161,-36.3957],[-70.8517,-36.4161],[-70.8884,-36.3989],[-70.8945,-36.4521],[-70.934,-36.4917],[-70.975,-36.5021],[-71.018,-36.4741],[-71.0506,-36.5229],[-71.0545,-36.5718],[-71.0402,-36.6493],[-71.012,-36.6639],[-71.0155,-36.6993],[-71.0762,-36.7081],[-71.1114,-36.7283],[-71.1334,-36.8097],[-71.1798,-36.8409],[-71.1275,-36.8576],[-71.1438,-36.9295],[-71.0882,-36.9287],[-71.106,-36.9709],[-71.169,-36.9962],[-71.1437,-37.0326],[-71.1415,-37.0698],[-71.0923,-37.1147],[-71.1339,-37.1426],[-71.1142,-37.2039],[-71.1598,-37.241],[-71.167,-37.3002],[-71.1444,-37.3366],[-71.0859,-37.3671],[-70.9796,-37.366],[-70.8913,-37.3436],[-70.8455,-37.3483],[-70.7469,-37.3413],[-70.7259,-37.3315],[-70.643,-37.3494],[-70.6176,-37.3722],[-70.5118,-37.3653],[-70.5021,-37.0528],[-70.4854,-36.5084],[-70.4753,-36.1736]]]}},{"type":"Feature","properties":{"zid":"58042"},"geometry":{"type":"Polygon","coordinates":[[[-70.0425,-36.659],[-70.0937,-36.5873],[-70.1234,-36.5683],[-70.1384,-36.5268],[-70.1829,-36.4908],[-70.2038,-36.435],[-70.207,-36.3753],[-70.2293,-36.325],[-70.3395,-36.3361],[-70.3722,-36.2793],[-70.3696,-36.2329],[-70.395,-36.1943],[-70.3974,-36.1195],[-70.4151,-36.1099],[-70.421,-36.1559],[-70.4753,-36.1736],[-70.4854,-36.5084],[-70.5021,-37.0528],[-70.5118,-37.3653],[-70.4796,-37.3707],[-70.433,-37.3526],[-70.4215,-37.3806],[-70.3648,-37.3638],[-70.3104,-37.3714],[-70.2894,-37.3911],[-70.2246,-37.409],[-70.1883,-37.4662],[-70.0949,-37.5015],[-70.0846,-37.473],[-70.105,-37.4354],[-70.1004,-37.4057],[-70.0215,-37.2854],[-70.0578,-37.258],[-70.0425,-36.659]]]}},{"type":"Feature","properties":{"zid":"58049"},"geometry":{"type":"Polygon","coordinates":[[[-70.9579,-39.5226],[-71.0498,-39.5248],[-71.086,-39.5169],[-71.1747,-39.5211],[-71.191,-39.4856],[-71.2527,-39.4545],[-71.3334,-39.4827],[-71.3903,-39.4558],[-71.4487,-39.451],[-71.473,-39.4933],[-71.5165,-39.503],[-71.5313,-39.5377],[-71.4846,-39.5521],[-71.4673,-39.5874],[-71.5012,-39.6349],[-71.5427,-39.6236],[-71.6118,-39.6265],[-71.6156,-39.6007],[-71.6983,-39.5868],[-71.6982,-39.6587],[-71.6849,-39.6911],[-71.7117,-39.7247],[-71.6862,-39.7565],[-71.6721,-39.8045],[-71.6918,-39.8394],[-71.6332,-39.8825],[-71.5957,-39.8913],[-71.6141,-39.9567],[-71.6673,-39.9947],[-71.6744,-40.0241],[-71.6099,-40.0405],[-71.5936,-40.0288],[-71.5127,-40.0384],[-71.4846,-40.0284],[-71.3649,-40.029],[-71.3308,-40.0644],[-71.2699,-40.0924],[-71.1803,-40.0979],[-71.1632,-40.0808],[-71.0701,-40.0568],[-71.0229,-40.0906],[-70.9479,-40.1074],[-70.8982,-40.0765],[-70.8153,-40.0622],[-70.8393,-40.026],[-70.8396,-39.8888],[-70.8621,-39.8612],[-70.8747,-39.7946],[-70.9327,-39.7668],[-70.9081,-39.7398],[-70.8858,-39.6787],[-70.9458,-39.6462],[-70.9351,-39.5944],[-70.9675,-39.5698],[-70.9579,-39.5226]]]}},{"type":"Feature","properties":{"zid":"50077"},"geometry":{"type":"Polygon","coordinates":[[[-68.2923,-35.9976],[-68.487,-35.5811],[-68.746,-35.3694],[-69.2755,-35.2577],[-69.344,-35.2752],[-69.4645,-35.249],[-69.5407,-35.2107],[-69.5498,-35.153],[-69.5693,-35.1107],[-69.6093,-35.0863],[-69.6674,-34.98],[-69.8571,-34.8903],[-69.9614,-34.8287],[-70.0134,-34.8099],[-70.0893,-34.7491],[-70.1466,-34.7427],[-70.1823,-34.707],[-70.2424,-34.6897],[-70.2586,-34.7286],[-70.3063,-34.7473],[-70.3082,-34.7702],[-70.2531,-34.7933],[-70.2626,-34.8332],[-70.32,-34.9318],[-70.3316,-34.9843],[-70.3631,-35.0055],[-70.3763,-35.0509],[-70.3612,-35.1355],[-70.3777,-35.1731],[-70.4721,-35.2039],[-70.5442,-35.2035],[-70.5837,-35.2672],[-70.5663,-35.2995],[-70.435,-35.318],[-70.4202,-35.3483],[-70.4518,-35.3911],[-70.4326,-35.4466],[-70.4426,-35.4671],[-70.3815,-35.5129],[-70.4136,-35.5285],[-70.3847,-35.6051],[-70.4181,-35.6298],[-70.3977,-35.6877],[-70.3721,-35.7105],[-70.3588,-35.7547],[-70.3787,-35.7879],[-70.3165,-35.8184],[-70.422,-35.8766],[-70.4251,-35.913],[-70.3687,-35.9225],[-70.4208,-35.9762],[-70.3785,-35.9895],[-70.3726,-36.0435],[-70.4105,-36.0564],[-70.4151,-36.1099],[-70.3974,-36.1195],[-70.395,-36.1943],[-70.3696,-36.2329],[-70.3722,-36.2793],[-70.3395,-36.3361],[-70.2293,-36.325],[-70.207,-36.3753],[-70.2038,-36.435],[-70.1829,-36.4908],[-70.1384,-36.5268],[-70.1234,-36.5683],[-70.0937,-36.5873],[-70.0425,-36.659],[-69.9475,-36.7216],[-69.9194,-36.7652],[-69.9217,-36.7948],[-69.8866,-36.8083],[-69.8506,-36.8463],[-69.82,-36.849],[-69.7524,-36.8868],[-69.7716,-36.9001],[-69.7763,-36.991],[-69.7556,-37.0686],[-69.6117,-37.1487],[-69.5309,-37.1741],[-69.4668,-37.1726],[-69.4266,-37.1597],[-69.3963,-37.1718],[-69.2861,-37.1445],[-69.2252,-37.171],[-69.1652,-37.1806],[-69.1331,-37.2018],[-69.0644,-37.2234],[-69.0383,-37.2556],[-69.0497,-37.2884],[-69.0371,-37.353],[-69.0014,-37.3734],[-68.8847,-37.382],[-68.8661,-37.4012],[-68.7811,-37.3672],[-68.7231,-37.3883],[-68.6874,-37.4415],[-68.5812,-37.4545],[-68.4979,-37.4577],[-68.4367,-37.5446],[-68.4027,-37.5586],[-68.2899,-37.559],[-68.2543,-37.5719],[-68.2474,-37.1709],[-68.2468,-36.8028],[-68.2465,-36.3747],[-68.2502,-36.1725],[-68.2961,-36.1725],[-68.2964,-35.9976],[-68.2923,-35.9976]]]}},{"type":"Feature","properties":{"zid":"50063"},"geometry":{"type":"Polygon","coordinates":[[[-69.0092,-32.9605],[-69.0602,-33.024],[-69.1117,-33.0297],[-69.1774,-32.9581],[-69.2647,-32.909],[-69.2627,-32.8494],[-69.3125,-32.7984],[-69.3167,-32.7517],[-69.3429,-32.6935],[-69.3974,-32.6353],[-69.4324,-32.6194],[-69.4894,-32.6342],[-69.5459,-32.7277],[-69.6077,-32.782],[-69.6371,-32.7882],[-69.7741,-32.868],[-69.8298,-32.8426],[-69.8934,-32.8263],[-69.9205,-32.8576],[-70.0333,-32.8156],[-70.0701,-32.8252],[-70.0561,-32.8575],[-69.9896,-32.898],[-70.0193,-32.9559],[-70.022,-33.0099],[-70.0814,-33.0302],[-70.0517,-33.1345],[-70.0644,-33.2051],[-70.0284,-33.2318],[-70.0384,-33.2698],[-70.0068,-33.2865],[-70.0024,-33.3229],[-69.917,-33.2664],[-69.86,-33.2835],[-69.7991,-33.2893],[-69.7692,-33.3428],[-69.7614,-33.3333],[-69.5164,-33.0356],[-69.4406,-33.0076],[-69.4163,-33.0446],[-69.3845,-33.0632],[-69.3417,-33.0552],[-69.2746,-33.063],[-69.2151,-33.1005],[-69.1689,-33.1487],[-69.1427,-33.1918],[-69.1091,-33.1999],[-68.9964,-33.2716],[-68.916,-33.2941],[-68.9219,-33.3392],[-68.8517,-33.3655],[-68.8035,-33.3947],[-68.7344,-33.3469],[-68.7202,-33.2946],[-68.6813,-33.2512],[-68.6451,-33.1465],[-68.6183,-33.0977],[-68.7048,-33.1151],[-68.7876,-33.0541],[-68.8246,-33.0631],[-68.8405,-33.026],[-68.8159,-32.9723],[-68.8299,-32.9603],[-69.0092,-32.9605]]]}},{"type":"Feature","properties":{"zid":"50049"},"geometry":{"type":"Polygon","coordinates":[[[-68.5116,-32.2634],[-68.6657,-32.3371],[-68.9176,-32.338],[-68.9176,-32.1146],[-69.0131,-32.1159],[-69.0645,-32.0755],[-69.1264,-32.0019],[-69.184,-31.9994],[-69.2445,-32.0161],[-69.2674,-32.0556],[-69.3142,-32.0911],[-69.3831,-32.0646],[-69.4548,-32.0747],[-69.4768,-32.1111],[-69.5311,-32.141],[-69.5993,-32.146],[-69.6186,-32.237],[-69.6804,-32.3043],[-69.7239,-32.3166],[-69.7332,-32.3906],[-69.7042,-32.4032],[-69.689,-32.4371],[-69.7056,-32.4975],[-69.7667,-32.5185],[-69.7788,-32.5424],[-69.8274,-32.5625],[-69.9007,-32.562],[-69.9302,-32.5418],[-69.964,-32.5467],[-70.0028,-32.5289],[-70.063,-32.6239],[-70.1262,-32.5742],[-70.1501,-32.5812],[-70.1579,-32.6299],[-70.1429,-32.6797],[-70.1476,-32.7284],[-70.1015,-32.7994],[-70.0701,-32.8252],[-70.0333,-32.8156],[-69.9205,-32.8576],[-69.8934,-32.8263],[-69.8298,-32.8426],[-69.7741,-32.868],[-69.6371,-32.7882],[-69.6077,-32.782],[-69.5459,-32.7277],[-69.4894,-32.6342],[-69.4324,-32.6194],[-69.3974,-32.6353],[-69.3429,-32.6935],[-69.3167,-32.7517],[-69.3125,-32.7984],[-69.2627,-32.8494],[-69.2647,-32.909],[-69.1774,-32.9581],[-69.1117,-33.0297],[-69.0602,-33.024],[-69.0092,-32.9605],[-69.0033,-32.9045],[-68.9582,-32.9034],[-68.9582,-32.8635],[-68.8326,-32.862],[-68.8203,-32.8739],[-68.6846,-32.8289],[-68.6954,-32.7468],[-68.6614,-32.6794],[-68.6733,-32.6193],[-68.6215,-32.4411],[-68.5762,-32.3844],[-68.522,-32.372],[-68.502,-32.3366],[-68.5116,-32.2634]]]}},{"type":"Feature","properties":{"zid":"50119"},"geometry":{"type":"Polygon","coordinates":[[[-68.9989,-33.5426],[-69.2361,-33.4714],[-69.3782,-33.4021],[-69.77,-33.3595],[-69.8194,-33.4299],[-69.8332,-33.5101],[-69.8722,-33.5395],[-69.8653,-33.583],[-69.88,-33.6197],[-69.8849,-33.6832],[-69.8646,-33.7168],[-69.9004,-33.761],[-69.8967,-33.8368],[-69.8151,-33.8674],[-69.753,-33.852],[-69.6964,-33.8714],[-69.6713,-33.8525],[-69.5659,-33.8663],[-69.5484,-33.8828],[-69.4739,-33.8517],[-69.361,-33.8655],[-69.3199,-33.8038],[-69.2685,-33.7752],[-69.2332,-33.7803],[-69.1826,-33.7316],[-69.1061,-33.6927],[-68.9986,-33.6032],[-68.9989,-33.5426]]]}},{"type":"Feature","properties":{"zid":"50091"},"geometry":{"type":"Polygon","coordinates":[[[-68.2868,-33.4782],[-68.6,-33.488],[-68.5638,-33.7333],[-68.9941,-33.5477],[-68.9989,-33.5426],[-68.9986,-33.6032],[-69.1061,-33.6927],[-69.1826,-33.7316],[-69.2332,-33.7803],[-69.2685,-33.7752],[-69.3199,-33.8038],[-69.361,-33.8655],[-69.4739,-33.8517],[-69.5484,-33.8828],[-69.5659,-33.8663],[-69.6713,-33.8525],[-69.6964,-33.8714],[-69.753,-33.852],[-69.8151,-33.8674],[-69.8967,-33.8368],[-69.8556,-33.8924],[-69.8897,-33.9192],[-69.9062,-33.9633],[-69.8554,-33.9656],[-69.8216,-34.0166],[-69.8538,-34.0572],[-69.834,-34.0879],[-69.873,-34.1302],[-69.8153,-34.1779],[-69.7967,-34.2074],[-69.8072,-34.2484],[-69.8998,-34.2703],[-69.9099,-34.2921],[-69.9809,-34.2531],[-69.9545,-34.2937],[-69.907,-34.3354],[-69.7941,-34.4045],[-69.7713,-34.467],[-69.7105,-34.4819],[-69.6427,-34.5234],[-69.595,-34.5772],[-69.5521,-34.6083],[-69.5296,-34.6426],[-69.472,-34.6918],[-69.4298,-34.7015],[-69.3667,-34.6915],[-69.3152,-34.6644],[-69.1848,-34.6394],[-69.1129,-34.6127],[-69.0917,-34.5827],[-69.0532,-34.5812],[-69.0042,-34.3205],[-68.8096,-34.3706],[-68.7529,-34.26],[-68.6501,-34.2383],[-68.5829,-34.2368],[-68.5178,-34.2132],[-68.4508,-34.2121],[-68.4543,-34.0414],[-68.3753,-34.0235],[-68.2917,-34.02],[-68.2927,-33.7476],[-68.2868,-33.4782]]]}},{"type":"Feature","properties":{"zid":"50105"},"geometry":{"type":"Polygon","coordinates":[[[-67.1552,-34.2959],[-67.1516,-34.1105],[-67.5012,-34.1013],[-67.5645,-34.1019],[-67.6478,-34.2011],[-68.0094,-34.2033],[-68.2021,-34.207],[-68.2571,-34.1764],[-68.3494,-34.1806],[-68.4238,-34.2221],[-68.4508,-34.2121],[-68.5178,-34.2132],[-68.5829,-34.2368],[-68.6501,-34.2383],[-68.7529,-34.26],[-68.8096,-34.3706],[-69.0042,-34.3205],[-69.0532,-34.5812],[-69.0917,-34.5827],[-69.1129,-34.6127],[-69.1848,-34.6394],[-69.3152,-34.6644],[-69.3667,-34.6915],[-69.4298,-34.7015],[-69.472,-34.6918],[-69.5296,-34.6426],[-69.5521,-34.6083],[-69.595,-34.5772],[-69.6427,-34.5234],[-69.7105,-34.4819],[-69.7713,-34.467],[-69.7941,-34.4045],[-69.907,-34.3354],[-69.9545,-34.2937],[-69.9809,-34.2531],[-70.0322,-34.2923],[-70.0154,-34.3322],[-70.024,-34.3742],[-70.0129,-34.4121],[-70.13,-34.5007],[-70.157,-34.5476],[-70.1949,-34.5802],[-70.2243,-34.6409],[-70.2139,-34.6773],[-70.2424,-34.6897],[-70.1823,-34.707],[-70.1466,-34.7427],[-70.0893,-34.7491],[-70.0134,-34.8099],[-69.9614,-34.8287],[-69.8571,-34.8903],[-69.6674,-34.98],[-69.6093,-35.0863],[-69.5693,-35.1107],[-69.5498,-35.153],[-69.5407,-35.2107],[-69.4645,-35.249],[-69.344,-35.2752],[-69.2755,-35.2577],[-68.746,-35.3694],[-68.487,-35.5811],[-68.2923,-35.9976],[-68.2722,-35.9976],[-67.6274,-35.9984],[-67.1949,-35.9993],[-67.235,-35.9151],[-67.2839,-35.8496],[-67.3797,-35.7628],[-67.4167,-35.6997],[-67.4142,-35.6555],[-67.4725,-35.5989],[-67.4795,-35.5654],[-67.5075,-35.5436],[-67.5432,-35.4835],[-67.5935,-35.4569],[-67.6518,-35.3715],[-67.6451,-35.3166],[-67.6717,-35.2965],[-67.6807,-35.2538],[-67.728,-35.2094],[-67.7293,-35.1515],[-67.713,-35.1285],[-67.7112,-35.0534],[-67.6937,-35.0165],[-67.7232,-34.9748],[-67.681,-34.763],[-67.6853,-34.7396],[-67.6662,-34.6269],[-67.6344,-34.5605],[-67.6395,-34.5347],[-67.5583,-34.5334],[-67.4264,-34.5589],[-67.3779,-34.5404],[-67.2486,-34.5438],[-67.2087,-34.5639],[-67.1039,-34.5637],[-67.0271,-34.5562],[-66.943,-34.5369],[-66.9211,-34.5154],[-66.8723,-34.5127],[-66.815,-34.4902],[-66.7564,-34.512],[-66.7565,-34.5117],[-66.7574,-34.4345],[-66.7884,-34.4212],[-66.7869,-34.3777],[-66.8028,-34.3057],[-66.7759,-34.2977],[-66.7775,-34.2977],[-67.1552,-34.2959]]]}},{"type":"Feature","properties":{"zid":"70021"},"geometry":{"type":"Polygon","coordinates":[[[-69.8835,-30.2723],[-69.9024,-30.2958],[-69.9034,-30.3429],[-69.9557,-30.3855],[-69.9883,-30.3785],[-70.0197,-30.3967],[-70.0683,-30.3926],[-70.1365,-30.3409],[-70.1547,-30.3467],[-70.1184,-30.4333],[-70.1363,-30.4588],[-70.1948,-30.4916],[-70.1794,-30.5123],[-70.1907,-30.5507],[-70.221,-30.5829],[-70.2466,-30.6342],[-70.2591,-30.6998],[-70.2465,-30.7271],[-70.2738,-30.7563],[-70.2768,-30.8124],[-70.3229,-30.9336],[-70.2989,-30.9619],[-70.2892,-31.0241],[-70.3211,-31.0432],[-70.3667,-31.1064],[-70.3654,-31.1419],[-70.4082,-31.166],[-70.4323,-31.1017],[-70.4561,-31.0842],[-70.5165,-31.1663],[-70.5273,-31.2797],[-70.545,-31.3071],[-70.5301,-31.3757],[-70.5338,-31.409],[-70.563,-31.4614],[-70.5523,-31.5112],[-70.5673,-31.5834],[-70.5318,-31.638],[-70.5068,-31.6523],[-70.5102,-31.6909],[-70.4697,-31.6968],[-70.4608,-31.8413],[-70.3916,-31.8797],[-70.2801,-31.8841],[-70.2403,-31.9179],[-70.2082,-31.978],[-70.249,-31.9924],[-70.2481,-32.0234],[-70.3211,-32.0505],[-70.3512,-32.0263],[-70.3882,-32.0439],[-70.3352,-32.0704],[-70.3501,-32.0886],[-70.3188,-32.132],[-70.301,-32.2068],[-70.3234,-32.2659],[-70.2651,-32.291],[-70.2182,-32.3327],[-70.2174,-32.382],[-70.2366,-32.4293],[-70.1486,-32.4659],[-70.1234,-32.5352],[-70.1262,-32.5742],[-70.063,-32.6239],[-70.0028,-32.5289],[-69.964,-32.5467],[-69.9302,-32.5418],[-69.9007,-32.562],[-69.8274,-32.5625],[-69.7788,-32.5424],[-69.7667,-32.5185],[-69.7056,-32.4975],[-69.689,-32.4371],[-69.7042,-32.4032],[-69.7332,-32.3906],[-69.7239,-32.3166],[-69.6804,-32.3043],[-69.6186,-32.237],[-69.5993,-32.146],[-69.5311,-32.141],[-69.4768,-32.1111],[-69.4548,-32.0747],[-69.3831,-32.0646],[-69.3142,-32.0911],[-69.2674,-32.0556],[-69.2445,-32.0161],[-69.184,-31.9994],[-69.1264,-32.0019],[-69.1141,-31.96],[-69.1176,-31.9081],[-69.1026,-31.8719],[-69.1064,-31.8327],[-69.1621,-31.7255],[-69.1521,-31.6183],[-69.1667,-31.5585],[-69.2005,-31.5138],[-69.2192,-31.4562],[-69.2156,-31.4009],[-69.1991,-31.378],[-69.2186,-31.3404],[-69.2075,-31.3124],[-69.2119,-31.2557],[-69.2505,-31.1898],[-69.2268,-31.1509],[-69.2186,-31.1026],[-69.1793,-31.0507],[-69.1393,-30.9439],[-69.1211,-30.8322],[-69.1038,-30.7948],[-69.3354,-30.6984],[-69.4352,-30.6816],[-69.604,-30.6645],[-69.6299,-30.6278],[-69.6781,-30.6034],[-69.7215,-30.6007],[-69.7284,-30.5411],[-69.7594,-30.4935],[-69.7509,-30.4736],[-69.8112,-30.4053],[-69.8272,-30.3686],[-69.8315,-30.2915],[-69.8835,-30.2723]]]}},{"type":"Feature","properties":{"zid":"70049"},"geometry":{"type":"Polygon","coordinates":[[[-68.9482,-28.9711],[-68.9489,-28.92],[-68.9208,-28.8669],[-68.9368,-28.8497],[-69.162,-28.7611],[-69.1976,-28.7102],[-69.2178,-28.6478],[-69.2026,-28.596],[-69.3162,-28.4116],[-69.3865,-28.4511],[-69.43,-28.451],[-69.4701,-28.415],[-69.5162,-28.4319],[-69.5552,-28.4058],[-69.6057,-28.419],[-69.6298,-28.3937],[-69.6558,-28.4125],[-69.6402,-28.4428],[-69.6734,-28.4601],[-69.6516,-28.5314],[-69.6633,-28.5813],[-69.6929,-28.594],[-69.7018,-28.6403],[-69.727,-28.6718],[-69.7287,-28.7382],[-69.7003,-28.7516],[-69.705,-28.8033],[-69.7462,-28.8808],[-69.7643,-28.8949],[-69.7537,-28.9365],[-69.7881,-29.032],[-69.7924,-29.1348],[-69.8396,-29.1293],[-69.8832,-29.1437],[-69.9519,-29.2128],[-69.9472,-29.2631],[-69.9982,-29.2862],[-70.0179,-29.3204],[-70.0213,-29.3844],[-69.981,-29.4014],[-69.9819,-29.4522],[-69.9474,-29.4904],[-69.9564,-29.5351],[-69.933,-29.5766],[-69.9418,-29.6457],[-69.9223,-29.6838],[-69.8815,-29.7088],[-69.8796,-29.7344],[-69.9134,-29.8068],[-69.8937,-29.8192],[-69.889,-29.9054],[-69.898,-29.9578],[-69.9213,-29.9852],[-69.9158,-30.0263],[-69.9636,-30.0886],[-69.9299,-30.1198],[-69.8717,-30.1115],[-69.8097,-30.1448],[-69.835,-30.2191],[-69.8879,-30.224],[-69.8835,-30.2723],[-69.8315,-30.2915],[-69.8272,-30.3686],[-69.8112,-30.4053],[-69.7509,-30.4736],[-69.7594,-30.4935],[-69.7284,-30.5411],[-69.7215,-30.6007],[-69.6781,-30.6034],[-69.6299,-30.6278],[-69.604,-30.6645],[-69.4352,-30.6816],[-69.3354,-30.6984],[-69.1038,-30.7948],[-69.0899,-30.7481],[-69.1137,-30.6296],[-69.0539,-30.6291],[-69.0638,-30.539],[-69.0137,-30.5389],[-69.0571,-30.4954],[-69.063,-30.3939],[-69.0392,-30.2949],[-69.0417,-30.249],[-69.0715,-30.0724],[-69.0298,-29.9825],[-69.0399,-29.9496],[-69.015,-29.8791],[-69.0321,-29.7618],[-69.0148,-29.6991],[-69.0206,-29.6363],[-69.0337,-29.533],[-68.9846,-29.4743],[-68.9737,-29.4447],[-69.0024,-29.4019],[-68.9746,-29.3642],[-68.9849,-29.3264],[-68.9588,-29.2853],[-68.9891,-29.274],[-68.9799,-29.2284],[-69.0002,-29.1844],[-68.9535,-29.1667],[-68.9119,-29.1286],[-68.9247,-29.0894],[-68.908,-29.0728],[-68.9304,-28.9823],[-68.9482,-28.9711]]]}},{"type":"Feature","properties":{"zid":"06462"},"geometry":{"type":"Polygon","coordinates":[[[-61.3292,-34.4531],[-61.417,-34.3923],[-61.3954,-34.3735],[-61.4717,-34.3074],[-61.5089,-34.3368],[-61.5491,-34.3034],[-61.6108,-34.3527],[-61.6484,-34.3195],[-61.7198,-34.3856],[-61.8161,-34.3856],[-61.9839,-34.5182],[-61.8454,-34.6374],[-61.7696,-34.5764],[-61.7116,-34.628],[-61.6446,-34.6837],[-61.5976,-34.6687],[-61.5164,-34.6032],[-61.4364,-34.6712],[-61.3385,-34.5922],[-61.2752,-34.5412],[-61.3555,-34.4739],[-61.3292,-34.4531]]]}},{"type":"Feature","properties":{"zid":"22084"},"geometry":{"type":"Polygon","coordinates":[[[-59.6366,-26.1199],[-59.6571,-26.1347],[-59.6825,-26.0895],[-59.6723,-26.0028],[-59.6961,-26.0065],[-59.7514,-25.9632],[-59.7555,-25.9189],[-59.8246,-25.8916],[-59.8437,-25.856],[-59.9003,-25.7949],[-59.9265,-25.7919],[-60.0215,-25.723],[-60.0182,-25.7041],[-60.0985,-25.6692],[-60.0993,-26.1224],[-60.1011,-26.3028],[-60.0015,-26.3036],[-59.8535,-26.3042],[-59.8035,-26.3193],[-59.8036,-26.5309],[-59.7032,-26.5317],[-59.703,-26.6219],[-59.5035,-26.6221],[-59.5032,-26.7125],[-59.4528,-26.7121],[-59.4522,-26.8028],[-59.2013,-26.8015],[-59.1551,-26.8185],[-59.1546,-26.8698],[-58.9533,-26.8687],[-58.9537,-26.7858],[-58.8984,-26.7918],[-58.6884,-26.604],[-58.7515,-26.5967],[-58.7706,-26.5387],[-58.8568,-26.5089],[-58.8658,-26.4751],[-58.9098,-26.4626],[-58.9749,-26.3885],[-59.0429,-26.3653],[-59.0685,-26.3742],[-59.1388,-26.3127],[-59.1676,-26.2986],[-59.2265,-26.3394],[-59.2777,-26.3498],[-59.3779,-26.3208],[-59.3811,-26.268],[-59.4139,-26.225],[-59.4147,-26.1676],[-59.4348,-26.1536],[-59.4774,-26.1623],[-59.5355,-26.1413],[-59.5672,-26.1489],[-59.6366,-26.1199]]]}},{"type":"Feature","properties":{"zid":"06294"},"geometry":{"type":"Polygon","coordinates":[[[-61.1221,-34.072],[-61.175,-34.0953],[-61.2099,-34.1256],[-61.3314,-34.0257],[-61.6484,-34.3195],[-61.6108,-34.3527],[-61.5491,-34.3034],[-61.5089,-34.3368],[-61.4717,-34.3074],[-61.3954,-34.3735],[-61.417,-34.3923],[-61.3292,-34.4531],[-61.2697,-34.406],[-61.1941,-34.4227],[-61.1766,-34.3662],[-61.1288,-34.3255],[-61.0981,-34.2845],[-61.0701,-34.3072],[-61.0416,-34.2833],[-61.0591,-34.269],[-61.0139,-34.2316],[-60.9583,-34.2767],[-60.9172,-34.2416],[-61.1221,-34.072]]]}},{"type":"Feature","properties":{"zid":"22014"},"geometry":{"type":"Polygon","coordinates":[[[-58.3782,-26.8798],[-58.4224,-26.8244],[-58.4481,-26.8274],[-58.4947,-26.7945],[-58.5308,-26.7408],[-58.5691,-26.7277],[-58.5798,-26.6859],[-58.6745,-26.6421],[-58.6884,-26.604],[-58.8984,-26.7918],[-58.9537,-26.7858],[-58.9533,-26.8687],[-58.9572,-27.0847],[-58.9399,-27.1164],[-58.8703,-27.1354],[-58.8114,-27.1726],[-58.7704,-27.2212],[-58.7341,-27.2841],[-58.7633,-27.3166],[-58.7728,-27.3782],[-58.7079,-27.3662],[-58.6688,-27.3591],[-58.6165,-27.3186],[-58.598,-27.2725],[-58.5961,-27.2204],[-58.6616,-27.1866],[-58.6522,-27.1306],[-58.6369,-27.1176],[-58.5612,-27.1124],[-58.5596,-27.0376],[-58.5029,-27.0337],[-58.5211,-27.0039],[-58.4681,-26.9914],[-58.4788,-26.9332],[-58.3892,-26.8947],[-58.3782,-26.8798]]]}},{"type":"Feature","properties":{"zid":"06602"},"geometry":{"type":"MultiPolygon","coordinates":[[[[-62.7897,-41.0242],[-62.711,-41.0379],[-62.6599,-41.0061],[-62.5313,-40.9505],[-62.3849,-40.9089],[-62.3104,-40.8696],[-62.2337,-40.6903],[-62.1772,-40.6409],[-62.1728,-40.5845],[-62.2406,-40.5455],[-62.3088,-40.5273],[-62.319,-40.5062],[-62.4189,-40.4637],[-62.4879,-40.3003],[-62.4458,-40.2502],[-62.3894,-40.2284],[-62.3449,-40.1972],[-62.3276,-40.1568],[-62.3408,-40.1271],[-62.3424,-40.0638],[-62.3304,-39.9988],[-62.3301,-39.9138],[-62.2608,-39.859],[-62.1468,-39.8567],[-62.1648,-39.8315],[-62.215,-39.8399],[-62.2335,-39.8162],[-62.3024,-39.7971],[-62.3378,-39.8023],[-62.4101,-39.7243],[-62.4758,-39.6944],[-62.4751,-39.6282],[-62.5409,-39.5736],[-62.5735,-39.5696],[-62.6266,-39.5299],[-62.7245,-39.5257],[-62.7567,-39.5064],[-62.8627,-39.5297],[-62.9228,-39.5041],[-62.9617,-39.5169],[-63.0143,-39.4873],[-63.0739,-39.4761],[-63.1018,-39.4244],[-63.1476,-39.3941],[-63.1719,-39.4132],[-63.2378,-39.3676],[-63.3231,-39.3357],[-63.3833,-39.3285],[-63.3824,-39.8719],[-63.3808,-40.4086],[-63.3801,-40.6744],[-63.3414,-40.7006],[-63.2722,-40.7227],[-63.1921,-40.7167],[-63.0569,-40.7696],[-63.0327,-40.7931],[-62.9511,-40.8227],[-62.9156,-40.8697],[-62.879,-40.8948],[-62.802,-40.9826],[-62.7897,-41.0242]]],[[[-62.1518,-40.3793],[-62.1953,-40.4056],[-62.1434,-40.4205],[-62.1518,-40.3793]]]]}},{"type":"Feature","properties":{"zid":"86112"},"geometry":{"type":"Polygon","coordinates":[[[-62.4375,-29.6666],[-62.4378,-29.5968],[-62.5336,-29.5969],[-62.558,-29.4824],[-62.4978,-29.4822],[-62.4978,-29.4428],[-62.6171,-29.4425],[-62.6165,-29.3641],[-62.7526,-29.3634],[-62.7527,-29.307],[-62.8022,-29.2843],[-62.8915,-29.2836],[-62.8915,-29.2021],[-62.9807,-29.202],[-62.9942,-29.2186],[-63.1578,-29.3124],[-63.1335,-29.3178],[-63.1096,-29.4034],[-63.0693,-29.4458],[-63.055,-29.4803],[-63.0124,-29.5195],[-63,-29.5484],[-62.9053,-29.6384],[-62.8449,-29.6684],[-62.849,-29.7488],[-62.8076,-29.7811],[-62.8063,-29.8338],[-62.8381,-29.8646],[-62.7855,-29.9457],[-62.7239,-29.9908],[-62.655,-30.0073],[-62.6746,-30.0341],[-62.6554,-30.0553],[-62.6085,-30.0565],[-62.4603,-29.9692],[-62.4361,-29.9496],[-62.4375,-29.6666]]]}},{"type":"Feature","properties":{"zid":"86021"},"geometry":{"type":"Polygon","coordinates":[[[-63.7865,-28.4357],[-63.8513,-28.3911],[-64.0197,-28.4881],[-64.0435,-28.5938],[-64.1553,-28.5775],[-64.1608,-28.6034],[-64.217,-28.6051],[-64.2344,-28.6824],[-64.194,-28.7596],[-64.1075,-28.8348],[-64.0057,-28.8775],[-63.9563,-28.8713],[-63.8807,-28.9104],[-63.8355,-28.8942],[-63.8184,-28.9126],[-63.7024,-28.9452],[-63.6634,-28.9386],[-63.5929,-28.8762],[-63.6586,-28.7937],[-63.584,-28.7242],[-63.6225,-28.6732],[-63.5815,-28.6482],[-63.6014,-28.6265],[-63.667,-28.5822],[-63.7012,-28.5324],[-63.7769,-28.4794],[-63.7865,-28.4357]]]}},{"type":"Feature","properties":{"zid":"86091"},"geometry":{"type":"Polygon","coordinates":[[[-63.6923,-26.4787],[-63.7682,-26.4783],[-63.8018,-26.6413],[-63.869,-26.645],[-63.8773,-26.7212],[-63.9805,-26.7213],[-64.1624,-26.6971],[-64.1561,-26.6522],[-64.2636,-26.6345],[-64.282,-26.6059],[-64.2821,-26.5686],[-64.4171,-26.5659],[-64.4172,-26.554],[-64.5084,-26.554],[-64.4986,-26.6736],[-64.587,-26.6579],[-64.6179,-26.8027],[-64.6722,-26.7942],[-64.6777,-26.825],[-64.7105,-26.8362],[-64.7426,-27.0044],[-64.7669,-27.0148],[-64.7812,-27.0766],[-64.7985,-27.1508],[-64.7651,-27.1845],[-64.7424,-27.2346],[-64.6855,-27.2326],[-64.6616,-27.2464],[-64.5704,-27.3385],[-64.5581,-27.3095],[-64.4875,-27.3528],[-64.4452,-27.1748],[-64.3279,-27.1964],[-64.3043,-27.1869],[-64.178,-27.1986],[-64.1767,-27.1086],[-64.113,-27.1091],[-64.0848,-27.0619],[-64.0205,-27.061],[-63.99,-27.0303],[-63.989,-26.9044],[-63.8791,-26.9051],[-63.8795,-26.9367],[-63.824,-26.9243],[-63.6572,-26.9251],[-63.6821,-26.907],[-63.6857,-26.8481],[-63.6523,-26.7485],[-63.6546,-26.6659],[-63.673,-26.6487],[-63.6536,-26.5999],[-63.6495,-26.5315],[-63.6923,-26.4787]]]}},{"type":"Feature","properties":{"zid":"06182"},"geometry":{"type":"Polygon","coordinates":[[[-61.7285,-38.6571],[-61.7424,-38.6272],[-61.8184,-38.6879],[-61.8479,-38.6654],[-61.9257,-38.7312],[-62.0137,-38.7067],[-62.061,-38.7199],[-62.182,-38.8171],[-62.1659,-38.812],[-62.1055,-38.8693],[-62.1058,-38.8971],[-62.0731,-38.9206],[-61.9864,-38.9471],[-61.8683,-38.9687],[-61.7933,-38.993],[-61.7315,-38.9684],[-61.6127,-39.0036],[-61.4557,-38.9954],[-61.4532,-38.9397],[-61.6634,-38.8574],[-61.7246,-38.7466],[-61.7155,-38.7143],[-61.7285,-38.6571]]]}},{"type":"Feature","properties":{"zid":"06070"},"geometry":{"type":"Polygon","coordinates":[[[-59.2227,-33.8134],[-59.2548,-33.7939],[-59.2354,-33.74],[-59.2543,-33.7223],[-59.3777,-33.7365],[-59.449,-33.7245],[-59.4678,-33.7043],[-59.4891,-33.6433],[-59.5918,-33.7989],[-59.5989,-33.8482],[-59.6582,-33.9194],[-59.7053,-33.9411],[-59.7474,-33.9977],[-59.7537,-34.0158],[-59.706,-34.1069],[-59.7223,-34.1311],[-59.6761,-34.1667],[-59.6275,-34.1583],[-59.5946,-34.1717],[-59.5469,-34.1558],[-59.5109,-34.0994],[-59.4631,-34.135],[-59.3775,-34.057],[-59.3196,-34.0238],[-59.3239,-33.9963],[-59.3413,-33.9261],[-59.2334,-33.928],[-59.2401,-33.8963],[-59.3021,-33.8466],[-59.2764,-33.8203],[-59.2227,-33.8134]]]}},{"type":"Feature","properties":{"zid":"06770"},"geometry":{"type":"Polygon","coordinates":[[[-59.8106,-33.5858],[-59.8314,-33.5798],[-60.0411,-33.7688],[-60.0727,-33.7789],[-60.0244,-33.8266],[-59.7864,-34.0112],[-59.7793,-34.0134],[-59.7474,-33.9977],[-59.7053,-33.9411],[-59.6582,-33.9194],[-59.5989,-33.8482],[-59.5918,-33.7989],[-59.4891,-33.6433],[-59.543,-33.6406],[-59.5906,-33.6872],[-59.6251,-33.6895],[-59.636,-33.6427],[-59.6624,-33.6183],[-59.7301,-33.6037],[-59.7726,-33.608],[-59.8106,-33.5858]]]}},{"type":"Feature","properties":{"zid":"38035"},"geometry":{"type":"Polygon","coordinates":[[[-64.4311,-23.6335],[-64.4788,-23.6082],[-64.4948,-23.5687],[-64.5534,-23.5123],[-64.5861,-23.5122],[-64.6541,-23.4846],[-64.6795,-23.4577],[-64.7612,-23.4757],[-64.7883,-23.4962],[-64.8447,-23.4914],[-64.8431,-23.5331],[-64.8596,-23.5833],[-64.8946,-23.6002],[-64.9024,-23.6799],[-64.9306,-23.7255],[-65.0179,-23.7],[-65.0384,-23.7029],[-65.0882,-23.7439],[-65.1055,-23.8563],[-65.1816,-23.799],[-65.2332,-23.7908],[-65.2697,-23.8274],[-65.2959,-23.8195],[-65.2895,-23.8624],[-65.1848,-23.9202],[-65.1799,-23.9775],[-65.1368,-23.9742],[-65.1099,-24.0325],[-65.0539,-24.0144],[-65.0307,-24.0209],[-64.9204,-24.0107],[-64.8527,-24.0501],[-64.8512,-24.074],[-64.783,-24.0943],[-64.7157,-24.0558],[-64.6866,-24.0162],[-64.6629,-23.9596],[-64.665,-23.9315],[-64.6103,-23.8151],[-64.5722,-23.7883],[-64.5665,-23.7279],[-64.5102,-23.6996],[-64.4311,-23.6335]]]}},{"type":"Feature","properties":{"zid":"38028"},"geometry":{"type":"Polygon","coordinates":[[[-65.068,-23.0449],[-65.1316,-23.004],[-65.1905,-22.9943],[-65.2517,-22.928],[-65.2526,-22.875],[-65.2761,-22.8169],[-65.2742,-22.7901],[-65.302,-22.765],[-65.3059,-22.7207],[-65.2717,-22.6482],[-65.3447,-22.6064],[-65.4105,-22.7447],[-65.443,-22.7631],[-65.5076,-22.7653],[-65.5224,-22.825],[-65.5775,-22.8612],[-65.6061,-22.9188],[-65.6727,-22.9552],[-65.6934,-22.9936],[-65.7031,-23.065],[-65.6925,-23.0868],[-65.7188,-23.1407],[-65.7204,-23.2009],[-65.7363,-23.229],[-65.7211,-23.2736],[-65.7446,-23.3183],[-65.7309,-23.3546],[-65.7427,-23.4126],[-65.6899,-23.3758],[-65.5343,-23.3116],[-65.4265,-23.3365],[-65.3957,-23.3675],[-65.3387,-23.3911],[-65.1789,-23.3197],[-65.121,-23.2599],[-65.1193,-23.2443],[-65.0697,-23.1995],[-65.0466,-23.1521],[-65.0716,-23.1323],[-65.068,-23.0449]]]}},{"type":"Feature","properties":{"zid":"38007"},"geometry":{"type":"Polygon","coordinates":[[[-65.3486,-22.5512],[-65.4524,-22.5525],[-65.5077,-22.5259],[-65.5303,-22.4935],[-65.5915,-22.4699],[-65.6953,-22.4628],[-65.8285,-22.4387],[-65.8386,-22.5376],[-65.891,-22.5771],[-65.9213,-22.6207],[-65.9995,-22.5896],[-66.0529,-22.6583],[-66.1253,-22.6803],[-66.188,-22.6762],[-66.2232,-22.7103],[-66.2584,-22.6908],[-66.3123,-22.695],[-66.3567,-22.7675],[-66.4316,-22.7286],[-66.4363,-22.7679],[-66.4619,-22.802],[-66.4896,-22.8002],[-66.5152,-22.829],[-66.5699,-22.8334],[-66.5915,-22.8521],[-66.5841,-22.9131],[-66.5849,-22.9993],[-66.2818,-22.9993],[-66.1994,-23.0701],[-66.1153,-23.1557],[-66.1059,-23.2233],[-66.1582,-23.3276],[-66.1983,-23.3917],[-66.1844,-23.4169],[-66.1198,-23.4303],[-66.094,-23.4549],[-65.9991,-23.5148],[-65.9872,-23.5097],[-66.0019,-23.6819],[-65.9578,-23.6611],[-65.9032,-23.6151],[-65.8739,-23.5558],[-65.8581,-23.5482],[-65.844,-23.485],[-65.8668,-23.4566],[-65.8104,-23.3765],[-65.7654,-23.4129],[-65.7427,-23.4126],[-65.7309,-23.3546],[-65.7446,-23.3183],[-65.7211,-23.2736],[-65.7363,-23.229],[-65.7204,-23.2009],[-65.7188,-23.1407],[-65.6925,-23.0868],[-65.7031,-23.065],[-65.6934,-22.9936],[-65.6727,-22.9552],[-65.6061,-22.9188],[-65.5775,-22.8612],[-65.5224,-22.825],[-65.5076,-22.7653],[-65.443,-22.7631],[-65.4105,-22.7447],[-65.3447,-22.6064],[-65.3486,-22.5512]]]}},{"type":"Feature","properties":{"zid":"38098"},"geometry":{"type":"Polygon","coordinates":[[[-65.7427,-23.4126],[-65.7654,-23.4129],[-65.8104,-23.3765],[-65.8668,-23.4566],[-65.844,-23.485],[-65.8581,-23.5482],[-65.8739,-23.5558],[-65.9032,-23.6151],[-65.9578,-23.6611],[-66.0019,-23.6819],[-66.0102,-23.8216],[-66.0219,-23.8617],[-66.0165,-23.9181],[-65.9909,-23.9817],[-65.9416,-23.9795],[-65.9502,-24.0036],[-65.8674,-24.0033],[-65.7528,-24.058],[-65.705,-23.9839],[-65.6963,-23.8828],[-65.6795,-23.8463],[-65.6476,-23.8299],[-65.5946,-23.8864],[-65.6037,-23.9317],[-65.5966,-23.9959],[-65.5427,-24.0196],[-65.4719,-24.0156],[-65.4186,-23.9754],[-65.4193,-23.9432],[-65.3826,-23.938],[-65.3395,-23.9103],[-65.3382,-23.8485],[-65.2895,-23.8624],[-65.2959,-23.8195],[-65.3752,-23.7843],[-65.3652,-23.7315],[-65.4153,-23.7068],[-65.4734,-23.6935],[-65.5097,-23.655],[-65.504,-23.5966],[-65.5436,-23.5522],[-65.5662,-23.4978],[-65.5795,-23.4345],[-65.6349,-23.3831],[-65.6899,-23.3758],[-65.7427,-23.4126]]]}},{"type":"Feature","properties":{"zid":"38021"},"geometry":{"type":"Polygon","coordinates":[[[-65.2895,-23.8624],[-65.3382,-23.8485],[-65.3395,-23.9103],[-65.3826,-23.938],[-65.4193,-23.9432],[-65.4186,-23.9754],[-65.4719,-24.0156],[-65.5427,-24.0196],[-65.5966,-23.9959],[-65.6037,-23.9317],[-65.5946,-23.8864],[-65.6476,-23.8299],[-65.6795,-23.8463],[-65.6963,-23.8828],[-65.705,-23.9839],[-65.7528,-24.058],[-65.7209,-24.1093],[-65.725,-24.186],[-65.6725,-24.2487],[-65.6284,-24.2778],[-65.5755,-24.2944],[-65.4727,-24.2914],[-65.4501,-24.2698],[-65.373,-24.275],[-65.3431,-24.2564],[-65.235,-24.2767],[-65.2281,-24.2546],[-65.2571,-24.2298],[-65.2184,-24.2052],[-65.2023,-24.0876],[-65.1304,-24.086],[-65.1099,-24.0325],[-65.1368,-23.9742],[-65.1799,-23.9775],[-65.1848,-23.9202],[-65.2895,-23.8624]]]}},{"type":"Feature","properties":{"zid":"38049"},"geometry":{"type":"Polygon","coordinates":[[[-65.9861,-22.4033],[-66.0157,-22.2961],[-66.0595,-22.2584],[-66.2973,-22.3149],[-66.3212,-22.325],[-66.3425,-22.2897],[-66.4106,-22.2608],[-66.4715,-22.3259],[-66.4926,-22.3764],[-66.5597,-22.4136],[-66.5848,-22.4129],[-66.681,-22.378],[-66.7481,-22.3748],[-66.7664,-22.3577],[-66.7843,-22.4018],[-66.7825,-22.4381],[-66.9286,-22.4922],[-66.9729,-22.5407],[-67.0272,-22.5409],[-67.0141,-22.6548],[-67.1278,-22.7221],[-67.1805,-22.8141],[-66.9912,-22.9993],[-66.5849,-22.9993],[-66.5841,-22.9131],[-66.5915,-22.8521],[-66.5699,-22.8334],[-66.5152,-22.829],[-66.4896,-22.8002],[-66.4619,-22.802],[-66.4363,-22.7679],[-66.4316,-22.7286],[-66.3567,-22.7675],[-66.3123,-22.695],[-66.2584,-22.6908],[-66.2232,-22.7103],[-66.188,-22.6762],[-66.1253,-22.6803],[-66.0529,-22.6583],[-65.9995,-22.5896],[-65.9213,-22.6207],[-65.891,-22.5771],[-65.8386,-22.5376],[-65.8285,-22.4387],[-65.9861,-22.4033]]]}},{"type":"Feature","properties":{"zid":"34063"},"geometry":{"type":"Polygon","coordinates":[[[-61.8518,-23.0945],[-61.9069,-23.0685],[-61.9347,-23.0677],[-61.9516,-23.0338],[-61.9871,-23.017],[-61.9959,-22.9515],[-62.0271,-22.9175],[-62.0361,-22.8781],[-62.0722,-22.8467],[-62.0987,-22.8056],[-62.1592,-22.7585],[-62.1604,-22.7334],[-62.1956,-22.6933],[-62.1925,-22.6533],[-62.2622,-22.6041],[-62.2338,-22.5709],[-62.2517,-22.5155],[-62.2892,-22.5178],[-62.2948,-22.4759],[-62.3423,-22.4609],[-62.3416,-22.8887],[-62.342,-23.4954],[-61.8439,-23.4929],[-61.8518,-23.0945]]]}},{"type":"Feature","properties":{"zid":"06277"},"geometry":{"type":"Polygon","coordinates":[[[-62.3482,-34.6538],[-62.5848,-34.6107],[-62.6222,-34.6325],[-62.6067,-34.9967],[-62.6106,-35.0227],[-62.5486,-35.0739],[-62.4714,-35.0107],[-62.2852,-35.1638],[-62.2706,-35.1518],[-62.1662,-35.0671],[-62.1854,-35.0507],[-62.1046,-34.9847],[-62.1852,-34.9178],[-62.2226,-34.8548],[-62.2831,-34.8568],[-62.2856,-34.8135],[-62.2402,-34.762],[-62.2638,-34.7431],[-62.1882,-34.6827],[-62.3482,-34.6538]]]}},{"type":"Feature","properties":{"zid":"22126"},"geometry":{"type":"Polygon","coordinates":[[[-58.7728,-27.3782],[-58.7633,-27.3166],[-58.7341,-27.2841],[-58.7704,-27.2212],[-58.8114,-27.1726],[-58.8703,-27.1354],[-58.9399,-27.1164],[-58.9572,-27.0847],[-58.9533,-26.8687],[-59.1546,-26.8698],[-59.17,-26.8997],[-59.0282,-27.0274],[-59.172,-27.1545],[-59.0705,-27.2488],[-59.0626,-27.2831],[-59.0286,-27.2834],[-58.9712,-27.3342],[-58.8689,-27.4265],[-58.8749,-27.4886],[-58.8086,-27.4237],[-58.7728,-27.3782]]]}},{"type":"Feature","properties":{"zid":"22105"},"geometry":{"type":"Polygon","coordinates":[[[-61.3322,-26.6583],[-61.7125,-26.6536],[-61.7125,-26.7551],[-61.4433,-26.9419],[-61.1621,-27.1337],[-60.8207,-27.3663],[-60.8199,-27.3099],[-60.9059,-27.252],[-60.817,-27.1424],[-61.2151,-26.8704],[-61.1897,-26.8407],[-61.3357,-26.8391],[-61.3322,-26.6583]]]}},{"type":"Feature","properties":{"zid":"22140"},"geometry":{"type":"Polygon","coordinates":[[[-58.8749,-27.4886],[-58.8689,-27.4265],[-58.9712,-27.3342],[-59.1152,-27.4613],[-59.1723,-27.4106],[-59.2172,-27.4485],[-59.4041,-27.4521],[-59.4038,-27.4676],[-59.4036,-27.8407],[-59.4012,-28.0001],[-58.884,-28],[-58.8937,-28.0353],[-58.8808,-28.0668],[-58.8293,-27.9619],[-58.8432,-27.8763],[-58.8097,-27.7834],[-58.8225,-27.6729],[-58.8244,-27.6694],[-58.8827,-27.6085],[-58.8714,-27.5799],[-58.8812,-27.5287],[-58.8749,-27.4886]]]}},{"type":"Feature","properties":{"zid":"22147"},"geometry":{"type":"Polygon","coordinates":[[[-60.2154,-27.7381],[-60.2129,-27.2851],[-60.2123,-27.1161],[-60.2725,-27.0949],[-60.413,-27.0454],[-60.5134,-27.0098],[-60.5184,-27.4648],[-60.4678,-27.4652],[-60.4692,-27.6459],[-60.5233,-27.6456],[-60.5219,-27.7372],[-60.2154,-27.7381]]]}},{"type":"Feature","properties":{"zid":"22039"},"geometry":{"type":"Polygon","coordinates":[[[-61.0194,-27.6349],[-61.0223,-27.4782],[-61.5712,-27.4802],[-61.5693,-27.7142],[-61.5683,-27.7948],[-61.2401,-27.7942],[-61.2405,-27.7056],[-61.1295,-27.7055],[-61.1298,-27.6353],[-61.0194,-27.6349]]]}},{"type":"Feature","properties":{"zid":"06434"},"geometry":{"type":"Polygon","coordinates":[[[-58.4025,-34.66],[-58.4469,-34.6888],[-58.4133,-34.7329],[-58.347,-34.7393],[-58.3335,-34.727],[-58.4025,-34.66]]]}},{"type":"Feature","properties":{"zid":"06490"},"geometry":{"type":"Polygon","coordinates":[[[-58.347,-34.7393],[-58.4133,-34.7329],[-58.4469,-34.6888],[-58.4617,-34.7051],[-58.5008,-34.723],[-58.4305,-34.8172],[-58.3366,-34.7544],[-58.347,-34.7393]]]}},{"type":"Feature","properties":{"zid":"06035"},"geometry":{"type":"Polygon","coordinates":[[[-58.2796,-34.6786],[-58.3419,-34.6311],[-58.4025,-34.66],[-58.3335,-34.727],[-58.2796,-34.6786]]]}},{"type":"Feature","properties":{"zid":"22168"},"geometry":{"type":"Polygon","coordinates":[[[-59.8036,-26.5309],[-59.8035,-26.3193],[-59.8535,-26.3042],[-60.0015,-26.3036],[-60.0057,-26.703],[-60.0886,-26.6738],[-60.2725,-27.0949],[-60.2123,-27.1161],[-60.2129,-27.2851],[-60.0113,-27.2864],[-60.0111,-27.1963],[-60.0372,-27.1776],[-59.8541,-26.7553],[-59.8539,-26.7108],[-59.8525,-26.5302],[-59.8036,-26.5309]]]}},{"type":"Feature","properties":{"zid":"22077"},"geometry":{"type":"Polygon","coordinates":[[[-58.9712,-27.3342],[-59.0286,-27.2834],[-59.0626,-27.2831],[-59.0705,-27.2488],[-59.172,-27.1545],[-59.269,-27.248],[-59.3174,-27.2821],[-59.4597,-27.41],[-59.581,-27.2985],[-59.5822,-27.4681],[-59.4038,-27.4676],[-59.4041,-27.4521],[-59.2172,-27.4485],[-59.1723,-27.4106],[-59.1152,-27.4613],[-58.9712,-27.3342]]]}},{"type":"Feature","properties":{"zid":"22021"},"geometry":{"type":"Polygon","coordinates":[[[-60.2287,-26.6243],[-60.5084,-26.5252],[-60.6945,-26.946],[-60.6148,-26.9741],[-60.5134,-27.0098],[-60.413,-27.0454],[-60.2287,-26.6243]]]}},{"type":"Feature","properties":{"zid":"22049"},"geometry":{"type":"Polygon","coordinates":[[[-60.8156,-27.055],[-60.8162,-26.9023],[-60.8514,-26.8899],[-60.8831,-26.927],[-60.9927,-26.842],[-60.99,-26.6613],[-61.3322,-26.6583],[-61.3357,-26.8391],[-61.1897,-26.8407],[-61.2151,-26.8704],[-60.817,-27.1424],[-60.8156,-27.055]]]}},{"type":"Feature","properties":{"zid":"22056"},"geometry":{"type":"Polygon","coordinates":[[[-59.172,-27.1545],[-59.0282,-27.0274],[-59.17,-26.8997],[-59.3018,-27.0159],[-59.3011,-26.9821],[-59.3515,-26.9823],[-59.3511,-27.0273],[-59.4029,-27.0124],[-59.5538,-27.0129],[-59.5543,-27.2399],[-59.5965,-27.2842],[-59.581,-27.2985],[-59.4597,-27.41],[-59.3174,-27.2821],[-59.269,-27.248],[-59.172,-27.1545]]]}},{"type":"Feature","properties":{"zid":"06441"},"geometry":{"type":"Polygon","coordinates":[[[-57.9318,-34.9035],[-58.0836,-34.8351],[-58.208,-34.942],[-58.2111,-34.9518],[-58.2772,-35.0094],[-58.2466,-35.0483],[-58.1614,-34.9718],[-58.1204,-35.0044],[-58.1773,-35.0572],[-58.1018,-35.1012],[-58.0181,-35.1681],[-58.0775,-35.22],[-58.0541,-35.2368],[-57.9681,-35.1597],[-57.7524,-34.9707],[-57.8033,-34.9642],[-57.8959,-34.9304],[-57.9318,-34.9035]]]}},{"type":"Feature","properties":{"zid":"38070"},"geometry":{"type":"Polygon","coordinates":[[[-64.158,-24.1548],[-64.1508,-24.1364],[-64.161,-24.0706],[-64.1571,-23.518],[-64.3543,-23.518],[-64.4311,-23.6335],[-64.5102,-23.6996],[-64.5665,-23.7279],[-64.5722,-23.7883],[-64.6103,-23.8151],[-64.665,-23.9315],[-64.6629,-23.9596],[-64.6866,-24.0162],[-64.7157,-24.0558],[-64.7198,-24.0984],[-64.6929,-24.1655],[-64.6931,-24.2095],[-64.7183,-24.2768],[-64.7415,-24.3106],[-64.6915,-24.3351],[-64.614,-24.3342],[-64.5777,-24.3205],[-64.5206,-24.3272],[-64.5478,-24.4346],[-64.5226,-24.4623],[-64.5326,-24.5048],[-64.5019,-24.5058],[-64.4768,-24.4626],[-64.4358,-24.4409],[-64.4217,-24.4022],[-64.3175,-24.427],[-64.252,-24.3642],[-64.18,-24.2636],[-64.158,-24.1548]]]}},{"type":"Feature","properties":{"zid":"10091"},"geometry":{"type":"Polygon","coordinates":[[[-66.1814,-26.1352],[-66.2304,-26.1497],[-66.2431,-26.177],[-66.293,-26.2293],[-66.342,-26.3423],[-66.382,-26.4168],[-66.4453,-26.3744],[-66.4526,-26.4418],[-66.4799,-26.4964],[-66.4595,-26.5341],[-66.5374,-26.5294],[-66.5689,-26.5604],[-66.5914,-26.6709],[-66.6207,-26.722],[-66.6676,-26.7466],[-66.6219,-26.8191],[-66.6084,-26.8706],[-66.5737,-26.8985],[-66.5866,-26.9301],[-66.5752,-26.9582],[-66.5893,-27.0055],[-66.6111,-27.0226],[-66.5859,-27.0973],[-66.4502,-27.133],[-66.367,-27.201],[-66.2547,-27.1535],[-66.1941,-27.219],[-66.1342,-27.2485],[-66.1341,-27.2477],[-66.11,-27.2155],[-66.0793,-27.2088],[-66.0549,-27.1453],[-65.991,-27.1056],[-65.9728,-27.054],[-65.9653,-27.0346],[-65.9153,-27.0123],[-65.8898,-26.9698],[-65.8576,-26.9013],[-65.8882,-26.8807],[-65.8935,-26.841],[-65.8576,-26.7663],[-65.8343,-26.7366],[-66.0422,-26.6004],[-66.1712,-26.6312],[-66.1761,-26.5778],[-66.1639,-26.5383],[-66.1768,-26.4847],[-66.1537,-26.4365],[-66.1558,-26.3973],[-66.124,-26.3866],[-66.1143,-26.3436],[-66.1191,-26.2674],[-66.0941,-26.2486],[-66.0998,-26.2205],[-66.1423,-26.1593],[-66.1795,-26.1349],[-66.1814,-26.1352]]]}},{"type":"Feature","properties":{"zid":"10098"},"geometry":{"type":"Polygon","coordinates":[[[-65.1708,-27.9465],[-65.3647,-27.8458],[-65.4362,-27.8865],[-65.5013,-27.926],[-65.5197,-27.9619],[-65.5609,-28.0064],[-65.5763,-28.0839],[-65.5623,-28.1224],[-65.5829,-28.1433],[-65.572,-28.232],[-65.5006,-28.2313],[-65.4507,-28.1819],[-65.4014,-28.2072],[-65.2884,-28.2297],[-65.2451,-28.2794],[-65.2015,-28.2999],[-65.1775,-28.333],[-65.1052,-28.3222],[-65.1096,-28.2408],[-65.1124,-28.1867],[-65.1708,-27.9465]]]}},{"type":"Feature","properties":{"zid":"10070"},"geometry":{"type":"Polygon","coordinates":[[[-65.1882,-28.6184],[-65.2054,-28.6067],[-65.2707,-28.6033],[-65.2826,-28.6409],[-65.3154,-28.6327],[-65.3122,-28.7042],[-65.3411,-28.6971],[-65.3809,-28.7984],[-65.3111,-28.8163],[-65.3147,-28.8582],[-65.3668,-28.935],[-65.3702,-29.0166],[-65.3834,-29.1035],[-65.4167,-29.1456],[-65.4483,-29.1497],[-65.477,-29.2136],[-65.4997,-29.2286],[-65.4935,-29.2646],[-65.5167,-29.3362],[-65.5061,-29.3966],[-65.5321,-29.4718],[-65.5362,-29.5157],[-65.5213,-29.6051],[-65.5905,-29.7182],[-65.5448,-29.8277],[-65.423,-30.1196],[-65.1583,-30.0473],[-64.986,-29.8911],[-64.9379,-29.8475],[-64.9641,-29.5961],[-64.8246,-29.5743],[-64.8312,-29.5124],[-64.8167,-29.4527],[-64.7879,-29.4006],[-64.8426,-29.3337],[-64.8247,-29.2738],[-64.7812,-29.2655],[-64.8376,-29.2286],[-64.8545,-29.1974],[-64.8544,-29.0703],[-64.8637,-29.0161],[-64.9066,-28.9324],[-64.912,-28.8866],[-64.9011,-28.8413],[-64.9386,-28.8057],[-64.9773,-28.7892],[-65.0166,-28.7378],[-65.1268,-28.7162],[-65.1391,-28.657],[-65.1882,-28.6184]]]}},{"type":"Feature","properties":{"zid":"10063"},"geometry":{"type":"Polygon","coordinates":[[[-65.6658,-28.422],[-65.666,-28.3476],[-65.7193,-28.2705],[-65.7293,-28.2329],[-65.8145,-28.263],[-65.7584,-28.3858],[-65.7285,-28.3872],[-65.7275,-28.4295],[-65.6876,-28.4404],[-65.6658,-28.422]]]}},{"type":"Feature","properties":{"zid":"10035"},"geometry":{"type":"Polygon","coordinates":[[[-66.8014,-26.0165],[-66.8466,-25.9701],[-66.8524,-25.9186],[-66.9195,-25.9446],[-66.9095,-25.9868],[-66.8811,-25.9974],[-66.8241,-26.0757],[-66.8498,-26.1093],[-66.9077,-26.1185],[-66.9223,-26.1013],[-66.9637,-26.1381],[-66.9896,-26.1964],[-66.9957,-26.254],[-67.019,-26.3275],[-67.035,-26.3297],[-67.034,-26.3975],[-67.046,-26.4207],[-67.048,-26.5014],[-67.0905,-26.6137],[-67.1606,-26.6252],[-67.1826,-26.6679],[-67.2845,-26.7051],[-67.2256,-26.7394],[-67.1527,-26.823],[-67.1522,-26.8422],[-67.2007,-26.9128],[-67.2507,-26.9442],[-67.2506,-26.9756],[-67.2784,-27.0101],[-67.2776,-27.046],[-67.2955,-27.0896],[-67.2657,-27.1634],[-67.2822,-27.2337],[-67.2741,-27.2589],[-67.295,-27.2911],[-67.2612,-27.353],[-67.3099,-27.3759],[-67.2942,-27.3981],[-67.3003,-27.4402],[-67.2422,-27.4742],[-67.2895,-27.527],[-67.3186,-27.5771],[-67.3426,-27.658],[-67.3395,-27.6861],[-67.3063,-27.7321],[-67.3178,-27.7805],[-67.348,-27.7932],[-67.3639,-27.8321],[-67.3432,-27.9427],[-67.3512,-28.0348],[-67.2647,-28.0553],[-67.2311,-28.0314],[-66.8446,-28.0346],[-66.7405,-28.035],[-66.7402,-28.0191],[-66.7388,-27.7895],[-66.7704,-27.7687],[-66.7424,-27.7222],[-66.7148,-27.7036],[-66.7165,-27.6747],[-66.7427,-27.6451],[-66.7103,-27.5979],[-66.7352,-27.5519],[-66.6457,-27.491],[-66.6377,-27.4509],[-66.6105,-27.4246],[-66.6306,-27.3702],[-66.6135,-27.3149],[-66.6232,-27.2816],[-66.5475,-27.248],[-66.5575,-27.1856],[-66.5741,-27.1591],[-66.5859,-27.0973],[-66.6111,-27.0226],[-66.5893,-27.0055],[-66.5752,-26.9582],[-66.5866,-26.9301],[-66.5737,-26.8985],[-66.6084,-26.8706],[-66.6219,-26.8191],[-66.6676,-26.7466],[-66.6207,-26.722],[-66.5914,-26.6709],[-66.5689,-26.5604],[-66.5374,-26.5294],[-66.4595,-26.5341],[-66.4799,-26.4964],[-66.4526,-26.4418],[-66.4453,-26.3744],[-66.4775,-26.3593],[-66.5399,-26.3532],[-66.5566,-26.3105],[-66.5571,-26.2542],[-66.5749,-26.2139],[-66.5734,-26.1764],[-66.6593,-26.1072],[-66.6609,-26.0767],[-66.7222,-26.0795],[-66.8014,-26.0165]]]}},{"type":"Feature","properties":{"zid":"10049"},"geometry":{"type":"Polygon","coordinates":[[[-65.7275,-28.4295],[-65.7285,-28.3872],[-65.7584,-28.3858],[-65.8145,-28.263],[-65.8373,-28.2966],[-65.9515,-28.3374],[-65.9489,-28.4134],[-65.9192,-28.438],[-65.8978,-28.4824],[-65.7916,-28.5579],[-65.7698,-28.4873],[-65.7305,-28.4552],[-65.7275,-28.4295]]]}},{"type":"Feature","properties":{"zid":"10014"},"geometry":{"type":"Polygon","coordinates":[[[-65.2707,-28.6033],[-65.3174,-28.589],[-65.4159,-28.663],[-65.4543,-28.6601],[-65.503,-28.618],[-65.6111,-28.5971],[-65.6215,-28.5706],[-65.631,-28.6151],[-65.675,-28.6886],[-65.6524,-28.789],[-65.6824,-28.8319],[-65.6458,-28.8961],[-65.6238,-28.9885],[-65.6044,-29.0239],[-65.5959,-29.1063],[-65.5991,-29.1837],[-65.6119,-29.2122],[-65.607,-29.2639],[-65.5627,-29.363],[-65.5475,-29.4132],[-65.5629,-29.4756],[-65.5614,-29.5178],[-65.5213,-29.6051],[-65.5362,-29.5157],[-65.5321,-29.4718],[-65.5061,-29.3966],[-65.5167,-29.3362],[-65.4935,-29.2646],[-65.4997,-29.2286],[-65.477,-29.2136],[-65.4483,-29.1497],[-65.4167,-29.1456],[-65.3834,-29.1035],[-65.3702,-29.0166],[-65.3668,-28.935],[-65.3147,-28.8582],[-65.3111,-28.8163],[-65.3809,-28.7984],[-65.3411,-28.6971],[-65.3122,-28.7042],[-65.3154,-28.6327],[-65.2826,-28.6409],[-65.2707,-28.6033]]]}},{"type":"Feature","properties":{"zid":"10084"},"geometry":{"type":"Polygon","coordinates":[[[-66.084,-27.7827],[-66.1147,-27.8071],[-66.1841,-27.8297],[-66.2543,-27.8245],[-66.2656,-27.8694],[-66.3851,-27.8691],[-66.4916,-28.0205],[-66.7402,-28.0191],[-66.7405,-28.035],[-66.8446,-28.0346],[-67.0302,-28.2602],[-66.9426,-28.2662],[-66.5708,-28.2886],[-66.5152,-28.4625],[-66.5309,-28.5315],[-66.4963,-28.5313],[-66.4962,-28.6223],[-66.396,-28.677],[-66.3526,-28.7328],[-66.4112,-28.8163],[-66.3668,-28.7983],[-66.3377,-28.8032],[-66.3101,-28.7352],[-66.2979,-28.6811],[-66.2651,-28.631],[-66.1996,-28.6214],[-66.1777,-28.5575],[-66.1502,-28.548],[-66.1278,-28.4975],[-66.082,-28.4796],[-66.0853,-28.4532],[-66.044,-28.4392],[-66.0602,-28.4002],[-66.0444,-28.3528],[-66.0565,-28.3109],[-66.0281,-28.2405],[-66.0221,-28.1996],[-66.0387,-28.1712],[-66.0291,-28.1362],[-66.0873,-28.0149],[-66.0961,-27.9728],[-66.0502,-27.9084],[-66.0867,-27.8259],[-66.084,-27.7827]]]}},{"type":"Feature","properties":{"zid":"10042"},"geometry":{"type":"Polygon","coordinates":[[[-65.7916,-28.5579],[-65.8978,-28.4824],[-65.9192,-28.438],[-65.9489,-28.4134],[-65.9515,-28.3374],[-65.9849,-28.3516],[-66.0444,-28.3528],[-66.0602,-28.4002],[-66.044,-28.4392],[-66.0853,-28.4532],[-66.082,-28.4796],[-66.1278,-28.4975],[-66.1502,-28.548],[-66.1777,-28.5575],[-66.1996,-28.6214],[-66.2651,-28.631],[-66.2979,-28.6811],[-66.3101,-28.7352],[-66.3377,-28.8032],[-66.3668,-28.7983],[-66.4112,-28.8163],[-66.3917,-28.8679],[-66.368,-28.8664],[-66.0997,-28.9444],[-65.9478,-29.0774],[-65.9265,-29.0822],[-65.8174,-29.1789],[-65.8162,-29.2698],[-65.7483,-29.2697],[-65.7173,-29.3286],[-65.7192,-29.4099],[-65.5905,-29.7182],[-65.5213,-29.6051],[-65.5614,-29.5178],[-65.5629,-29.4756],[-65.5475,-29.4132],[-65.5627,-29.363],[-65.607,-29.2639],[-65.6119,-29.2122],[-65.5991,-29.1837],[-65.5959,-29.1063],[-65.6044,-29.0239],[-65.6238,-28.9885],[-65.6458,-28.8961],[-65.6824,-28.8319],[-65.6899,-28.7887],[-65.7354,-28.7584],[-65.8096,-28.7583],[-65.8515,-28.7469],[-65.7942,-28.6703],[-65.8091,-28.6359],[-65.7916,-28.5579]]]}},{"type":"Feature","properties":{"zid":"10021"},"geometry":{"type":"Polygon","coordinates":[[[-66.1342,-27.2485],[-66.1941,-27.219],[-66.2547,-27.1535],[-66.367,-27.201],[-66.4502,-27.133],[-66.5859,-27.0973],[-66.5741,-27.1591],[-66.5575,-27.1856],[-66.5475,-27.248],[-66.6232,-27.2816],[-66.6135,-27.3149],[-66.6306,-27.3702],[-66.6105,-27.4246],[-66.6377,-27.4509],[-66.6457,-27.491],[-66.7352,-27.5519],[-66.7103,-27.5979],[-66.7427,-27.6451],[-66.7165,-27.6747],[-66.7148,-27.7036],[-66.7424,-27.7222],[-66.7704,-27.7687],[-66.7388,-27.7895],[-66.7402,-28.0191],[-66.4916,-28.0205],[-66.3851,-27.8691],[-66.2656,-27.8694],[-66.2543,-27.8245],[-66.1841,-27.8297],[-66.1147,-27.8071],[-66.084,-27.7827],[-66.0334,-27.7788],[-65.9824,-27.753],[-65.9879,-27.7241],[-65.9708,-27.6838],[-65.9743,-27.6387],[-65.9394,-27.6176],[-65.9644,-27.5456],[-65.9747,-27.4582],[-65.975,-27.454],[-65.9675,-27.3991],[-65.9717,-27.3338],[-66.03,-27.2979],[-66.0764,-27.2887],[-66.1341,-27.249],[-66.1342,-27.2485]]]}},{"type":"Feature","properties":{"zid":"10007"},"geometry":{"type":"Polygon","coordinates":[[[-65.8064,-27.8164],[-65.8287,-27.8204],[-65.8759,-27.6724],[-65.9154,-27.6691],[-65.9394,-27.6176],[-65.9743,-27.6387],[-65.9708,-27.6838],[-65.9879,-27.7241],[-65.9824,-27.753],[-66.0334,-27.7788],[-66.084,-27.7827],[-66.0867,-27.8259],[-66.0502,-27.9084],[-66.0961,-27.9728],[-66.0873,-28.0149],[-66.0291,-28.1362],[-66.0387,-28.1712],[-66.0221,-28.1996],[-66.0281,-28.2405],[-66.0565,-28.3109],[-66.0444,-28.3528],[-65.9849,-28.3516],[-65.9515,-28.3374],[-65.8373,-28.2966],[-65.8145,-28.263],[-65.7293,-28.2329],[-65.7419,-28.2111],[-65.7559,-28.1021],[-65.791,-28.0333],[-65.7662,-28.023],[-65.7839,-27.9264],[-65.8074,-27.8823],[-65.8064,-27.8164]]]}},{"type":"Feature","properties":{"zid":"10077"},"geometry":{"type":"Polygon","coordinates":[[[-65.5609,-28.0064],[-65.6663,-27.9732],[-65.6747,-27.9285],[-65.6989,-27.8896],[-65.7064,-27.8136],[-65.7554,-27.7707],[-65.793,-27.7826],[-65.8064,-27.8164],[-65.8074,-27.8823],[-65.7839,-27.9264],[-65.7662,-28.023],[-65.791,-28.0333],[-65.7559,-28.1021],[-65.7419,-28.2111],[-65.7293,-28.2329],[-65.7193,-28.2705],[-65.666,-28.3476],[-65.6658,-28.422],[-65.5623,-28.4217],[-65.5519,-28.3709],[-65.5592,-28.3066],[-65.5732,-28.2876],[-65.572,-28.232],[-65.5829,-28.1433],[-65.5623,-28.1224],[-65.5763,-28.0839],[-65.5609,-28.0064]]]}},{"type":"Feature","properties":{"zid":"10056"},"geometry":{"type":"Polygon","coordinates":[[[-65.1052,-28.3222],[-65.1775,-28.333],[-65.2015,-28.2999],[-65.2451,-28.2794],[-65.2884,-28.2297],[-65.4014,-28.2072],[-65.4507,-28.1819],[-65.5006,-28.2313],[-65.572,-28.232],[-65.5732,-28.2876],[-65.5592,-28.3066],[-65.5519,-28.3709],[-65.5623,-28.4217],[-65.604,-28.4934],[-65.6015,-28.5211],[-65.6215,-28.5706],[-65.6111,-28.5971],[-65.503,-28.618],[-65.4543,-28.6601],[-65.4159,-28.663],[-65.3174,-28.589],[-65.2707,-28.6033],[-65.2054,-28.6067],[-65.1882,-28.6184],[-65.1259,-28.6115],[-65.0971,-28.4709],[-65.1052,-28.3222]]]}},{"type":"Feature","properties":{"zid":"10112"},"geometry":{"type":"Polygon","coordinates":[[[-65.6215,-28.5706],[-65.6015,-28.5211],[-65.604,-28.4934],[-65.5623,-28.4217],[-65.6658,-28.422],[-65.6876,-28.4404],[-65.7275,-28.4295],[-65.7305,-28.4552],[-65.7698,-28.4873],[-65.7916,-28.5579],[-65.8091,-28.6359],[-65.7942,-28.6703],[-65.8515,-28.7469],[-65.8096,-28.7583],[-65.7354,-28.7584],[-65.6899,-28.7887],[-65.6824,-28.8319],[-65.6524,-28.789],[-65.675,-28.6886],[-65.631,-28.6151],[-65.6215,-28.5706]]]}},{"type":"Feature","properties":{"zid":"78021"},"geometry":{"type":"Polygon","coordinates":[[[-70.646,-50.7368],[-71.2069,-50.7203],[-71.9257,-50.6959],[-72.2983,-50.6821],[-72.3495,-50.7543],[-72.3014,-50.7869],[-72.2616,-50.8365],[-72.2484,-50.8776],[-72.2672,-50.9649],[-72.2657,-51.0352],[-72.3742,-51.0232],[-72.3762,-51.08],[-72.4091,-51.1075],[-72.3957,-51.1454],[-72.3482,-51.2039],[-72.2587,-51.2442],[-72.2737,-51.286],[-72.3574,-51.3179],[-72.3261,-51.3457],[-72.3098,-51.4015],[-72.3383,-51.4248],[-72.3535,-51.4971],[-72.431,-51.5545],[-72.4414,-51.5853],[-72.3383,-51.5841],[-72.2877,-51.6696],[-72.2988,-51.6977],[-72.1999,-51.713],[-72.1842,-51.7358],[-72.13,-51.7433],[-72.0107,-51.8202],[-71.9418,-51.8848],[-71.9389,-51.9087],[-72.0267,-51.9558],[-71.9225,-51.9999],[-71.2992,-51.9995],[-70.6683,-51.9993],[-69.9955,-52.0007],[-69.486,-52.1514],[-69.19,-52.1501],[-69.0786,-52.1851],[-68.9869,-52.2036],[-68.838,-52.2777],[-68.7097,-52.2855],[-68.586,-52.3067],[-68.5735,-52.3252],[-68.4186,-52.3325],[-68.3525,-52.3226],[-68.433,-52.2431],[-68.5818,-52.1102],[-68.7086,-51.9811],[-68.7622,-51.9127],[-68.8521,-51.7759],[-68.9211,-51.6915],[-68.9553,-51.6291],[-69.0138,-51.6071],[-69.1123,-51.6468],[-69.2497,-51.6004],[-69.3218,-51.5871],[-69.4542,-51.6068],[-69.5177,-51.593],[-69.3905,-51.5577],[-69.2892,-51.5588],[-69.1546,-51.6014],[-69.0899,-51.591],[-69.06,-51.5672],[-68.9461,-51.5505],[-68.9936,-51.456],[-69.0791,-51.2234],[-69.1185,-51.1403],[-69.1558,-50.997],[-69.1738,-50.9761],[-69.2976,-51.0222],[-69.3745,-51.0707],[-69.3824,-51.0368],[-69.3212,-50.9884],[-69.2315,-50.9588],[-69.165,-50.9093],[-69.132,-50.8996],[-69.1385,-50.7656],[-69.965,-50.7523],[-70.646,-50.7368]]]}},{"type":"Feature","properties":{"zid":"06630"},"geometry":{"type":"Polygon","coordinates":[[[-58.165,-35.8676],[-58.223,-35.8195],[-58.2638,-35.8231],[-58.2825,-35.8607],[-58.3289,-35.8997],[-58.5719,-36.121],[-58.7075,-36.0173],[-58.8085,-36.101],[-58.8413,-36.1414],[-58.7631,-36.2083],[-58.7829,-36.2258],[-58.5975,-36.3637],[-58.5791,-36.3474],[-58.4372,-36.4521],[-58.2131,-36.6155],[-58.1017,-36.5208],[-58.1894,-36.4524],[-57.9873,-36.2774],[-57.9717,-36.264],[-57.9597,-36.2529],[-58.0932,-36.1548],[-58.041,-36.1261],[-57.9668,-36.0646],[-58.0043,-36.0421],[-58.0339,-36.0006],[-58.0166,-35.945],[-58.0895,-35.9506],[-58.165,-35.8676]]]}},{"type":"Feature","properties":{"zid":"50014"},"geometry":{"type":"Polygon","coordinates":[[[-66.7564,-34.512],[-66.815,-34.4902],[-66.8723,-34.5127],[-66.9211,-34.5154],[-66.943,-34.5369],[-67.0271,-34.5562],[-67.1039,-34.5637],[-67.2087,-34.5639],[-67.2486,-34.5438],[-67.3779,-34.5404],[-67.4264,-34.5589],[-67.5583,-34.5334],[-67.6395,-34.5347],[-67.6344,-34.5605],[-67.6662,-34.6269],[-67.6853,-34.7396],[-67.681,-34.763],[-67.7232,-34.9748],[-67.6937,-35.0165],[-67.7112,-35.0534],[-67.713,-35.1285],[-67.7293,-35.1515],[-67.728,-35.2094],[-67.6807,-35.2538],[-67.6717,-35.2965],[-67.6451,-35.3166],[-67.6518,-35.3715],[-67.5935,-35.4569],[-67.5432,-35.4835],[-67.5075,-35.5436],[-67.4795,-35.5654],[-67.4725,-35.5989],[-67.4142,-35.6555],[-67.4167,-35.6997],[-67.3797,-35.7628],[-67.2839,-35.8496],[-67.235,-35.9151],[-67.1949,-35.9993],[-67.1329,-35.9991],[-67.1325,-35.9991],[-66.6378,-36.0006],[-66.6188,-35.9642],[-66.6222,-35.8484],[-66.5807,-35.7686],[-66.5806,-35.7038],[-66.5477,-35.6388],[-66.5703,-35.582],[-66.5392,-35.562],[-66.5174,-35.4701],[-66.53,-35.4453],[-66.5123,-35.3992],[-66.4956,-35.3112],[-66.5195,-35.2743],[-66.4842,-35.2408],[-66.497,-35.1958],[-66.4781,-35.1397],[-66.5266,-35.049],[-66.5226,-35.0198],[-66.5451,-34.9674],[-66.5255,-34.951],[-66.5544,-34.8922],[-66.5657,-34.826],[-66.6025,-34.8021],[-66.6067,-34.7741],[-66.6479,-34.744],[-66.6473,-34.7434],[-66.6383,-34.7247],[-66.6907,-34.6745],[-66.7039,-34.6237],[-66.7652,-34.5509],[-66.7563,-34.5121],[-66.7564,-34.512]]]}},{"type":"Feature","properties":{"zid":"50112"},"geometry":{"type":"Polygon","coordinates":[[[-67.5815,-33.0533],[-67.7989,-33.0231],[-67.9587,-33.0108],[-67.9568,-32.837],[-68.1231,-32.8387],[-68.1256,-33.0001],[-68.1863,-33.0003],[-68.2826,-33.0566],[-68.2826,-33.1959],[-68.2865,-33.233],[-68.2868,-33.4782],[-68.2927,-33.7476],[-68.2917,-34.02],[-68.3753,-34.0235],[-68.4543,-34.0414],[-68.4508,-34.2121],[-68.4238,-34.2221],[-68.3494,-34.1806],[-68.2571,-34.1764],[-68.2021,-34.207],[-68.0094,-34.2033],[-67.6478,-34.2011],[-67.5645,-34.1019],[-67.5012,-34.1013],[-67.5063,-33.7679],[-67.705,-33.7731],[-67.7096,-33.4508],[-67.7181,-33.4461],[-67.6689,-33.348],[-67.6561,-33.348],[-67.5815,-33.0533]]]}},{"type":"Feature","properties":{"zid":"50070"},"geometry":{"type":"Polygon","coordinates":[[[-68.5728,-33.0476],[-68.5291,-32.972],[-68.4984,-32.9555],[-68.4678,-32.9119],[-68.456,-32.8691],[-68.6024,-32.8389],[-68.6506,-32.859],[-68.6742,-32.9357],[-68.7199,-32.9473],[-68.8041,-32.9273],[-68.8299,-32.9603],[-68.8159,-32.9723],[-68.8405,-33.026],[-68.8246,-33.0631],[-68.7876,-33.0541],[-68.7048,-33.1151],[-68.6183,-33.0977],[-68.5728,-33.0476]]]}},{"type":"Feature","properties":{"zid":"50098"},"geometry":{"type":"Polygon","coordinates":[[[-67.9568,-32.837],[-67.9593,-32.7204],[-68.2982,-32.7176],[-68.3282,-32.7227],[-68.3682,-32.7689],[-68.461,-32.8233],[-68.456,-32.8691],[-68.4678,-32.9119],[-68.4984,-32.9555],[-68.5291,-32.972],[-68.5728,-33.0476],[-68.5639,-33.0731],[-68.5097,-33.1013],[-68.4898,-33.0884],[-68.3521,-33.1511],[-68.2826,-33.1959],[-68.2826,-33.0566],[-68.1863,-33.0003],[-68.1256,-33.0001],[-68.1231,-32.8387],[-67.9568,-32.837]]]}},{"type":"Feature","properties":{"zid":"50084"},"geometry":{"type":"Polygon","coordinates":[[[-68.2865,-33.233],[-68.3769,-33.2097],[-68.4443,-33.1628],[-68.4799,-33.1505],[-68.5509,-33.1555],[-68.6444,-33.1975],[-68.6813,-33.2512],[-68.7202,-33.2946],[-68.7344,-33.3469],[-68.8035,-33.3947],[-68.8766,-33.4351],[-68.8844,-33.4566],[-68.9452,-33.4747],[-68.9849,-33.5005],[-68.9989,-33.5426],[-68.9941,-33.5477],[-68.5638,-33.7333],[-68.6,-33.488],[-68.2868,-33.4782],[-68.2865,-33.233]]]}},{"type":"Feature","properties":{"zid":"50035"},"geometry":{"type":"Polygon","coordinates":[[[-68.5728,-33.0476],[-68.6183,-33.0977],[-68.6451,-33.1465],[-68.6813,-33.2512],[-68.6444,-33.1975],[-68.5509,-33.1555],[-68.4799,-33.1505],[-68.4443,-33.1628],[-68.3769,-33.2097],[-68.2865,-33.233],[-68.2826,-33.1959],[-68.3521,-33.1511],[-68.4898,-33.0884],[-68.5097,-33.1013],[-68.5639,-33.0731],[-68.5728,-33.0476]]]}},{"type":"Feature","properties":{"zid":"50028"},"geometry":{"type":"Polygon","coordinates":[[[-68.6506,-32.859],[-68.6846,-32.8289],[-68.8203,-32.8739],[-68.8376,-32.9046],[-68.8041,-32.9273],[-68.7199,-32.9473],[-68.6742,-32.9357],[-68.6506,-32.859]]]}},{"type":"Feature","properties":{"zid":"50021"},"geometry":{"type":"Polygon","coordinates":[[[-68.8376,-32.9046],[-68.9582,-32.9034],[-69.0033,-32.9045],[-69.0092,-32.9605],[-68.8299,-32.9603],[-68.8041,-32.9273],[-68.8376,-32.9046]]]}},{"type":"Feature","properties":{"zid":"50007"},"geometry":{"type":"Polygon","coordinates":[[[-68.8203,-32.8739],[-68.8326,-32.862],[-68.9582,-32.8635],[-68.9582,-32.9034],[-68.8376,-32.9046],[-68.8203,-32.8739]]]}},{"type":"Feature","properties":{"zid":"50042"},"geometry":{"type":"Polygon","coordinates":[[[-66.7759,-34.2977],[-66.7843,-34.2326],[-66.7459,-34.2216],[-66.7183,-34.1899],[-66.7239,-34.1156],[-66.708,-34.0255],[-66.6632,-33.9863],[-66.6864,-33.939],[-66.7286,-33.9288],[-66.8012,-33.863],[-66.8733,-33.8329],[-66.8837,-33.7683],[-66.9494,-33.7313],[-66.9737,-33.6893],[-67.0047,-33.6658],[-67.0041,-33.63],[-67.037,-33.6069],[-67.0964,-33.5328],[-67.0943,-33.5084],[-67.1455,-33.4397],[-67.1574,-33.3705],[-67.1522,-33.3268],[-67.1751,-33.2862],[-67.1828,-33.111],[-67.182,-33.1101],[-67.2385,-33.1012],[-67.4901,-33.0618],[-67.5815,-33.0533],[-67.6561,-33.348],[-67.6689,-33.348],[-67.7181,-33.4461],[-67.7096,-33.4508],[-67.705,-33.7731],[-67.5063,-33.7679],[-67.5012,-34.1013],[-67.1516,-34.1105],[-67.1552,-34.2959],[-66.7775,-34.2977],[-66.7759,-34.2977]]]}},{"type":"Feature","properties":{"zid":"50056"},"geometry":{"type":"Polygon","coordinates":[[[-67.3177,-32.382],[-67.3322,-32.3502],[-67.3817,-32.3305],[-67.4286,-32.3268],[-67.4729,-32.3067],[-67.5031,-32.2385],[-67.5233,-32.2295],[-67.5969,-32.2463],[-67.7357,-32.223],[-67.7796,-32.235],[-67.8359,-32.2223],[-67.9281,-32.1557],[-67.9584,-32.0919],[-68.0626,-32.0754],[-68.1597,-32.1186],[-68.2053,-32.1212],[-68.2479,-32.0915],[-68.2929,-32.1318],[-68.301,-32.1392],[-68.4612,-32.1392],[-68.4612,-32.2381],[-68.5116,-32.2634],[-68.502,-32.3366],[-68.522,-32.372],[-68.5762,-32.3844],[-68.6215,-32.4411],[-68.6733,-32.6193],[-68.6614,-32.6794],[-68.6954,-32.7468],[-68.6846,-32.8289],[-68.6506,-32.859],[-68.6024,-32.8389],[-68.456,-32.8691],[-68.461,-32.8233],[-68.3682,-32.7689],[-68.3282,-32.7227],[-68.2982,-32.7176],[-67.9593,-32.7204],[-67.9568,-32.837],[-67.9587,-33.0108],[-67.7989,-33.0231],[-67.5815,-33.0533],[-67.4901,-33.0618],[-67.2385,-33.1012],[-67.182,-33.1101],[-67.1819,-33.11],[-67.1835,-33.087],[-67.1769,-33.0647],[-67.1915,-32.9828],[-67.2104,-32.9459],[-67.232,-32.865],[-67.1887,-32.8357],[-67.167,-32.7628],[-67.1957,-32.6915],[-67.225,-32.6822],[-67.244,-32.6032],[-67.2687,-32.5701],[-67.2936,-32.4956],[-67.2959,-32.4314],[-67.3177,-32.382]]]}},{"type":"Feature","properties":{"zid":"26084"},"geometry":{"type":"Polygon","coordinates":[[[-71.2192,-44.6712],[-71.2083,-44.7532],[-71.2898,-44.8097],[-71.3738,-44.7962],[-71.4694,-44.7376],[-71.5312,-44.743],[-71.6171,-44.777],[-71.7359,-44.7688],[-71.7895,-44.7531],[-71.8503,-44.8003],[-71.9126,-44.7771],[-71.9452,-44.7912],[-72.0573,-44.7564],[-72.0677,-44.788],[-72.0287,-44.8052],[-72.0654,-44.8483],[-72.0505,-44.8817],[-71.9778,-44.9042],[-71.935,-44.9394],[-71.8649,-44.9477],[-71.8172,-44.9198],[-71.745,-44.9566],[-71.6573,-44.9756],[-71.5621,-44.978],[-71.5458,-45.0346],[-71.5066,-45.068],[-71.4701,-45.1488],[-71.4278,-45.1575],[-71.3203,-45.2914],[-71.3332,-45.3198],[-71.3827,-45.3494],[-71.4487,-45.3696],[-71.4555,-45.3862],[-71.5278,-45.3914],[-71.5086,-45.4607],[-71.4743,-45.4961],[-71.5445,-45.5205],[-71.6237,-45.5114],[-71.7402,-45.5414],[-71.7629,-45.5766],[-71.7314,-45.59],[-71.7955,-45.6668],[-71.773,-45.6812],[-71.8014,-45.719],[-71.7543,-45.7706],[-71.7423,-45.8061],[-71.7691,-45.8462],[-71.7156,-45.8552],[-71.6533,-45.8914],[-71.6151,-45.9745],[-71.646,-45.9999],[-69.6566,-45.9999],[-69.6538,-45.8724],[-69.6281,-44.691],[-69.9391,-44.6885],[-70.2656,-44.6857],[-70.896,-44.677],[-71.1692,-44.6721],[-71.2192,-44.6712]]]}},{"type":"Feature","properties":{"zid":"26007"},"geometry":{"type":"Polygon","coordinates":[[[-65.9703,-42],[-65.9336,-42.8705],[-65.4444,-42.859],[-64.8095,-42.8434],[-64.8827,-42.8318],[-64.8899,-42.8141],[-65.0263,-42.7736],[-65.0361,-42.7306],[-64.9959,-42.6971],[-64.9788,-42.6483],[-64.9232,-42.6168],[-64.8339,-42.6106],[-64.7455,-42.5429],[-64.6313,-42.4968],[-64.5633,-42.4915],[-64.401,-42.5172],[-64.3299,-42.5379],[-64.2121,-42.6324],[-64.2486,-42.6819],[-64.2591,-42.7398],[-64.242,-42.7832],[-64.1452,-42.8738],[-64.107,-42.8785],[-63.9806,-42.8502],[-63.7187,-42.8043],[-63.6325,-42.7652],[-63.6398,-42.6998],[-63.5832,-42.6063],[-63.6041,-42.5472],[-63.6085,-42.41],[-63.5984,-42.334],[-63.6086,-42.3023],[-63.6769,-42.2187],[-63.7578,-42.0771],[-63.7976,-42.0721],[-63.8895,-42.0877],[-63.9638,-42.1145],[-64.0751,-42.1783],[-64.1436,-42.1966],[-64.3696,-42.2353],[-64.313,-42.2521],[-64.2421,-42.2347],[-64.1861,-42.2483],[-64.1286,-42.2407],[-64.059,-42.2753],[-64.0426,-42.3465],[-64.0568,-42.3827],[-64.1259,-42.4297],[-64.1795,-42.4177],[-64.2937,-42.4136],[-64.3575,-42.4267],[-64.4773,-42.4383],[-64.5379,-42.425],[-64.6101,-42.4264],[-64.6177,-42.3947],[-64.5667,-42.3377],[-64.5586,-42.3075],[-64.5086,-42.277],[-64.4736,-42.2369],[-64.6142,-42.2308],[-64.8304,-42.1968],[-64.9053,-42.1696],[-64.96,-42.1376],[-65.0426,-42.0603],[-65.0693,-42],[-65.7281,-42],[-65.7502,-42],[-65.9703,-42]]]}},{"type":"Feature","properties":{"zid":"30113"},"geometry":{"type":"Polygon","coordinates":[[[-58.6847,-31.3013],[-58.7825,-31.2699],[-58.7973,-31.2536],[-58.8964,-31.2118],[-58.976,-31.2577],[-59.0065,-31.3053],[-59.0488,-31.3949],[-59.0991,-31.4483],[-59.1476,-31.4144],[-59.1735,-31.3497],[-59.235,-31.267],[-59.2855,-31.3029],[-59.4245,-31.3904],[-59.5733,-31.4727],[-59.5852,-31.6083],[-59.5009,-31.6349],[-59.5236,-31.6922],[-59.5443,-31.6975],[-59.5926,-31.7507],[-59.5809,-31.7832],[-59.6039,-31.8065],[-59.6119,-31.8699],[-59.4931,-31.9504],[-59.4416,-31.9699],[-59.4022,-31.9336],[-59.3153,-31.923],[-59.2543,-31.9228],[-59.2135,-31.9529],[-59.143,-31.9878],[-59.0817,-31.9904],[-59.0628,-32.0695],[-59.0033,-32.0834],[-58.968,-32.0512],[-58.9225,-32.0623],[-58.8615,-32.0263],[-58.768,-32.0092],[-58.7267,-31.9711],[-58.7431,-31.921],[-58.7295,-31.8562],[-58.7228,-31.8236],[-58.6572,-31.8336],[-58.6008,-31.7596],[-58.5903,-31.6382],[-58.5185,-31.5549],[-58.527,-31.5022],[-58.5126,-31.4702],[-58.571,-31.4374],[-58.5824,-31.3977],[-58.6384,-31.3811],[-58.6847,-31.3013]]]}},{"type":"Feature","properties":{"zid":"30035"},"geometry":{"type":"Polygon","coordinates":[[[-58.5775,-30.6907],[-58.598,-30.674],[-58.6379,-30.6928],[-58.709,-30.6985],[-58.7694,-30.6881],[-58.8234,-30.6548],[-58.8708,-30.6621],[-58.9089,-30.622],[-58.9647,-30.6013],[-59.001,-30.6132],[-59.0403,-30.6664],[-59.1443,-30.7185],[-59.2086,-30.7654],[-59.2782,-30.7722],[-59.3327,-30.8078],[-59.2986,-30.8382],[-59.2715,-30.902],[-59.3079,-30.9414],[-59.2804,-30.9685],[-59.3399,-31.0093],[-59.275,-31.0587],[-59.2908,-31.1208],[-59.265,-31.1306],[-59.2619,-31.1839],[-59.2974,-31.2837],[-59.2855,-31.3029],[-59.235,-31.267],[-59.1735,-31.3497],[-59.1476,-31.4144],[-59.0991,-31.4483],[-59.0488,-31.3949],[-59.0065,-31.3053],[-58.976,-31.2577],[-58.8964,-31.2118],[-58.7973,-31.2536],[-58.7825,-31.2699],[-58.6847,-31.3013],[-58.6396,-31.2985],[-58.585,-31.2577],[-58.5326,-31.2688],[-58.4643,-31.2601],[-58.4092,-31.2386],[-58.3915,-31.211],[-58.4588,-31.1708],[-58.5567,-31.1257],[-58.5803,-31.0707],[-58.563,-31.0368],[-58.5065,-31.0308],[-58.4845,-31.0095],[-58.5072,-30.9822],[-58.4742,-30.9452],[-58.4183,-30.8335],[-58.4578,-30.8099],[-58.4853,-30.7716],[-58.4915,-30.7322],[-58.5775,-30.6907]]]}},{"type":"Feature","properties":{"zid":"30088"},"geometry":{"type":"Polygon","coordinates":[[[-58.2885,-31.6687],[-58.2654,-31.6024],[-58.2975,-31.6026],[-58.2871,-31.5396],[-58.3288,-31.5448],[-58.3256,-31.4859],[-58.3465,-31.4862],[-58.4497,-31.4313],[-58.4538,-31.3777],[-58.4119,-31.3512],[-58.4643,-31.2601],[-58.5326,-31.2688],[-58.585,-31.2577],[-58.6396,-31.2985],[-58.6847,-31.3013],[-58.6384,-31.3811],[-58.5824,-31.3977],[-58.571,-31.4374],[-58.5126,-31.4702],[-58.527,-31.5022],[-58.5185,-31.5549],[-58.5903,-31.6382],[-58.6008,-31.7596],[-58.6572,-31.8336],[-58.7228,-31.8236],[-58.7295,-31.8562],[-58.7086,-31.888],[-58.6278,-31.8828],[-58.5371,-31.8433],[-58.5409,-31.8221],[-58.5074,-31.7873],[-58.4473,-31.8173],[-58.4146,-31.7978],[-58.4326,-31.7472],[-58.3789,-31.7435],[-58.2885,-31.6687]]]}},{"type":"Feature","properties":{"zid":"30077"},"geometry":{"type":"Polygon","coordinates":[[[-59.3153,-31.923],[-59.4022,-31.9336],[-59.4416,-31.9699],[-59.4931,-31.9504],[-59.6119,-31.8699],[-59.6887,-31.8929],[-59.7646,-31.9273],[-59.8302,-31.8999],[-59.9174,-31.8827],[-59.9444,-31.9514],[-60.0135,-31.9744],[-60.0266,-32.0308],[-60.1427,-31.986],[-60.1804,-32.022],[-60.2542,-32.0527],[-60.215,-32.1147],[-60.1827,-32.1229],[-60.1414,-32.1584],[-60.1819,-32.1925],[-60.1739,-32.2185],[-60.1904,-32.269],[-60.1207,-32.2831],[-60.0469,-32.351],[-60.033,-32.385],[-59.9775,-32.4214],[-60.0002,-32.4531],[-59.9928,-32.4829],[-59.9555,-32.5152],[-59.8191,-32.536],[-59.7787,-32.5479],[-59.7719,-32.5897],[-59.7542,-32.5817],[-59.7008,-32.6112],[-59.6407,-32.6153],[-59.6077,-32.6327],[-59.6017,-32.552],[-59.4534,-32.5564],[-59.4431,-32.5122],[-59.4491,-32.4543],[-59.4763,-32.4267],[-59.4419,-32.3555],[-59.4967,-32.3383],[-59.4633,-32.2852],[-59.4838,-32.2679],[-59.4578,-32.1401],[-59.4749,-32.1266],[-59.3556,-31.998],[-59.3343,-31.9351],[-59.3153,-31.923]]]}},{"type":"Feature","properties":{"zid":"30091"},"geometry":{"type":"Polygon","coordinates":[[[-59.0628,-32.0695],[-59.0817,-31.9904],[-59.143,-31.9878],[-59.2135,-31.9529],[-59.2543,-31.9228],[-59.3153,-31.923],[-59.3343,-31.9351],[-59.3556,-31.998],[-59.4749,-32.1266],[-59.4578,-32.1401],[-59.4838,-32.2679],[-59.4633,-32.2852],[-59.4967,-32.3383],[-59.4419,-32.3555],[-59.4763,-32.4267],[-59.4491,-32.4543],[-59.4431,-32.5122],[-59.4534,-32.5564],[-59.4049,-32.5997],[-59.4068,-32.6384],[-59.2868,-32.6749],[-59.2491,-32.6929],[-59.1449,-32.7126],[-59.0937,-32.6168],[-59.1076,-32.5665],[-59.0967,-32.5434],[-59.0962,-32.4663],[-59.1055,-32.4057],[-59.0841,-32.3857],[-59.1,-32.3545],[-59.0747,-32.3126],[-59.0844,-32.2503],[-59.1074,-32.2096],[-59.087,-32.1866],[-59.0977,-32.1353],[-59.0628,-32.0695]]]}},{"type":"Feature","properties":{"zid":"30070"},"geometry":{"type":"Polygon","coordinates":[[[-59.2104,-30.3471],[-59.2522,-30.3653],[-59.3226,-30.3518],[-59.3442,-30.3262],[-59.4281,-30.3166],[-59.4821,-30.3429],[-59.5515,-30.3368],[-59.587,-30.4342],[-59.6151,-30.4192],[-59.6368,-30.3578],[-59.6717,-30.3387],[-59.6668,-30.3679],[-59.7192,-30.3992],[-59.7171,-30.4254],[-59.6839,-30.4461],[-59.6507,-30.5138],[-59.6459,-30.597],[-59.6764,-30.6594],[-59.6362,-30.7021],[-59.6426,-30.7307],[-59.6994,-30.7691],[-59.7049,-30.8174],[-59.734,-30.8749],[-59.8182,-30.9425],[-59.8798,-31.0584],[-59.9254,-31.1051],[-59.9654,-31.1229],[-59.985,-31.1941],[-59.9529,-31.2051],[-59.9429,-31.2627],[-59.8986,-31.3446],[-59.8881,-31.3999],[-59.8626,-31.4576],[-59.8587,-31.4943],[-59.8255,-31.4996],[-59.7595,-31.4316],[-59.6775,-31.4334],[-59.6127,-31.4511],[-59.6263,-31.5049],[-59.5733,-31.4727],[-59.4245,-31.3904],[-59.2855,-31.3029],[-59.2974,-31.2837],[-59.2619,-31.1839],[-59.265,-31.1306],[-59.2908,-31.1208],[-59.275,-31.0587],[-59.3399,-31.0093],[-59.2804,-30.9685],[-59.3079,-30.9414],[-59.2715,-30.902],[-59.2986,-30.8382],[-59.3327,-30.8078],[-59.2782,-30.7722],[-59.2086,-30.7654],[-59.1443,-30.7185],[-59.0403,-30.6664],[-59.001,-30.6132],[-58.9536,-30.5842],[-58.9825,-30.5572],[-58.9806,-30.5213],[-59.0459,-30.5187],[-59.0825,-30.4807],[-59.0681,-30.4221],[-59.1002,-30.3857],[-59.1771,-30.3765],[-59.2104,-30.3471]]]}},{"type":"Feature","properties":{"zid":"30042"},"geometry":{"type":"Polygon","coordinates":[[[-58.5775,-30.6907],[-58.5704,-30.6696],[-58.501,-30.6263],[-58.5092,-30.6051],[-58.464,-30.5796],[-58.4277,-30.491],[-58.398,-30.4387],[-58.3918,-30.4021],[-58.339,-30.3564],[-58.3385,-30.3137],[-58.301,-30.322],[-58.2696,-30.2524],[-58.2984,-30.2468],[-58.3437,-30.2712],[-58.3811,-30.2595],[-58.4693,-30.2042],[-58.4979,-30.207],[-58.578,-30.16],[-58.579,-30.16],[-58.6349,-30.1753],[-58.6817,-30.1757],[-58.7993,-30.2142],[-58.8793,-30.2467],[-58.9123,-30.2481],[-58.9685,-30.2211],[-59.0643,-30.2308],[-59.1081,-30.2731],[-59.1369,-30.3119],[-59.2104,-30.3471],[-59.1771,-30.3765],[-59.1002,-30.3857],[-59.0681,-30.4221],[-59.0825,-30.4807],[-59.0459,-30.5187],[-58.9806,-30.5213],[-58.9825,-30.5572],[-58.9536,-30.5842],[-59.001,-30.6132],[-58.9647,-30.6013],[-58.9089,-30.622],[-58.8708,-30.6621],[-58.8234,-30.6548],[-58.7694,-30.6881],[-58.709,-30.6985],[-58.6379,-30.6928],[-58.598,-30.674],[-58.5775,-30.6907]]]}},{"type":"Feature","properties":{"zid":"30084"},"geometry":{"type":"Polygon","coordinates":[[[-59.5733,-31.4727],[-59.6263,-31.5049],[-59.6127,-31.4511],[-59.6775,-31.4334],[-59.7595,-31.4316],[-59.8255,-31.4996],[-59.8587,-31.4943],[-59.8626,-31.4576],[-59.8881,-31.3999],[-59.8986,-31.3446],[-59.9429,-31.2627],[-59.9529,-31.2051],[-59.985,-31.1941],[-60.0255,-31.2591],[-60.1056,-31.2899],[-60.0869,-31.3398],[-60.0961,-31.3706],[-60.1384,-31.4134],[-60.1491,-31.4483],[-60.2071,-31.4652],[-60.2302,-31.5183],[-60.2579,-31.5357],[-60.3018,-31.5342],[-60.3021,-31.5342],[-60.3399,-31.5552],[-60.3276,-31.6021],[-60.3963,-31.643],[-60.4676,-31.6983],[-60.5374,-31.6999],[-60.591,-31.7109],[-60.6388,-31.742],[-60.6409,-31.7918],[-60.6755,-31.8172],[-60.6069,-31.827],[-60.5703,-31.8122],[-60.5225,-31.8526],[-60.5171,-31.9256],[-60.4168,-31.9594],[-60.385,-31.9324],[-60.3421,-31.9496],[-60.3274,-31.9799],[-60.3547,-32.0297],[-60.3249,-32.0794],[-60.3031,-32.0827],[-60.2542,-32.0527],[-60.1804,-32.022],[-60.1427,-31.986],[-60.0266,-32.0308],[-60.0135,-31.9744],[-59.9444,-31.9514],[-59.9174,-31.8827],[-59.8302,-31.8999],[-59.7646,-31.9273],[-59.6887,-31.8929],[-59.6119,-31.8699],[-59.6039,-31.8065],[-59.5809,-31.7832],[-59.5926,-31.7507],[-59.5443,-31.6975],[-59.5236,-31.6922],[-59.5009,-31.6349],[-59.5852,-31.6083],[-59.5733,-31.4727]]]}},{"type":"Feature","properties":{"zid":"30021"},"geometry":{"type":"Polygon","coordinates":[[[-60.7691,-32.4968],[-60.7474,-32.5543],[-60.7524,-32.6147],[-60.7259,-32.6637],[-60.6851,-32.68],[-60.6514,-32.6273],[-60.6255,-32.641],[-60.5243,-32.6109],[-60.5313,-32.574],[-60.4746,-32.5349],[-60.4754,-32.489],[-60.4516,-32.4513],[-60.3975,-32.4272],[-60.4417,-32.3411],[-60.4226,-32.3023],[-60.3901,-32.2905],[-60.3394,-32.2993],[-60.303,-32.2727],[-60.2797,-32.2326],[-60.1739,-32.2185],[-60.1819,-32.1925],[-60.1414,-32.1584],[-60.1827,-32.1229],[-60.215,-32.1147],[-60.2542,-32.0527],[-60.3031,-32.0827],[-60.3249,-32.0794],[-60.3547,-32.0297],[-60.3274,-31.9799],[-60.3421,-31.9496],[-60.385,-31.9324],[-60.4168,-31.9594],[-60.5171,-31.9256],[-60.5225,-31.8526],[-60.5703,-31.8122],[-60.6069,-31.827],[-60.6755,-31.8172],[-60.6529,-31.8971],[-60.6719,-31.9302],[-60.7227,-31.9722],[-60.6637,-32.0384],[-60.6586,-32.0802],[-60.6947,-32.1288],[-60.7001,-32.169],[-60.6737,-32.224],[-60.6823,-32.324],[-60.7216,-32.3421],[-60.7116,-32.3931],[-60.7238,-32.4561],[-60.7691,-32.4968]]]}},{"type":"Feature","properties":{"zid":"30105"},"geometry":{"type":"Polygon","coordinates":[[[-59.7719,-32.5897],[-59.7787,-32.5479],[-59.8191,-32.536],[-59.9555,-32.5152],[-59.9928,-32.4829],[-60.0002,-32.4531],[-59.9775,-32.4214],[-60.033,-32.385],[-60.0469,-32.351],[-60.1207,-32.2831],[-60.1904,-32.269],[-60.1739,-32.2185],[-60.2797,-32.2326],[-60.303,-32.2727],[-60.3394,-32.2993],[-60.3901,-32.2905],[-60.4226,-32.3023],[-60.4417,-32.3411],[-60.3975,-32.4272],[-60.4516,-32.4513],[-60.4754,-32.489],[-60.4746,-32.5349],[-60.5313,-32.574],[-60.5243,-32.6109],[-60.6255,-32.641],[-60.6514,-32.6273],[-60.6851,-32.68],[-60.7259,-32.6637],[-60.7221,-32.747],[-60.6943,-32.8056],[-60.6589,-32.8339],[-60.6793,-32.867],[-60.6762,-32.8996],[-60.6169,-32.9539],[-60.6105,-32.9913],[-60.4934,-33.1314],[-60.3921,-33.189],[-60.3429,-33.1779],[-60.2943,-33.1918],[-60.2932,-33.1928],[-60.2908,-33.1929],[-60.2753,-33.1957],[-60.2349,-33.2129],[-60.2245,-33.2541],[-60.2051,-33.2252],[-60.1754,-33.2544],[-60.124,-33.2204],[-60.0672,-33.2573],[-60.0246,-33.2497],[-60.01,-33.2839],[-59.9558,-33.2392],[-59.9359,-33.2797],[-59.8806,-33.268],[-59.8402,-33.2732],[-59.806,-33.2455],[-59.8215,-33.202],[-59.7677,-33.1391],[-59.8047,-33.1271],[-59.814,-33.0826],[-59.8556,-33.0973],[-59.892,-33.0409],[-59.9939,-33.0201],[-59.9777,-32.9678],[-60.0187,-32.9729],[-60.0077,-32.9316],[-59.9557,-32.8989],[-59.9038,-32.9307],[-59.8414,-32.9365],[-59.8699,-32.8987],[-59.8462,-32.8252],[-59.811,-32.7977],[-59.7809,-32.7302],[-59.7828,-32.6667],[-59.7974,-32.6274],[-59.7719,-32.5897]]]}},{"type":"Feature","properties":{"zid":"30049"},"geometry":{"type":"Polygon","coordinates":[[[-59.1711,-33.8081],[-59.1744,-33.8035],[-59.1784,-33.7928],[-59.18,-33.7444],[-59.2375,-33.7052],[-59.2565,-33.6442],[-59.3056,-33.595],[-59.3174,-33.5484],[-59.3575,-33.5454],[-59.4309,-33.4611],[-59.5274,-33.4329],[-59.5391,-33.3807],[-59.6219,-33.3569],[-59.645,-33.2984],[-59.566,-33.2061],[-59.5252,-33.1975],[-59.4958,-33.2262],[-59.4367,-33.2222],[-59.3372,-33.2292],[-59.3371,-33.1843],[-59.3056,-33.19],[-59.292,-33.1535],[-59.2598,-33.1071],[-59.2636,-33.0795],[-59.2315,-33.0061],[-59.1879,-32.9349],[-59.1422,-32.9122],[-59.1555,-32.8865],[-59.1414,-32.8213],[-59.1148,-32.8056],[-59.1449,-32.7126],[-59.2491,-32.6929],[-59.2868,-32.6749],[-59.4068,-32.6384],[-59.4049,-32.5997],[-59.4534,-32.5564],[-59.6017,-32.552],[-59.6077,-32.6327],[-59.6407,-32.6153],[-59.7008,-32.6112],[-59.7542,-32.5817],[-59.7719,-32.5897],[-59.7974,-32.6274],[-59.7828,-32.6667],[-59.7809,-32.7302],[-59.811,-32.7977],[-59.8462,-32.8252],[-59.8699,-32.8987],[-59.8414,-32.9365],[-59.9038,-32.9307],[-59.9557,-32.8989],[-60.0077,-32.9316],[-60.0187,-32.9729],[-59.9777,-32.9678],[-59.9939,-33.0201],[-59.892,-33.0409],[-59.8556,-33.0973],[-59.814,-33.0826],[-59.8047,-33.1271],[-59.7677,-33.1391],[-59.8215,-33.202],[-59.806,-33.2455],[-59.8402,-33.2732],[-59.8806,-33.268],[-59.9359,-33.2797],[-59.9558,-33.2392],[-60.01,-33.2839],[-60.0246,-33.2497],[-60.0672,-33.2573],[-60.124,-33.2204],[-60.1754,-33.2544],[-60.2051,-33.2252],[-60.2245,-33.2541],[-60.2349,-33.2129],[-60.2753,-33.1957],[-60.2908,-33.1929],[-60.2932,-33.1928],[-60.2916,-33.1942],[-60.2978,-33.2423],[-60.2595,-33.2619],[-60.2007,-33.2922],[-60.1656,-33.3508],[-60.1111,-33.373],[-60.0722,-33.4247],[-59.9994,-33.4701],[-59.9428,-33.4725],[-59.8878,-33.5129],[-59.8339,-33.5213],[-59.8095,-33.5517],[-59.8106,-33.5858],[-59.7726,-33.608],[-59.7301,-33.6037],[-59.6624,-33.6183],[-59.636,-33.6427],[-59.6251,-33.6895],[-59.5906,-33.6872],[-59.543,-33.6406],[-59.4891,-33.6433],[-59.4678,-33.7043],[-59.449,-33.7245],[-59.3777,-33.7365],[-59.2543,-33.7223],[-59.2354,-33.74],[-59.2548,-33.7939],[-59.2227,-33.8134],[-59.1717,-33.8078],[-59.1711,-33.8081]]]}},{"type":"Feature","properties":{"zid":"26063"},"geometry":{"type":"Polygon","coordinates":[[[-66.4506,-43.7814],[-66.5153,-43.7829],[-66.5304,-43.333],[-67.1468,-43.3423],[-67.1572,-42.8923],[-67.7692,-42.8966],[-67.7627,-43.3485],[-67.7434,-44.6983],[-67.1053,-44.6918],[-67.1043,-44.7348],[-67.0491,-44.6869],[-67.0255,-44.6147],[-67.0233,-44.5678],[-66.9933,-44.536],[-66.935,-44.5223],[-66.8821,-44.4615],[-66.8483,-44.403],[-66.8267,-44.3087],[-66.7801,-44.278],[-66.7973,-44.2151],[-66.7897,-44.1693],[-66.6954,-44.1538],[-66.7086,-44.0924],[-66.6675,-44.0716],[-66.6516,-44.0349],[-66.5959,-44.0067],[-66.4721,-43.9601],[-66.4563,-43.9376],[-66.4732,-43.8697],[-66.4399,-43.8419],[-66.4506,-43.7814]]]}},{"type":"Feature","properties":{"zid":"26105"},"geometry":{"type":"Polygon","coordinates":[[[-66.8769,-42],[-67.2502,-42],[-67.7506,-42],[-68.0857,-42],[-68.25,-42],[-68.3843,-42],[-68.3812,-42.901],[-67.7692,-42.8966],[-67.1572,-42.8923],[-65.9336,-42.8705],[-65.9703,-42],[-65.9736,-42],[-66.2504,-42],[-66.5003,-42],[-66.8769,-42]]]}},{"type":"Feature","properties":{"zid":"26077"},"geometry":{"type":"Polygon","coordinates":[[[-65.354,-43.7564],[-65.3416,-43.6778],[-65.3163,-43.6352],[-65.2507,-43.5685],[-65.194,-43.5399],[-65.1386,-43.4669],[-65.0526,-43.4026],[-65.0561,-43.3451],[-65.0416,-43.3158],[-64.9763,-43.255],[-64.8892,-43.2073],[-64.7961,-43.1657],[-64.6826,-43.1257],[-64.459,-43.0645],[-64.4226,-43.0392],[-64.3329,-43.0036],[-64.3077,-42.9786],[-64.3303,-42.9359],[-64.3968,-42.9596],[-64.494,-42.9483],[-64.5241,-42.9247],[-64.619,-42.9215],[-64.8095,-42.8434],[-65.4444,-42.859],[-65.3981,-43.7576],[-65.354,-43.7564]]]}},{"type":"Feature","properties":{"zid":"26028"},"geometry":{"type":"Polygon","coordinates":[[[-66.3662,-45.0419],[-66.2744,-45.0489],[-66.1966,-44.9831],[-66.0927,-44.9894],[-66.0052,-45.0055],[-65.9318,-45.049],[-65.8493,-45.0018],[-65.7369,-45.0402],[-65.6729,-45.0444],[-65.6109,-45.0331],[-65.6067,-44.9765],[-65.5257,-44.9242],[-65.5729,-44.8956],[-65.7038,-44.8756],[-65.7288,-44.8484],[-65.7026,-44.8013],[-65.6966,-44.7368],[-65.6448,-44.6701],[-65.5728,-44.646],[-65.521,-44.6093],[-65.4151,-44.5728],[-65.3696,-44.5421],[-65.3752,-44.5159],[-65.2906,-44.5036],[-65.3342,-44.4599],[-65.2216,-44.364],[-65.2588,-44.3273],[-65.3117,-44.2169],[-65.3066,-44.181],[-65.2764,-44.1469],[-65.2333,-44.1452],[-65.2416,-44.0883],[-65.2171,-44.0442],[-65.2516,-44.0276],[-65.252,-43.9819],[-65.2831,-43.9621],[-65.3286,-43.8457],[-65.322,-43.7826],[-65.354,-43.7564],[-65.3981,-43.7576],[-66.4506,-43.7814],[-66.4399,-43.8419],[-66.4732,-43.8697],[-66.4563,-43.9376],[-66.4721,-43.9601],[-66.5959,-44.0067],[-66.6516,-44.0349],[-66.6675,-44.0716],[-66.7086,-44.0924],[-66.6954,-44.1538],[-66.7897,-44.1693],[-66.7973,-44.2151],[-66.7801,-44.278],[-66.8267,-44.3087],[-66.8483,-44.403],[-66.8821,-44.4615],[-66.935,-44.5223],[-66.9933,-44.536],[-67.0233,-44.5678],[-67.0255,-44.6147],[-67.0491,-44.6869],[-67.1043,-44.7348],[-67.0973,-45.0417],[-66.3673,-45.0419],[-66.3662,-45.0419]]]}},{"type":"Feature","properties":{"zid":"26021"},"geometry":{"type":"Polygon","coordinates":[[[-67.1043,-44.7348],[-67.1053,-44.6918],[-67.7434,-44.6983],[-68.3666,-44.6959],[-68.3658,-45.9488],[-68.3658,-45.9999],[-68.3631,-45.9999],[-67.5957,-45.9999],[-67.548,-45.9541],[-67.5521,-45.9257],[-67.4738,-45.8602],[-67.4547,-45.8195],[-67.3661,-45.7758],[-67.3615,-45.6681],[-67.3415,-45.6196],[-67.2331,-45.5315],[-67.0686,-45.3518],[-66.9655,-45.2738],[-66.8413,-45.23],[-66.7053,-45.2243],[-66.6676,-45.2122],[-66.5545,-45.2132],[-66.528,-45.1866],[-66.5882,-45.1751],[-66.5307,-45.1102],[-66.4653,-45.0767],[-66.3662,-45.0419],[-66.3673,-45.0419],[-67.0973,-45.0417],[-67.1043,-44.7348]]]}},{"type":"Feature","properties":{"zid":"26091"},"geometry":{"type":"Polygon","coordinates":[[[-68.3658,-45.9999],[-68.3658,-45.9488],[-68.3666,-44.6959],[-69.6281,-44.691],[-69.6538,-45.8724],[-69.6566,-45.9999],[-69.6562,-45.9999],[-69.6481,-45.9999],[-68.3658,-45.9999]]]}},{"type":"Feature","properties":{"zid":"26098"},"geometry":{"type":"Polygon","coordinates":[[[-69.5229,-43.7983],[-70.1963,-43.7905],[-70.9875,-43.7787],[-70.9908,-43.8643],[-71.1327,-43.861],[-71.1359,-43.9498],[-71.3882,-43.943],[-71.3841,-43.854],[-71.4459,-43.8526],[-71.4474,-43.8938],[-71.6648,-43.9036],[-71.6488,-43.9459],[-71.6787,-43.9706],[-71.7505,-44.0915],[-71.7813,-44.1115],[-71.8477,-44.111],[-71.8477,-44.155],[-71.799,-44.1932],[-71.813,-44.2386],[-71.8088,-44.2882],[-71.7885,-44.3331],[-71.8394,-44.3524],[-71.803,-44.4196],[-71.7136,-44.3794],[-71.6693,-44.4085],[-71.6383,-44.3986],[-71.5587,-44.4089],[-71.5089,-44.3938],[-71.4435,-44.3961],[-71.3889,-44.3854],[-71.3493,-44.4247],[-71.2509,-44.4174],[-71.1694,-44.4405],[-71.1301,-44.4732],[-71.1343,-44.5057],[-71.0915,-44.5325],[-71.1193,-44.5969],[-71.1888,-44.5938],[-71.2345,-44.6524],[-71.2192,-44.6712],[-71.1692,-44.6721],[-70.896,-44.677],[-70.2656,-44.6857],[-69.9391,-44.6885],[-69.5013,-44.143],[-69.5229,-43.7983]]]}},{"type":"Feature","properties":{"zid":"26056"},"geometry":{"type":"Polygon","coordinates":[[[-69.5085,-42.8678],[-69.5459,-42.8193],[-69.5627,-42.7593],[-69.6492,-42.6844],[-69.7041,-42.6736],[-69.7699,-42.6792],[-69.8473,-42.6355],[-69.9303,-42.6533],[-69.973,-42.6462],[-70.046,-42.6984],[-70.1439,-42.6477],[-70.2283,-42.6351],[-70.279,-42.6511],[-70.3408,-42.6088],[-70.3712,-42.6064],[-70.4468,-42.6554],[-70.5408,-42.7686],[-70.5914,-42.8384],[-70.6033,-42.8819],[-70.5983,-42.9679],[-70.7236,-42.9694],[-70.8019,-43.0576],[-70.8534,-43.1378],[-70.8605,-43.2577],[-70.898,-43.3043],[-70.8692,-43.3731],[-70.8676,-43.4195],[-70.8952,-43.5156],[-70.9597,-43.5564],[-71.1192,-43.6181],[-71.1685,-43.6134],[-71.2264,-43.5778],[-71.4554,-43.5705],[-71.4633,-43.5556],[-71.5479,-43.5248],[-71.649,-43.5242],[-71.7626,-43.5652],[-71.7194,-43.5787],[-71.7033,-43.623],[-71.6078,-43.6286],[-71.5815,-43.6517],[-71.6067,-43.7003],[-71.7019,-43.7385],[-71.7535,-43.789],[-71.7633,-43.8372],[-71.7071,-43.8946],[-71.6648,-43.9036],[-71.4474,-43.8938],[-71.4459,-43.8526],[-71.3841,-43.854],[-71.3882,-43.943],[-71.1359,-43.9498],[-71.1327,-43.861],[-70.9908,-43.8643],[-70.9875,-43.7787],[-70.1963,-43.7905],[-69.5229,-43.7983],[-69.5512,-43.3478],[-69.5085,-42.8678]]]}},{"type":"Feature","properties":{"zid":"26049"},"geometry":{"type":"Polygon","coordinates":[[[-68.3843,-42],[-68.3894,-42],[-69.0003,-42],[-69.3895,-42],[-69.4281,-42],[-69.4314,-42],[-69.5085,-42.8678],[-69.5512,-43.3478],[-67.7627,-43.3485],[-67.7692,-42.8966],[-68.3812,-42.901],[-68.3843,-42]]]}},{"type":"Feature","properties":{"zid":"26014"},"geometry":{"type":"Polygon","coordinates":[[[-69.4314,-42],[-69.5002,-42],[-70.0001,-42],[-70.5,-42],[-71.1749,-42],[-71.7581,-42],[-71.7246,-42.0585],[-71.7417,-42.0827],[-71.7328,-42.1238],[-71.7732,-42.1289],[-71.8348,-42.1626],[-71.8745,-42.1547],[-71.927,-42.1898],[-71.9704,-42.1451],[-72.052,-42.1139],[-72.1211,-42.1549],[-72.1709,-42.1394],[-72.1845,-42.1767],[-72.1568,-42.1937],[-72.1319,-42.3843],[-72.1131,-42.3982],[-72.0285,-42.4075],[-72.0468,-42.4486],[-72.018,-42.4822],[-71.6748,-42.4934],[-71.68,-42.5836],[-71.534,-42.587],[-71.4978,-42.6108],[-71.4744,-42.6827],[-71.4373,-42.7168],[-71.332,-42.7873],[-71.3508,-42.8016],[-71.2812,-42.8649],[-71.1532,-42.8656],[-71.0323,-42.9569],[-70.9091,-42.8701],[-70.6033,-42.8819],[-70.5914,-42.8384],[-70.5408,-42.7686],[-70.4468,-42.6554],[-70.3712,-42.6064],[-70.3408,-42.6088],[-70.279,-42.6511],[-70.2283,-42.6351],[-70.1439,-42.6477],[-70.046,-42.6984],[-69.973,-42.6462],[-69.9303,-42.6533],[-69.8473,-42.6355],[-69.7699,-42.6792],[-69.7041,-42.6736],[-69.6492,-42.6844],[-69.5627,-42.7593],[-69.5459,-42.8193],[-69.5085,-42.8678],[-69.4314,-42]]]}},{"type":"Feature","properties":{"zid":"26035"},"geometry":{"type":"Polygon","coordinates":[[[-70.9091,-42.8701],[-71.0323,-42.9569],[-71.1532,-42.8656],[-71.2812,-42.8649],[-71.3508,-42.8016],[-71.332,-42.7873],[-71.4373,-42.7168],[-71.4744,-42.6827],[-71.4978,-42.6108],[-71.534,-42.587],[-71.68,-42.5836],[-71.6748,-42.4934],[-72.018,-42.4822],[-72.0126,-42.4949],[-72.1035,-42.6003],[-72.096,-42.642],[-72.1377,-42.7119],[-72.1341,-42.7584],[-72.1559,-42.8149],[-72.1205,-42.8766],[-72.1418,-42.8954],[-72.0934,-42.9497],[-72.0732,-42.9496],[-72.0026,-43.0374],[-71.9348,-43.0562],[-71.9334,-43.0984],[-71.8927,-43.107],[-71.8573,-43.1426],[-71.7605,-43.1646],[-71.7294,-43.1997],[-71.7571,-43.228],[-71.7317,-43.309],[-71.7686,-43.3001],[-71.8401,-43.3352],[-71.9067,-43.3244],[-71.8902,-43.3598],[-71.912,-43.3867],[-71.9311,-43.4567],[-71.8804,-43.4519],[-71.8486,-43.4829],[-71.8775,-43.5511],[-71.7826,-43.542],[-71.7626,-43.5652],[-71.649,-43.5242],[-71.5479,-43.5248],[-71.4633,-43.5556],[-71.4554,-43.5705],[-71.2264,-43.5778],[-71.1685,-43.6134],[-71.1192,-43.6181],[-70.9597,-43.5564],[-70.8952,-43.5156],[-70.8676,-43.4195],[-70.8692,-43.3731],[-70.898,-43.3043],[-70.8605,-43.2577],[-70.8534,-43.1378],[-70.8019,-43.0576],[-70.7236,-42.9694],[-70.5983,-42.9679],[-70.6033,-42.8819],[-70.9091,-42.8701]]]}},{"type":"Feature","properties":{"zid":"70028"},"geometry":{"type":"Polygon","coordinates":[[[-68.5036,-31.5506],[-68.5086,-31.5049],[-68.5589,-31.5109],[-68.5473,-31.5546],[-68.5036,-31.5506]]]}},{"type":"Feature","properties":{"zid":"70084"},"geometry":{"type":"Polygon","coordinates":[[[-68.6421,-31.5025],[-68.6425,-31.5021],[-68.6517,-31.4724],[-68.7077,-31.5645],[-68.6949,-31.6212],[-68.6321,-31.6212],[-68.6015,-31.5709],[-68.5473,-31.5546],[-68.5589,-31.5109],[-68.6421,-31.5025]]]}},{"type":"Feature","properties":{"zid":"70098"},"geometry":{"type":"Polygon","coordinates":[[[-68.4307,-31.5082],[-68.4717,-31.4973],[-68.5086,-31.5049],[-68.5036,-31.5506],[-68.4476,-31.5777],[-68.4127,-31.5315],[-68.4307,-31.5082]]]}},{"type":"Feature","properties":{"zid":"70077"},"geometry":{"type":"Polygon","coordinates":[[[-68.5473,-31.5546],[-68.6015,-31.5709],[-68.519,-31.5958],[-68.505,-31.6381],[-68.5203,-31.6732],[-68.4909,-31.79],[-68.4541,-31.8177],[-68.4107,-31.8343],[-68.3801,-31.7889],[-68.3905,-31.7428],[-68.416,-31.7078],[-68.4144,-31.6708],[-68.4476,-31.5777],[-68.5036,-31.5506],[-68.5473,-31.5546]]]}}]}