{"type":"FeatureCollection","features":[{"type":"Feature","properties":{"zid":"02"},"geometry":{"type":"Polygon","coordinates":[[[-58.3431,-34.6302],[-58.3414,-34.6099],[-58.3616,-34.5812],[-58.4256,-34.5523],[-58.4596,-34.5277],[-58.5008,-34.5495],[-58.5315,-34.6155],[-58.5289,-34.6546],[-58.4612,-34.7054],[-58.4274,-34.6655],[-58.3741,-34.6572],[-58.3431,-34.6302]]]}},{"type":"Feature","properties":{"zid":"74"},"geometry":{"type":"Polygon","coordinates":[[[-66.6618,-31.9205],[-66.8857,-31.8977],[-67.0059,-31.8554],[-67.05,-31.8575],[-67.1367,-31.8338],[-67.2415,-31.8808],[-67.3792,-31.8681],[-67.3683,-31.9338],[-67.3677,-32.0146],[-67.3778,-32.0526],[-67.3838,-32.1252],[-67.382,-32.2113],[-67.3704,-32.2463],[-67.278,-32.2923],[-67.2662,-32.3393],[-67.2638,-32.3819],[-67.3177,-32.382],[-67.2945,-32.4327],[-67.2936,-32.4956],[-67.2687,-32.5701],[-67.244,-32.6032],[-67.225,-32.6822],[-67.1957,-32.6915],[-67.167,-32.7628],[-67.1823,-32.7648],[-67.1766,-32.8151],[-67.1887,-32.8357],[-67.232,-32.865],[-67.2311,-32.8979],[-67.2148,-32.9083],[-67.2104,-32.9459],[-67.1915,-32.9828],[-67.1769,-33.0647],[-67.1845,-33.1275],[-67.1672,-33.1662],[-67.1773,-33.1787],[-67.1802,-33.2522],[-67.1751,-33.2862],[-67.1522,-33.3268],[-67.1574,-33.3705],[-67.1455,-33.4397],[-67.0943,-33.5084],[-67.0964,-33.5328],[-67.0355,-33.6012],[-67.0085,-33.618],[-67.0047,-33.6658],[-66.9737,-33.6893],[-66.9494,-33.7313],[-66.8837,-33.7683],[-66.8841,-33.8028],[-66.8733,-33.8329],[-66.8012,-33.863],[-66.7695,-33.9011],[-66.7403,-33.9112],[-66.7286,-33.9288],[-66.6864,-33.939],[-66.6661,-33.9609],[-66.6632,-33.9863],[-66.708,-34.0255],[-66.6993,-34.0465],[-66.7168,-34.0728],[-66.7121,-34.0999],[-66.7239,-34.1156],[-66.7183,-34.1899],[-66.7459,-34.2216],[-66.7843,-34.2326],[-66.7888,-34.2664],[-66.7761,-34.2986],[-66.8028,-34.3057],[-66.8119,-34.3451],[-66.7883,-34.376],[-66.7642,-34.3791],[-66.7884,-34.4212],[-66.7574,-34.4345],[-66.7525,-34.4601],[-66.7638,-34.4969],[-66.7572,-34.5666],[-66.7298,-34.5844],[-66.7266,-34.6102],[-66.7039,-34.6237],[-66.6907,-34.6745],[-66.6383,-34.7247],[-66.6515,-34.748],[-66.6429,-34.7643],[-66.6067,-34.7741],[-66.6025,-34.8021],[-66.5657,-34.826],[-66.5514,-34.8706],[-66.5492,-34.9188],[-66.5255,-34.951],[-66.5451,-34.9674],[-66.5393,-35.011],[-66.5226,-35.0198],[-66.5266,-35.049],[-66.4788,-35.1449],[-66.4945,-35.1581],[-66.497,-35.1958],[-66.4842,-35.2408],[-66.5195,-35.2743],[-66.4956,-35.3112],[-66.5123,-35.3992],[-66.53,-35.4453],[-66.5174,-35.4715],[-66.541,-35.5639],[-66.5703,-35.582],[-66.562,-35.6253],[-66.5477,-35.6388],[-66.5578,-35.672],[-66.5806,-35.7038],[-66.5807,-35.7686],[-66.6045,-35.8277],[-66.6222,-35.8484],[-66.6181,-35.903],[-66.6286,-35.9167],[-66.6188,-35.9642],[-66.6378,-36.0006],[-66.3745,-35.9994],[-65.8232,-35.9997],[-65.5325,-35.9964],[-65.3563,-35.9995],[-65.1078,-35.9991],[-65.1076,-35.8012],[-65.1071,-35.3583],[-65.1068,-35.0153],[-65.1059,-34.6025],[-65.1085,-34.2425],[-65.1092,-33.9506],[-65.1247,-33.5866],[-65.141,-33.2582],[-65.143,-33.1948],[-65.0708,-33.1383],[-65.0548,-33.1156],[-65.0481,-33.0688],[-65.0305,-33.0545],[-64.9997,-33.0027],[-65.0209,-32.9688],[-64.9928,-32.9452],[-64.98,-32.8852],[-64.9617,-32.8564],[-64.974,-32.829],[-64.9685,-32.7988],[-64.9432,-32.7614],[-64.9482,-32.7228],[-64.9095,-32.6854],[-64.9239,-32.6535],[-64.9161,-32.6081],[-64.8833,-32.5726],[-64.8827,-32.5316],[-64.9192,-32.4838],[-64.9203,-32.4341],[-64.9295,-32.4257],[-64.9221,-32.3705],[-64.9233,-32.3278],[-64.9414,-32.2983],[-64.9772,-32.3214],[-64.9972,-32.314],[-65.212,-32.3267],[-65.2192,-32.2795],[-65.2089,-32.2527],[-65.2312,-32.2111],[-65.2251,-32.1789],[-65.2458,-32.089],[-65.293,-32.0636],[-65.328,-32.0348],[-65.628,-31.8986],[-65.7698,-31.8886],[-65.9149,-31.9099],[-65.979,-31.8892],[-66.0692,-31.9365],[-66.0793,-31.9719],[-66.1314,-31.9437],[-66.161,-31.9403],[-66.1602,-31.9628],[-66.2269,-31.9426],[-66.2924,-31.9317],[-66.3375,-31.9432],[-66.3528,-31.9947],[-66.5688,-31.9498],[-66.6045,-31.9234],[-66.6618,-31.9205]]]}},{"type":"Feature","properties":{"zid":"82"},"geometry":{"type":"Polygon","coordinates":[[[-58.8808,-28.0668],[-58.8937,-28.0353],[-58.884,-28],[-59.1763,-27.9999],[-59.4512,-28.0001],[-59.7026,-28.0015],[-60.1534,-28.0006],[-60.4923,-28.0008],[-60.8156,-27.9986],[-61.098,-27.9977],[-61.3883,-27.9984],[-61.712,-27.9986],[-61.7533,-28.2451],[-61.801,-28.5305],[-61.8434,-28.7837],[-61.9017,-29.132],[-61.9493,-29.4123],[-61.9917,-29.6616],[-62.0525,-30.0196],[-62.1307,-30.4804],[-61.8422,-30.7443],[-61.9891,-31.1963],[-62.1235,-31.6054],[-62.2417,-31.6997],[-62.2181,-31.7406],[-62.218,-31.7881],[-62.226,-31.8378],[-62.2235,-31.8839],[-62.1889,-31.9223],[-62.1678,-31.986],[-62.1819,-32.063],[-62.1968,-32.1148],[-62.1789,-32.1594],[-62.1277,-32.2092],[-62.0425,-32.2584],[-62.0117,-32.3471],[-61.984,-32.3938],[-61.9439,-32.4391],[-61.9131,-32.4997],[-61.9026,-32.569],[-61.9227,-32.5925],[-61.8962,-32.6152],[-61.9462,-32.651],[-61.9466,-32.6785],[-61.904,-32.696],[-61.858,-32.6946],[-61.8301,-32.7462],[-61.7957,-32.774],[-61.7778,-32.83],[-61.7928,-32.8732],[-61.7723,-32.9131],[-61.7909,-32.958],[-61.7877,-33.0062],[-61.8485,-33.0563],[-61.8847,-33.1022],[-61.9232,-33.1196],[-62.2094,-33.5017],[-62.4116,-33.7691],[-62.5449,-33.944],[-62.7801,-34.251],[-62.8839,-34.3865],[-62.5315,-34.3859],[-62.0674,-34.3857],[-61.7198,-34.3856],[-61.3314,-34.0257],[-60.934,-33.6547],[-60.9219,-33.6371],[-60.9181,-33.5884],[-60.8613,-33.5463],[-60.8247,-33.5438],[-60.7821,-33.5776],[-60.7471,-33.5883],[-60.6906,-33.5841],[-60.6648,-33.5923],[-60.6255,-33.6255],[-60.5612,-33.6452],[-60.5233,-33.6487],[-60.4596,-33.6315],[-60.4574,-33.5825],[-60.4185,-33.5585],[-60.421,-33.5046],[-60.4085,-33.466],[-60.3467,-33.4243],[-60.3217,-33.3737],[-60.3234,-33.3503],[-60.2907,-33.3232],[-60.2595,-33.2619],[-60.2978,-33.2423],[-60.2883,-33.1976],[-60.3357,-33.1768],[-60.3825,-33.1892],[-60.4285,-33.1714],[-60.4406,-33.1569],[-60.4934,-33.1314],[-60.5349,-33.0778],[-60.5859,-33.0248],[-60.6105,-32.9913],[-60.6169,-32.9539],[-60.6762,-32.8996],[-60.6793,-32.867],[-60.6589,-32.8312],[-60.6943,-32.8056],[-60.716,-32.7736],[-60.7221,-32.747],[-60.7199,-32.6936],[-60.7259,-32.6636],[-60.7524,-32.6147],[-60.7439,-32.5861],[-60.7474,-32.5543],[-60.7762,-32.507],[-60.7238,-32.4561],[-60.7116,-32.3931],[-60.7216,-32.3421],[-60.7121,-32.3257],[-60.679,-32.3195],[-60.6828,-32.2865],[-60.6737,-32.224],[-60.7001,-32.169],[-60.6947,-32.1288],[-60.6586,-32.0802],[-60.6637,-32.0384],[-60.7235,-31.9776],[-60.7197,-31.9588],[-60.6719,-31.9302],[-60.6529,-31.8971],[-60.6626,-31.8445],[-60.6758,-31.8117],[-60.6409,-31.7918],[-60.6388,-31.742],[-60.5841,-31.7085],[-60.5374,-31.6999],[-60.4676,-31.6983],[-60.3963,-31.643],[-60.3573,-31.6266],[-60.3276,-31.6021],[-60.3399,-31.5552],[-60.2993,-31.5336],[-60.2579,-31.5357],[-60.2302,-31.5183],[-60.2188,-31.4757],[-60.2071,-31.4652],[-60.1491,-31.4483],[-60.1384,-31.4134],[-60.0961,-31.3706],[-60.0869,-31.3398],[-60.1057,-31.3108],[-60.1056,-31.2899],[-60.0255,-31.2591],[-60.0014,-31.2369],[-59.9848,-31.1934],[-59.9833,-31.1557],[-59.9634,-31.1199],[-59.9254,-31.1051],[-59.8779,-31.0562],[-59.8182,-30.9425],[-59.7541,-30.8961],[-59.7348,-30.8766],[-59.7049,-30.8174],[-59.6994,-30.7691],[-59.6399,-30.7278],[-59.6366,-30.7013],[-59.6764,-30.6594],[-59.6735,-30.6363],[-59.6459,-30.597],[-59.6507,-30.5138],[-59.6839,-30.4461],[-59.7171,-30.4254],[-59.7192,-30.3992],[-59.6857,-30.3896],[-59.6665,-30.3649],[-59.6717,-30.3387],[-59.7113,-30.2841],[-59.7073,-30.2667],[-59.6635,-30.2567],[-59.6392,-30.242],[-59.6259,-30.2115],[-59.6313,-30.168],[-59.6121,-30.1025],[-59.5797,-30.0454],[-59.5664,-30.0043],[-59.5916,-29.9687],[-59.5926,-29.9398],[-59.6197,-29.8786],[-59.6556,-29.8534],[-59.6585,-29.8299],[-59.6175,-29.7758],[-59.6104,-29.7149],[-59.614,-29.6688],[-59.5999,-29.5836],[-59.5902,-29.5698],[-59.5895,-29.5172],[-59.58,-29.4598],[-59.6001,-29.4211],[-59.594,-29.3825],[-59.5322,-29.3539],[-59.5162,-29.3377],[-59.5087,-29.2508],[-59.4902,-29.2381],[-59.4021,-29.2169],[-59.3968,-29.1905],[-59.3639,-29.1489],[-59.3582,-29.1279],[-59.3325,-29.1084],[-59.2753,-29.0996],[-59.2126,-29.0527],[-59.1997,-29.0315],[-59.2095,-28.969],[-59.1952,-28.938],[-59.1697,-28.9088],[-59.1581,-28.8774],[-59.1619,-28.8069],[-59.1022,-28.7158],[-59.0781,-28.6649],[-59.105,-28.6339],[-59.0993,-28.5744],[-59.0843,-28.5392],[-59.0543,-28.5078],[-59.0489,-28.4893],[-59.086,-28.436],[-59.0779,-28.3988],[-59.081,-28.3473],[-59.1035,-28.3288],[-59.105,-28.2178],[-59.0862,-28.1995],[-59.0892,-28.1816],[-59.0723,-28.1363],[-59.0534,-28.1268],[-59.0075,-28.1386],[-58.9632,-28.1395],[-58.8808,-28.0668]]]}},{"type":"Feature","properties":{"zid":"90"},"geometry":{"type":"Polygon","coordinates":[[[-64.4949,-26.2195],[-64.5525,-26.2259],[-64.5902,-26.2203],[-64.6147,-26.233],[-64.6591,-26.2418],[-64.7106,-26.2358],[-64.7482,-26.2379],[-64.7822,-26.2234],[-64.8228,-26.2427],[-64.8469,-26.2398],[-64.8734,-26.2749],[-64.8979,-26.2797],[-64.9509,-26.3068],[-64.9725,-26.2744],[-65.0386,-26.2854],[-65.0508,-26.231],[-65.2721,-26.1732],[-65.2938,-26.1268],[-65.2916,-26.1037],[-65.322,-26.0719],[-65.3471,-26.0604],[-65.3745,-26.0654],[-65.4225,-26.1085],[-65.4384,-26.1095],[-65.5046,-26.09],[-65.5481,-26.0875],[-65.6017,-26.1207],[-65.6401,-26.111],[-65.6885,-26.1173],[-65.6999,-26.1564],[-65.696,-26.1873],[-65.7117,-26.2134],[-65.7028,-26.2416],[-65.7228,-26.2798],[-65.7075,-26.299],[-65.7194,-26.3528],[-66,-26.264],[-66.047,-26.2412],[-66.0714,-26.2387],[-66.0998,-26.2205],[-66.0941,-26.2486],[-66.1191,-26.2674],[-66.1143,-26.3436],[-66.124,-26.3866],[-66.1558,-26.3973],[-66.1537,-26.4365],[-66.1768,-26.4847],[-66.1639,-26.5383],[-66.1761,-26.5778],[-66.1675,-26.6013],[-66.1723,-26.629],[-66.0422,-26.6004],[-65.8343,-26.7366],[-65.8539,-26.7597],[-65.8744,-26.8182],[-65.9005,-26.8638],[-65.8576,-26.9013],[-65.8578,-26.9292],[-65.8749,-26.9329],[-65.8912,-26.9751],[-65.9119,-26.9809],[-65.9135,-27.0068],[-65.9653,-27.0346],[-65.9711,-27.0687],[-65.991,-27.1056],[-66.0196,-27.1129],[-66.0549,-27.1453],[-66.0793,-27.2088],[-66.11,-27.2155],[-66.1332,-27.2406],[-66.1392,-27.2623],[-66.0764,-27.2887],[-66.03,-27.2979],[-65.9717,-27.3338],[-65.9654,-27.3879],[-65.9744,-27.4149],[-65.9738,-27.5025],[-65.9659,-27.5436],[-65.944,-27.5951],[-65.93,-27.6465],[-65.9154,-27.6691],[-65.8754,-27.6725],[-65.8287,-27.8204],[-65.795,-27.8071],[-65.793,-27.7826],[-65.7532,-27.77],[-65.7211,-27.799],[-65.6995,-27.8412],[-65.6989,-27.8896],[-65.6747,-27.9285],[-65.6663,-27.9732],[-65.6247,-27.9733],[-65.6126,-27.9913],[-65.5763,-28.0141],[-65.5197,-27.9619],[-65.4984,-27.9228],[-65.4635,-27.9088],[-65.3941,-27.8569],[-65.3647,-27.8458],[-65.1708,-27.9465],[-65.1596,-27.877],[-65.108,-27.8932],[-65.039,-27.8793],[-65.0166,-27.794],[-65.0281,-27.7527],[-64.986,-27.7416],[-65.0271,-27.5871],[-65.0117,-27.5642],[-64.9917,-27.5713],[-64.9674,-27.5541],[-64.9669,-27.5094],[-65.0089,-27.4837],[-64.9744,-27.3509],[-64.934,-27.345],[-64.8543,-27.3183],[-64.8319,-27.2212],[-64.8112,-27.1493],[-64.7987,-27.1517],[-64.7669,-27.0148],[-64.7426,-27.0044],[-64.7074,-26.82],[-64.6777,-26.825],[-64.6722,-26.7942],[-64.6179,-26.8027],[-64.587,-26.6579],[-64.4986,-26.6736],[-64.5087,-26.549],[-64.5208,-26.548],[-64.5164,-26.4893],[-64.5315,-26.3787],[-64.5203,-26.3524],[-64.4818,-26.3076],[-64.5021,-26.2395],[-64.4949,-26.2195]]]}},{"type":"Feature","properties":{"zid":"38"},"geometry":{"type":"Polygon","coordinates":[[[-65.1866,-22.0853],[-65.475,-22.0895],[-65.4838,-22.0958],[-65.5744,-22.0762],[-65.5824,-22.0941],[-65.6753,-22.1116],[-65.7149,-22.0974],[-65.7483,-22.1091],[-65.8048,-22.0752],[-65.9248,-21.9335],[-66.0482,-21.919],[-66.0433,-21.8719],[-66.0763,-21.835],[-66.1941,-21.796],[-66.221,-21.7809],[-66.2411,-21.7889],[-66.236,-21.8496],[-66.2603,-21.9061],[-66.2831,-21.9826],[-66.2809,-22.0187],[-66.2924,-22.0346],[-66.2879,-22.0858],[-66.3092,-22.0938],[-66.3478,-22.128],[-66.6232,-22.1974],[-66.6382,-22.2255],[-66.6862,-22.2095],[-66.7393,-22.2385],[-66.7616,-22.3459],[-66.7843,-22.4018],[-66.7825,-22.4381],[-66.9286,-22.4922],[-66.9729,-22.5407],[-67.0272,-22.5409],[-67.0141,-22.6548],[-67.1278,-22.7221],[-67.1805,-22.8141],[-66.9905,-23],[-67.0731,-23.2597],[-67.1344,-23.4485],[-67.213,-23.6949],[-66.9976,-23.885],[-66.9794,-23.9226],[-66.938,-23.9834],[-66.9152,-23.9702],[-66.8871,-23.9717],[-66.84,-24.0681],[-66.7974,-24.0964],[-66.7752,-24.0878],[-66.741,-24.0926],[-66.7141,-24.1323],[-66.6786,-24.1421],[-66.6463,-24.1725],[-66.5908,-24.188],[-66.5587,-24.1873],[-66.5436,-24.2076],[-66.5121,-24.1974],[-66.4834,-24.213],[-66.4788,-24.1846],[-66.4457,-24.1647],[-66.4206,-24.1607],[-66.4143,-24.1287],[-66.3818,-24.1278],[-66.3695,-24.0932],[-66.3702,-24.0501],[-66.3497,-24.0212],[-66.3668,-23.9736],[-66.3544,-23.8839],[-66.3793,-23.8474],[-66.3579,-23.8229],[-66.3605,-23.7842],[-66.3769,-23.7489],[-66.3676,-23.7331],[-66.3676,-23.6946],[-66.3303,-23.6566],[-66.3334,-23.6223],[-66.3172,-23.606],[-66.3111,-23.5614],[-66.2732,-23.573],[-66.2396,-23.4925],[-66.2186,-23.4844],[-66.1717,-23.4139],[-66.1198,-23.4303],[-66.094,-23.4549],[-65.9991,-23.5148],[-65.9872,-23.5097],[-66.0099,-23.7747],[-66.0102,-23.8216],[-66.0219,-23.8617],[-66.011,-23.8984],[-66.0165,-23.9181],[-65.9965,-23.9446],[-65.9909,-23.9817],[-65.9602,-23.9667],[-65.9375,-23.9757],[-65.9431,-24.0082],[-65.8674,-24.0033],[-65.8028,-24.0345],[-65.7851,-24.056],[-65.7463,-24.0624],[-65.7209,-24.1093],[-65.7308,-24.1442],[-65.7161,-24.163],[-65.725,-24.186],[-65.6945,-24.2148],[-65.6972,-24.2297],[-65.6725,-24.2487],[-65.6827,-24.3077],[-65.6559,-24.3551],[-65.6534,-24.3803],[-65.6162,-24.3879],[-65.6002,-24.417],[-65.5713,-24.4222],[-65.5437,-24.4493],[-65.5204,-24.4463],[-65.488,-24.4276],[-65.4643,-24.4306],[-65.4398,-24.4605],[-65.4162,-24.4559],[-65.3701,-24.4648],[-65.3434,-24.4977],[-65.2293,-24.4862],[-65.2307,-24.4715],[-65.1945,-24.4598],[-65.1737,-24.4699],[-65.141,-24.5038],[-65.0966,-24.5328],[-65.0797,-24.5622],[-65.0073,-24.5796],[-64.9968,-24.5762],[-64.944,-24.5966],[-64.9141,-24.5974],[-64.8915,-24.5652],[-64.8853,-24.5218],[-64.8427,-24.4671],[-64.7706,-24.5042],[-64.7639,-24.5176],[-64.7258,-24.5299],[-64.6836,-24.5908],[-64.665,-24.6074],[-64.6317,-24.6079],[-64.5939,-24.5834],[-64.5601,-24.5772],[-64.5365,-24.5092],[-64.4974,-24.5027],[-64.4768,-24.4626],[-64.4633,-24.4657],[-64.4358,-24.4409],[-64.4217,-24.4022],[-64.3901,-24.4057],[-64.346,-24.4254],[-64.3175,-24.427],[-64.2888,-24.4071],[-64.252,-24.3642],[-64.245,-24.3362],[-64.2254,-24.3274],[-64.18,-24.2636],[-64.1684,-24.2255],[-64.175,-24.2149],[-64.1508,-24.1364],[-64.1537,-24.0798],[-64.161,-24.0706],[-64.1587,-23.7414],[-64.1571,-23.518],[-64.3543,-23.518],[-64.4022,-23.5965],[-64.3932,-23.6101],[-64.419,-23.6357],[-64.4613,-23.6233],[-64.4788,-23.6082],[-64.4948,-23.5687],[-64.52,-23.5516],[-64.5534,-23.5123],[-64.5861,-23.5122],[-64.6146,-23.4923],[-64.6541,-23.4846],[-64.6795,-23.4577],[-64.7142,-23.4599],[-64.7612,-23.4757],[-64.7883,-23.4962],[-64.8714,-23.4789],[-64.8684,-23.4474],[-64.8949,-23.4404],[-64.9067,-23.4238],[-64.8995,-23.3385],[-64.9118,-23.3093],[-64.9396,-23.2848],[-65.0101,-23.2851],[-65.0336,-23.2552],[-65.038,-23.2284],[-65.0748,-23.2138],[-65.0461,-23.1628],[-65.0716,-23.1323],[-65.0623,-23.0651],[-65.0872,-23.0275],[-65.1173,-23.0202],[-65.1316,-23.004],[-65.1905,-22.9943],[-65.1875,-22.9718],[-65.216,-22.9601],[-65.2517,-22.928],[-65.2526,-22.875],[-65.2761,-22.8169],[-65.2742,-22.7901],[-65.302,-22.765],[-65.3061,-22.7304],[-65.2978,-22.6986],[-65.273,-22.6632],[-65.2717,-22.6482],[-65.3265,-22.6129],[-65.3469,-22.6059],[-65.3468,-22.5194],[-65.3057,-22.4666],[-65.2844,-22.3896],[-65.2614,-22.3374],[-65.2266,-22.3202],[-65.2403,-22.2792],[-65.2138,-22.15],[-65.1941,-22.1447],[-65.1944,-22.1001],[-65.1866,-22.0853]]]}},{"type":"Feature","properties":{"zid":"86"},"geometry":{"type":"Polygon","coordinates":[[[-61.712,-27.9986],[-61.7118,-27.6377],[-61.7128,-27.3126],[-61.7128,-27.0109],[-61.7121,-26.5762],[-61.7123,-26.3805],[-61.7125,-26.0115],[-61.7118,-25.6547],[-62.0128,-25.6549],[-62.3259,-25.6519],[-62.5355,-25.6513],[-63.1924,-25.6491],[-63.4224,-25.6492],[-63.4755,-25.71],[-63.5663,-25.7099],[-63.6605,-25.6854],[-63.875,-25.6848],[-64.0078,-25.6738],[-64.0255,-25.7539],[-64.1963,-25.728],[-64.1975,-25.7095],[-64.268,-25.7006],[-64.413,-26.0405],[-64.4036,-26.0484],[-64.4167,-26.1143],[-64.4255,-26.1159],[-64.4949,-26.2195],[-64.5021,-26.2395],[-64.4818,-26.3076],[-64.5203,-26.3524],[-64.5315,-26.3787],[-64.5164,-26.4893],[-64.5208,-26.548],[-64.5087,-26.549],[-64.4986,-26.6736],[-64.587,-26.6579],[-64.6179,-26.8027],[-64.6722,-26.7942],[-64.6777,-26.825],[-64.7074,-26.82],[-64.7426,-27.0044],[-64.7669,-27.0148],[-64.7987,-27.1517],[-64.8112,-27.1493],[-64.8319,-27.2212],[-64.8543,-27.3183],[-64.934,-27.345],[-64.9744,-27.3509],[-65.0089,-27.4837],[-64.9669,-27.5094],[-64.9674,-27.5541],[-64.9917,-27.5713],[-65.0117,-27.5642],[-65.0271,-27.5871],[-64.986,-27.7416],[-65.0281,-27.7527],[-65.0166,-27.794],[-65.039,-27.8793],[-65.108,-27.8932],[-65.1596,-27.877],[-65.1708,-27.9465],[-65.1124,-28.1867],[-65.0971,-28.4709],[-65.1259,-28.6115],[-65.1846,-28.6006],[-65.1883,-28.6192],[-65.1391,-28.657],[-65.1268,-28.7162],[-65.0166,-28.7378],[-64.9773,-28.7892],[-64.9386,-28.8057],[-64.9011,-28.8413],[-64.912,-28.8866],[-64.9066,-28.9324],[-64.8637,-29.0161],[-64.8637,-29.0599],[-64.8544,-29.0703],[-64.8545,-29.1974],[-64.8376,-29.2286],[-64.7907,-29.2726],[-64.8247,-29.2738],[-64.8423,-29.3127],[-64.8426,-29.3337],[-64.8145,-29.3775],[-64.7879,-29.4006],[-64.7964,-29.4345],[-64.8167,-29.4527],[-64.8312,-29.5124],[-64.8246,-29.5743],[-64.2755,-29.4987],[-64.0823,-29.5301],[-63.9808,-29.551],[-63.9578,-29.6235],[-63.8739,-29.6308],[-63.8419,-29.5808],[-63.7838,-29.5842],[-63.795,-29.615],[-63.7615,-29.6186],[-63.7484,-29.6533],[-63.719,-29.6662],[-63.6503,-29.6628],[-63.6279,-29.655],[-63.5687,-29.6643],[-63.5275,-29.658],[-63.4654,-29.6645],[-63.4805,-29.7255],[-63.4597,-29.7255],[-63.4596,-29.7569],[-63.2705,-29.7792],[-62.8063,-29.8338],[-62.8293,-29.8424],[-62.8381,-29.8646],[-62.8203,-29.9039],[-62.8007,-29.9082],[-62.7855,-29.9457],[-62.7239,-29.9908],[-62.6976,-29.9896],[-62.655,-30.0073],[-62.6746,-30.0341],[-62.6554,-30.0553],[-62.6227,-30.0528],[-62.5863,-30.0637],[-62.5565,-30.0628],[-62.5646,-30.1148],[-62.5962,-30.1641],[-62.6013,-30.1909],[-62.5897,-30.236],[-62.5894,-30.2687],[-62.5345,-30.312],[-62.5201,-30.3419],[-62.1738,-30.3453],[-62.1307,-30.4804],[-62.0525,-30.0196],[-61.9917,-29.6616],[-61.9493,-29.4123],[-61.9017,-29.132],[-61.8434,-28.7837],[-61.801,-28.5305],[-61.7533,-28.2451],[-61.712,-27.9986]]]}},{"type":"Feature","properties":{"zid":"14"},"geometry":{"type":"Polygon","coordinates":[[[-62.1307,-30.4804],[-62.1738,-30.3453],[-62.5201,-30.3419],[-62.5345,-30.312],[-62.5894,-30.2687],[-62.5897,-30.236],[-62.6013,-30.1909],[-62.5962,-30.1641],[-62.5646,-30.1148],[-62.5565,-30.0628],[-62.5863,-30.0637],[-62.6227,-30.0528],[-62.6554,-30.0553],[-62.6746,-30.0341],[-62.655,-30.0073],[-62.6976,-29.9896],[-62.7239,-29.9908],[-62.7855,-29.9457],[-62.8007,-29.9082],[-62.8203,-29.9039],[-62.8381,-29.8646],[-62.8293,-29.8424],[-62.8063,-29.8338],[-63.2705,-29.7792],[-63.4596,-29.7569],[-63.4597,-29.7255],[-63.4805,-29.7255],[-63.4654,-29.6645],[-63.5275,-29.658],[-63.5687,-29.6643],[-63.6279,-29.655],[-63.6503,-29.6628],[-63.719,-29.6662],[-63.7484,-29.6533],[-63.7615,-29.6186],[-63.795,-29.615],[-63.7838,-29.5842],[-63.8419,-29.5808],[-63.8739,-29.6308],[-63.9578,-29.6235],[-63.9808,-29.551],[-64.0823,-29.5301],[-64.2755,-29.4987],[-64.8246,-29.5743],[-64.9641,-29.5961],[-64.9379,-29.8475],[-65.1583,-30.0473],[-65.423,-30.1196],[-65.5252,-30.4908],[-65.6661,-30.8074],[-65.7715,-31.0442],[-65.7708,-31.3684],[-65.7698,-31.8886],[-65.628,-31.8986],[-65.328,-32.0348],[-65.293,-32.0636],[-65.2458,-32.089],[-65.2251,-32.1789],[-65.2312,-32.2111],[-65.2089,-32.2527],[-65.2192,-32.2795],[-65.212,-32.3267],[-64.9972,-32.314],[-64.9772,-32.3214],[-64.9414,-32.2983],[-64.9233,-32.3278],[-64.9221,-32.3705],[-64.9295,-32.4257],[-64.9203,-32.4341],[-64.9192,-32.4838],[-64.8827,-32.5316],[-64.8833,-32.5726],[-64.9161,-32.6081],[-64.9239,-32.6535],[-64.9095,-32.6854],[-64.9482,-32.7228],[-64.9432,-32.7614],[-64.9685,-32.7988],[-64.974,-32.829],[-64.9617,-32.8564],[-64.98,-32.8852],[-64.9928,-32.9452],[-65.0209,-32.9688],[-64.9997,-33.0027],[-65.0305,-33.0545],[-65.0481,-33.0688],[-65.0548,-33.1156],[-65.0708,-33.1383],[-65.143,-33.1948],[-65.141,-33.2582],[-65.1247,-33.5866],[-65.1092,-33.9506],[-65.1085,-34.2425],[-65.1059,-34.6025],[-65.1068,-35.0153],[-64.5881,-35.0115],[-64.2563,-35.0111],[-64.1407,-35.009],[-63.8926,-35.0073],[-63.4904,-35.0041],[-63.3857,-35.0022],[-63.3855,-34.6868],[-63.3851,-34.3858],[-62.8839,-34.3865],[-62.7801,-34.251],[-62.5449,-33.944],[-62.4116,-33.7691],[-62.2094,-33.5017],[-61.9232,-33.1196],[-61.8847,-33.1022],[-61.8485,-33.0563],[-61.7877,-33.0062],[-61.7909,-32.958],[-61.7723,-32.9131],[-61.7928,-32.8732],[-61.7778,-32.83],[-61.7957,-32.774],[-61.8301,-32.7462],[-61.858,-32.6946],[-61.904,-32.696],[-61.9466,-32.6785],[-61.9462,-32.651],[-61.8962,-32.6152],[-61.9227,-32.5925],[-61.9026,-32.569],[-61.9131,-32.4997],[-61.9439,-32.4391],[-61.984,-32.3938],[-62.0117,-32.3471],[-62.0425,-32.2584],[-62.1277,-32.2092],[-62.1789,-32.1594],[-62.1968,-32.1148],[-62.1819,-32.063],[-62.1678,-31.986],[-62.1889,-31.9223],[-62.2235,-31.8839],[-62.226,-31.8378],[-62.218,-31.7881],[-62.2181,-31.7406],[-62.2417,-31.6997],[-62.1235,-31.6054],[-61.9891,-31.1963],[-61.8422,-30.7443],[-62.1307,-30.4804]]]}},{"type":"Feature","properties":{"zid":"42"},"geometry":{"type":"Polygon","coordinates":[[[-63.3833,-39.3285],[-63.3835,-39.0154],[-63.385,-38.7227],[-63.3851,-38.4511],[-63.3855,-38.1528],[-63.3857,-37.8085],[-63.3855,-37.3496],[-63.3855,-36.9216],[-63.3851,-36.6798],[-63.3856,-36.357],[-63.3854,-35.9601],[-63.3856,-35.5584],[-63.3858,-35.3323],[-63.3857,-35.0022],[-63.4904,-35.0041],[-63.8926,-35.0073],[-64.1407,-35.009],[-64.2563,-35.0111],[-64.5881,-35.0115],[-65.1068,-35.0153],[-65.1071,-35.3583],[-65.1076,-35.8012],[-65.1078,-35.9991],[-65.3563,-35.9995],[-65.5325,-35.9964],[-65.8232,-35.9997],[-66.3745,-35.9994],[-66.6378,-36.0006],[-67.1329,-35.9991],[-67.6274,-35.9984],[-67.949,-35.9979],[-68.2964,-35.9976],[-68.2961,-36.1725],[-68.2502,-36.1725],[-68.2465,-36.3747],[-68.2458,-36.699],[-68.247,-36.8265],[-68.2474,-37.1709],[-68.2543,-37.5719],[-68.2397,-37.5843],[-68.2018,-37.5889],[-68.1514,-37.5805],[-68.1068,-37.5962],[-68.027,-37.5974],[-67.9784,-37.6081],[-67.9481,-37.603],[-67.9239,-37.6172],[-67.8415,-37.6209],[-67.7708,-37.6692],[-67.7604,-37.7434],[-67.7238,-37.7935],[-67.7305,-37.8519],[-67.7833,-37.8959],[-67.8462,-37.9177],[-67.9033,-37.9821],[-67.8594,-38.0539],[-67.7303,-38.0758],[-67.7301,-38.1148],[-67.6856,-38.1381],[-67.6818,-38.1648],[-67.6565,-38.2018],[-67.5932,-38.2406],[-67.5479,-38.2563],[-67.3641,-38.2538],[-67.3171,-38.2476],[-67.2611,-38.2171],[-67.1861,-38.2165],[-67.1966,-38.2538],[-67.1531,-38.2913],[-67.1479,-38.3316],[-67.1562,-38.3493],[-67.1186,-38.3568],[-67.0918,-38.3996],[-67.007,-38.4243],[-66.9958,-38.4457],[-66.951,-38.4526],[-66.897,-38.4437],[-66.8921,-38.462],[-66.812,-38.4848],[-66.7861,-38.4805],[-66.747,-38.5165],[-66.6347,-38.543],[-66.6107,-38.5575],[-66.5782,-38.6228],[-66.5983,-38.6505],[-66.5948,-38.6842],[-66.5582,-38.6964],[-66.5386,-38.7209],[-66.4967,-38.7185],[-66.4418,-38.7456],[-66.3891,-38.7384],[-66.3462,-38.7565],[-66.3134,-38.7445],[-66.218,-38.741],[-66.155,-38.7289],[-66.1331,-38.7393],[-66.1041,-38.7274],[-66.077,-38.7425],[-66.0339,-38.7509],[-66.02,-38.7429],[-65.9461,-38.7493],[-65.9418,-38.7694],[-65.8546,-38.7966],[-65.7905,-38.7954],[-65.7833,-38.8087],[-65.6984,-38.8197],[-65.6911,-38.8348],[-65.6152,-38.8083],[-65.6033,-38.7771],[-65.5265,-38.7785],[-65.5025,-38.7981],[-65.4553,-38.8159],[-65.3895,-38.8318],[-65.3771,-38.8556],[-65.3102,-38.8307],[-65.2675,-38.8221],[-65.2571,-38.8314],[-65.1862,-38.8293],[-65.1689,-38.8022],[-64.9572,-38.8231],[-64.9264,-38.8329],[-64.8771,-38.8145],[-64.8472,-38.8266],[-64.8095,-38.8161],[-64.738,-38.8407],[-64.6724,-38.8336],[-64.5998,-38.8578],[-64.5242,-38.8604],[-64.5152,-38.8684],[-64.4472,-38.8678],[-64.3763,-38.8921],[-64.3435,-38.8937],[-64.3208,-38.9069],[-64.2956,-38.8975],[-64.276,-38.9153],[-64.2301,-38.9241],[-64.1526,-38.9632],[-64.0495,-38.9996],[-64.0113,-39.0021],[-63.9986,-39.0356],[-63.959,-39.0452],[-63.9335,-39.0616],[-63.8979,-39.107],[-63.8703,-39.096],[-63.8194,-39.1265],[-63.7915,-39.1189],[-63.7612,-39.1384],[-63.733,-39.1859],[-63.6909,-39.2064],[-63.6365,-39.2436],[-63.558,-39.2614],[-63.5412,-39.2967],[-63.5052,-39.3142],[-63.4856,-39.3083],[-63.46,-39.3283],[-63.3833,-39.3285]]]}},{"type":"Feature","properties":{"zid":"22"},"geometry":{"type":"Polygon","coordinates":[[[-58.3782,-26.8798],[-58.4224,-26.8244],[-58.4481,-26.8274],[-58.4947,-26.7945],[-58.5308,-26.7408],[-58.5691,-26.7277],[-58.5798,-26.6859],[-58.611,-26.6815],[-58.6254,-26.6643],[-58.6532,-26.6594],[-58.6745,-26.6421],[-58.6955,-26.594],[-58.7408,-26.6045],[-58.7515,-26.5967],[-58.7706,-26.5387],[-58.7961,-26.535],[-58.8568,-26.5089],[-58.8658,-26.4751],[-58.9098,-26.4626],[-58.9393,-26.4331],[-58.9591,-26.3972],[-59.0027,-26.3741],[-59.0241,-26.3812],[-59.0429,-26.3653],[-59.0685,-26.3742],[-59.1388,-26.3127],[-59.1676,-26.2986],[-59.2265,-26.3394],[-59.2777,-26.3498],[-59.2993,-26.3361],[-59.3335,-26.3357],[-59.3779,-26.3208],[-59.3901,-26.2973],[-59.3811,-26.268],[-59.3993,-26.2562],[-59.4103,-26.2071],[-59.4292,-26.1964],[-59.4131,-26.1695],[-59.4568,-26.1508],[-59.4774,-26.1623],[-59.5355,-26.1413],[-59.5672,-26.1489],[-59.5848,-26.1218],[-59.6161,-26.12],[-59.6328,-26.1364],[-59.6571,-26.1347],[-59.6825,-26.0895],[-59.6731,-26.0702],[-59.6723,-26.0028],[-59.6961,-26.0065],[-59.7514,-25.9632],[-59.7555,-25.9189],[-59.7786,-25.9158],[-59.7948,-25.8967],[-59.8246,-25.8916],[-59.8437,-25.856],[-59.8696,-25.8354],[-59.9003,-25.7949],[-59.9265,-25.7919],[-59.9279,-25.7699],[-59.955,-25.7699],[-59.9982,-25.7346],[-60.0215,-25.723],[-60.0182,-25.7041],[-60.0572,-25.6799],[-60.0781,-25.6795],[-60.1014,-25.6575],[-60.1157,-25.6631],[-60.1513,-25.6438],[-60.1713,-25.6485],[-60.2236,-25.5895],[-60.2416,-25.5446],[-60.2202,-25.5343],[-60.2245,-25.4851],[-60.2782,-25.4402],[-60.3272,-25.4074],[-60.35,-25.3556],[-60.3543,-25.3227],[-60.389,-25.3353],[-60.466,-25.2424],[-60.4893,-25.2285],[-60.495,-25.2069],[-60.5296,-25.1718],[-60.5722,-25.1845],[-60.6083,-25.1771],[-60.6539,-25.1585],[-60.7,-25.1196],[-60.7328,-25.117],[-60.7509,-25.0776],[-60.807,-25.0642],[-60.8293,-25.0451],[-60.8697,-25.0313],[-60.875,-25.0197],[-60.9339,-25.0048],[-60.9249,-24.9866],[-60.9571,-24.968],[-60.9725,-24.9419],[-61.0025,-24.9175],[-61.0428,-24.8974],[-61.0713,-24.8549],[-61.0927,-24.8488],[-61.1298,-24.8197],[-61.1564,-24.785],[-61.1706,-24.6999],[-61.1892,-24.7099],[-61.2084,-24.6967],[-61.1973,-24.6613],[-61.2529,-24.6287],[-61.2847,-24.6243],[-61.3418,-24.6395],[-61.3812,-24.6137],[-61.4238,-24.6175],[-61.454,-24.6122],[-61.4811,-24.5952],[-61.4772,-24.5752],[-61.5176,-24.5486],[-61.549,-24.4996],[-61.5964,-24.4793],[-61.582,-24.4537],[-61.6103,-24.4217],[-61.6552,-24.4327],[-61.6945,-24.4152],[-61.7282,-24.3594],[-61.7287,-24.342],[-61.7606,-24.3285],[-61.791,-24.3337],[-61.8247,-24.3198],[-61.8399,-24.3015],[-61.8661,-24.3101],[-61.9051,-24.3048],[-61.9388,-24.2662],[-61.945,-24.2392],[-61.9692,-24.2344],[-61.9963,-24.247],[-62.0054,-24.2309],[-62.041,-24.2405],[-62.0553,-24.2113],[-62.0791,-24.2296],[-62.0883,-24.202],[-62.1399,-24.2156],[-62.1361,-24.196],[-62.1808,-24.1952],[-62.1717,-24.1777],[-62.1827,-24.155],[-62.2164,-24.1511],[-62.2283,-24.1354],[-62.2863,-24.1293],[-62.3305,-24.0791],[-62.3422,-24.1102],[-62.3424,-24.3921],[-62.6151,-24.7116],[-62.8451,-24.9819],[-63.0087,-25.1719],[-63.2045,-25.3986],[-63.4224,-25.6492],[-63.1924,-25.6491],[-62.5355,-25.6513],[-62.3259,-25.6519],[-62.0128,-25.6549],[-61.7118,-25.6547],[-61.7125,-26.0115],[-61.7123,-26.3805],[-61.7121,-26.5762],[-61.7128,-27.0109],[-61.7128,-27.3126],[-61.7118,-27.6377],[-61.712,-27.9986],[-61.3883,-27.9984],[-61.098,-27.9977],[-60.8156,-27.9986],[-60.4923,-28.0008],[-60.1534,-28.0006],[-59.7026,-28.0015],[-59.4512,-28.0001],[-59.1763,-27.9999],[-58.884,-28],[-58.8937,-28.0353],[-58.8808,-28.0668],[-58.8597,-28.0503],[-58.8607,-28.021],[-58.8293,-27.9619],[-58.8435,-27.914],[-58.8432,-27.8763],[-58.8235,-27.8395],[-58.8097,-27.7834],[-58.8188,-27.6812],[-58.8355,-27.6466],[-58.8827,-27.6085],[-58.8714,-27.5799],[-58.8814,-27.4979],[-58.8573,-27.4672],[-58.8086,-27.4237],[-58.7935,-27.3932],[-58.7683,-27.3763],[-58.7456,-27.3822],[-58.7009,-27.3635],[-58.6688,-27.3591],[-58.6165,-27.3186],[-58.598,-27.2725],[-58.5961,-27.2204],[-58.6616,-27.1866],[-58.6522,-27.1306],[-58.6369,-27.1176],[-58.5542,-27.1037],[-58.5596,-27.0376],[-58.4976,-27.0434],[-58.5203,-27.014],[-58.4959,-26.9965],[-58.4681,-26.9914],[-58.5,-26.9259],[-58.4596,-26.9297],[-58.3892,-26.8947],[-58.3782,-26.8798]]]}},{"type":"Feature","properties":{"zid":"34"},"geometry":{"type":"Polygon","coordinates":[[[-58.3782,-26.8798],[-58.3637,-26.8645],[-58.3387,-26.872],[-58.3184,-26.857],[-58.3368,-26.8173],[-58.2855,-26.7968],[-58.2959,-26.7629],[-58.2598,-26.7623],[-58.2454,-26.7474],[-58.2563,-26.7185],[-58.2543,-26.6875],[-58.2635,-26.6517],[-58.2457,-26.6423],[-58.2019,-26.6542],[-58.1935,-26.6381],[-58.2087,-26.6147],[-58.1941,-26.5978],[-58.2009,-26.5584],[-58.2226,-26.5425],[-58.2085,-26.5049],[-58.232,-26.481],[-58.2238,-26.4637],[-58.1885,-26.4631],[-58.1839,-26.4494],[-58.2185,-26.4178],[-58.2193,-26.3895],[-58.1597,-26.3488],[-58.1555,-26.3102],[-58.168,-26.2859],[-58.1582,-26.2602],[-58.1095,-26.2409],[-58.1041,-26.2238],[-58.1403,-26.2001],[-58.1181,-26.1845],[-58.1203,-26.1608],[-58.0909,-26.1163],[-58.037,-26.1112],[-57.9464,-26.066],[-57.9195,-26.0323],[-57.8582,-26.0102],[-57.8513,-25.9914],[-57.8937,-25.9643],[-57.8739,-25.9291],[-57.8419,-25.9212],[-57.8365,-25.9073],[-57.863,-25.8822],[-57.8546,-25.8551],[-57.8163,-25.8474],[-57.7965,-25.8102],[-57.8202,-25.7801],[-57.8232,-25.7512],[-57.7937,-25.7621],[-57.7726,-25.7568],[-57.7352,-25.7265],[-57.7657,-25.6903],[-57.7354,-25.647],[-57.6825,-25.6622],[-57.6707,-25.6473],[-57.6783,-25.6065],[-57.656,-25.597],[-57.6271,-25.6176],[-57.6108,-25.6106],[-57.6046,-25.5688],[-57.5781,-25.5675],[-57.5698,-25.545],[-57.5787,-25.5073],[-57.5606,-25.4527],[-57.5965,-25.4011],[-57.6424,-25.3834],[-57.6506,-25.3666],[-57.6993,-25.3181],[-57.7287,-25.2466],[-57.7573,-25.2161],[-57.7492,-25.1963],[-57.7789,-25.1533],[-57.8109,-25.146],[-57.8384,-25.1269],[-57.8483,-25.0974],[-57.8685,-25.084],[-57.9341,-25.0722],[-57.985,-25.0836],[-57.9979,-25.0535],[-58.0317,-25.0357],[-58.0706,-25.0414],[-58.095,-25.0091],[-58.1312,-25.0123],[-58.1507,-24.9746],[-58.1869,-24.9706],[-58.202,-24.9497],[-58.2356,-24.927],[-58.2551,-24.9357],[-58.3358,-24.9989],[-58.3529,-24.9686],[-58.3929,-24.9516],[-58.4079,-24.9247],[-58.4331,-24.9142],[-58.4303,-24.8931],[-58.4692,-24.8637],[-58.5264,-24.8507],[-58.55,-24.8281],[-58.5739,-24.821],[-58.6113,-24.8311],[-58.6488,-24.8245],[-58.6735,-24.8315],[-58.6997,-24.8144],[-58.7274,-24.7742],[-58.7401,-24.7808],[-58.8084,-24.7716],[-58.8462,-24.7375],[-58.8708,-24.7282],[-58.9714,-24.6628],[-59.0239,-24.6601],[-59.0574,-24.631],[-59.1,-24.6167],[-59.1107,-24.6238],[-59.1534,-24.5997],[-59.1859,-24.5635],[-59.2413,-24.5461],[-59.2578,-24.5196],[-59.2965,-24.5135],[-59.3201,-24.4919],[-59.3519,-24.4817],[-59.3586,-24.4542],[-59.3806,-24.4211],[-59.4223,-24.4073],[-59.4422,-24.3894],[-59.4761,-24.333],[-59.7567,-24.1695],[-60.039,-24.0117],[-60.0731,-24.0111],[-60.0919,-24.0242],[-60.1744,-24.0438],[-60.2744,-24.0442],[-60.3107,-24.0375],[-60.3368,-24.0207],[-60.3805,-24.0191],[-60.3892,-23.9937],[-60.4359,-23.9666],[-60.4867,-23.951],[-60.5085,-23.9708],[-60.5888,-23.9589],[-60.5919,-23.9241],[-60.6124,-23.9036],[-60.6324,-23.9085],[-60.6907,-23.9022],[-60.7442,-23.873],[-60.8034,-23.8684],[-60.846,-23.8716],[-60.8587,-23.8492],[-60.9037,-23.8267],[-60.9082,-23.814],[-60.9437,-23.8014],[-60.9868,-23.8129],[-61.0204,-23.7726],[-61.0609,-23.705],[-61.0807,-23.6902],[-61.0987,-23.6559],[-61.0905,-23.6391],[-61.1082,-23.5987],[-61.165,-23.5667],[-61.1688,-23.5528],[-61.2282,-23.5496],[-61.2885,-23.4892],[-61.3254,-23.4663],[-61.419,-23.4475],[-61.4472,-23.4223],[-61.4941,-23.4244],[-61.5186,-23.3857],[-61.5298,-23.3457],[-61.5691,-23.3344],[-61.5773,-23.3138],[-61.6081,-23.2832],[-61.6477,-23.2823],[-61.7369,-23.2317],[-61.7375,-23.2037],[-61.7558,-23.1705],[-61.7934,-23.1652],[-61.8169,-23.1454],[-61.8581,-23.0939],[-61.8918,-23.0696],[-61.9347,-23.0677],[-61.9377,-23.0489],[-61.9974,-23.0075],[-61.9959,-22.9515],[-62.0271,-22.9175],[-62.0361,-22.8781],[-62.0769,-22.8268],[-62.1094,-22.8164],[-62.1156,-22.7949],[-62.1592,-22.7585],[-62.1604,-22.7334],[-62.1956,-22.6933],[-62.2036,-22.6619],[-62.1925,-22.6533],[-62.2257,-22.6226],[-62.2622,-22.6041],[-62.2338,-22.5709],[-62.2341,-22.5443],[-62.2517,-22.5155],[-62.2892,-22.5178],[-62.2836,-22.4966],[-62.2948,-22.4759],[-62.3288,-22.4834],[-62.3423,-22.4609],[-62.3414,-22.5907],[-62.3416,-22.8887],[-62.3418,-23.346],[-62.3423,-23.7521],[-62.3422,-24.1102],[-62.3305,-24.0791],[-62.2863,-24.1293],[-62.2283,-24.1354],[-62.2164,-24.1511],[-62.1827,-24.155],[-62.1717,-24.1777],[-62.1808,-24.1952],[-62.1361,-24.196],[-62.1399,-24.2156],[-62.0883,-24.202],[-62.0791,-24.2296],[-62.0553,-24.2113],[-62.041,-24.2405],[-62.0054,-24.2309],[-61.9963,-24.247],[-61.9692,-24.2344],[-61.945,-24.2392],[-61.9388,-24.2662],[-61.9051,-24.3048],[-61.8661,-24.3101],[-61.8399,-24.3015],[-61.8247,-24.3198],[-61.791,-24.3337],[-61.7606,-24.3285],[-61.7287,-24.342],[-61.7282,-24.3594],[-61.6945,-24.4152],[-61.6552,-24.4327],[-61.6103,-24.4217],[-61.582,-24.4537],[-61.5964,-24.4793],[-61.549,-24.4996],[-61.5176,-24.5486],[-61.4772,-24.5752],[-61.4811,-24.5952],[-61.454,-24.6122],[-61.4238,-24.6175],[-61.3812,-24.6137],[-61.3418,-24.6395],[-61.2847,-24.6243],[-61.2529,-24.6287],[-61.1973,-24.6613],[-61.2084,-24.6967],[-61.1892,-24.7099],[-61.1706,-24.6999],[-61.1564,-24.785],[-61.1298,-24.8197],[-61.0927,-24.8488],[-61.0713,-24.8549],[-61.0428,-24.8974],[-61.0025,-24.9175],[-60.9725,-24.9419],[-60.9571,-24.968],[-60.9249,-24.9866],[-60.9339,-25.0048],[-60.875,-25.0197],[-60.8697,-25.0313],[-60.8293,-25.0451],[-60.807,-25.0642],[-60.7509,-25.0776],[-60.7328,-25.117],[-60.7,-25.1196],[-60.6539,-25.1585],[-60.6083,-25.1771],[-60.5722,-25.1845],[-60.5296,-25.1718],[-60.495,-25.2069],[-60.4893,-25.2285],[-60.466,-25.2424],[-60.389,-25.3353],[-60.3543,-25.3227],[-60.35,-25.3556],[-60.3272,-25.4074],[-60.2782,-25.4402],[-60.2245,-25.4851],[-60.2202,-25.5343],[-60.2416,-25.5446],[-60.2236,-25.5895],[-60.1713,-25.6485],[-60.1513,-25.6438],[-60.1157,-25.6631],[-60.1014,-25.6575],[-60.0781,-25.6795],[-60.0572,-25.6799],[-60.0182,-25.7041],[-60.0215,-25.723],[-59.9982,-25.7346],[-59.955,-25.7699],[-59.9279,-25.7699],[-59.9265,-25.7919],[-59.9003,-25.7949],[-59.8696,-25.8354],[-59.8437,-25.856],[-59.8246,-25.8916],[-59.7948,-25.8967],[-59.7786,-25.9158],[-59.7555,-25.9189],[-59.7514,-25.9632],[-59.6961,-26.0065],[-59.6723,-26.0028],[-59.6731,-26.0702],[-59.6825,-26.0895],[-59.6571,-26.1347],[-59.6328,-26.1364],[-59.6161,-26.12],[-59.5848,-26.1218],[-59.5672,-26.1489],[-59.5355,-26.1413],[-59.4774,-26.1623],[-59.4568,-26.1508],[-59.4131,-26.1695],[-59.4292,-26.1964],[-59.4103,-26.2071],[-59.3993,-26.2562],[-59.3811,-26.268],[-59.3901,-26.2973],[-59.3779,-26.3208],[-59.3335,-26.3357],[-59.2993,-26.3361],[-59.2777,-26.3498],[-59.2265,-26.3394],[-59.1676,-26.2986],[-59.1388,-26.3127],[-59.0685,-26.3742],[-59.0429,-26.3653],[-59.0241,-26.3812],[-59.0027,-26.3741],[-58.9591,-26.3972],[-58.9393,-26.4331],[-58.9098,-26.4626],[-58.8658,-26.4751],[-58.8568,-26.5089],[-58.7961,-26.535],[-58.7706,-26.5387],[-58.7515,-26.5967],[-58.7408,-26.6045],[-58.6955,-26.594],[-58.6745,-26.6421],[-58.6532,-26.6594],[-58.6254,-26.6643],[-58.611,-26.6815],[-58.5798,-26.6859],[-58.5691,-26.7277],[-58.5308,-26.7408],[-58.4947,-26.7945],[-58.4481,-26.8274],[-58.4224,-26.8244],[-58.3782,-26.8798]]]}},{"type":"Feature","properties":{"zid":"26"},"geometry":{"type":"Polygon","coordinates":[[[-65.0693,-42],[-65.5,-42],[-66.0001,-42],[-66.5003,-42],[-66.8769,-42],[-67.2502,-42],[-67.7506,-42],[-68.25,-42],[-68.7504,-42],[-69.2502,-42],[-69.75,-42],[-70.0001,-42],[-70.5,-42],[-70.9907,-42],[-71.3462,-42],[-71.7737,-42],[-71.7529,-42.0379],[-71.7295,-42.0441],[-71.7387,-42.0719],[-71.731,-42.1229],[-71.7703,-42.1286],[-71.8366,-42.1621],[-71.8798,-42.1668],[-71.9247,-42.1903],[-71.954,-42.1633],[-71.9561,-42.142],[-72.0071,-42.1394],[-72.0297,-42.1215],[-72.0671,-42.1176],[-72.0849,-42.1437],[-72.1215,-42.1545],[-72.1721,-42.1391],[-72.1847,-42.1765],[-72.1569,-42.1939],[-72.1665,-42.2134],[-72.1537,-42.243],[-72.1673,-42.2616],[-72.1404,-42.2899],[-72.1318,-42.3842],[-72.1128,-42.3985],[-72.0379,-42.4004],[-72.0321,-42.4305],[-72.0468,-42.4491],[-72.0139,-42.4854],[-72.0529,-42.5625],[-72.0749,-42.5656],[-72.1145,-42.6086],[-72.0962,-42.6415],[-72.1226,-42.6724],[-72.1797,-42.6972],[-72.1377,-42.7119],[-72.1472,-42.742],[-72.1341,-42.7584],[-72.1387,-42.7894],[-72.1559,-42.8149],[-72.146,-42.8517],[-72.1205,-42.8766],[-72.1418,-42.8954],[-72.1187,-42.9336],[-72.0732,-42.9496],[-72.0372,-42.9948],[-72.0372,-43.0117],[-72.0026,-43.0374],[-71.9436,-43.0464],[-71.943,-43.0928],[-71.8927,-43.107],[-71.8864,-43.127],[-71.8573,-43.1426],[-71.8167,-43.1452],[-71.7605,-43.1646],[-71.7294,-43.1997],[-71.7571,-43.228],[-71.7317,-43.309],[-71.7686,-43.3001],[-71.8401,-43.3352],[-71.9067,-43.3244],[-71.8902,-43.3598],[-71.912,-43.3867],[-71.9311,-43.4567],[-71.8804,-43.4519],[-71.8486,-43.4829],[-71.8785,-43.5275],[-71.8775,-43.5511],[-71.7826,-43.542],[-71.763,-43.5563],[-71.7624,-43.5809],[-71.7194,-43.5787],[-71.7033,-43.623],[-71.6508,-43.6208],[-71.6078,-43.6286],[-71.5815,-43.6517],[-71.6067,-43.7003],[-71.6616,-43.7034],[-71.6596,-43.7166],[-71.7019,-43.7385],[-71.7535,-43.789],[-71.7633,-43.8372],[-71.732,-43.8597],[-71.7087,-43.8557],[-71.7071,-43.8946],[-71.6672,-43.9011],[-71.6488,-43.9459],[-71.6787,-43.9706],[-71.6962,-44.0063],[-71.7505,-44.0915],[-71.7813,-44.1115],[-71.8477,-44.111],[-71.8477,-44.155],[-71.799,-44.1932],[-71.813,-44.2386],[-71.8088,-44.2882],[-71.7885,-44.3331],[-71.8394,-44.3524],[-71.8051,-44.3977],[-71.803,-44.4196],[-71.7154,-44.3801],[-71.6693,-44.4085],[-71.6383,-44.3986],[-71.5587,-44.4089],[-71.5089,-44.3938],[-71.4435,-44.3961],[-71.3889,-44.3854],[-71.3527,-44.4034],[-71.3493,-44.4247],[-71.2677,-44.4238],[-71.2509,-44.4174],[-71.1694,-44.4405],[-71.1301,-44.4732],[-71.1636,-44.4983],[-71.1343,-44.5057],[-71.0915,-44.5325],[-71.1193,-44.5969],[-71.1888,-44.5938],[-71.2146,-44.6167],[-71.2345,-44.6524],[-71.1979,-44.6894],[-71.2083,-44.7532],[-71.2898,-44.8097],[-71.3283,-44.8085],[-71.3583,-44.7905],[-71.3962,-44.7893],[-71.4694,-44.7376],[-71.5312,-44.743],[-71.6171,-44.777],[-71.6719,-44.787],[-71.6741,-44.7718],[-71.7359,-44.7688],[-71.7895,-44.7531],[-71.8503,-44.8003],[-71.9126,-44.7771],[-71.9452,-44.7912],[-72.0573,-44.7564],[-72.0677,-44.788],[-72.0287,-44.8052],[-72.0654,-44.8483],[-72.0383,-44.8646],[-72.0505,-44.8817],[-72.0195,-44.8974],[-71.9778,-44.9042],[-71.935,-44.9394],[-71.8649,-44.9477],[-71.8172,-44.9198],[-71.745,-44.9566],[-71.7111,-44.9551],[-71.6573,-44.9756],[-71.6015,-44.9707],[-71.5621,-44.978],[-71.5415,-44.9993],[-71.5458,-45.0346],[-71.5066,-45.068],[-71.513,-45.0966],[-71.4914,-45.1078],[-71.4701,-45.1488],[-71.4278,-45.1575],[-71.4182,-45.1762],[-71.3709,-45.2246],[-71.3369,-45.2368],[-71.3504,-45.2679],[-71.3203,-45.2914],[-71.3332,-45.3198],[-71.3827,-45.3494],[-71.4384,-45.3625],[-71.4555,-45.3862],[-71.5278,-45.3914],[-71.5296,-45.411],[-71.5086,-45.4607],[-71.4698,-45.482],[-71.4743,-45.4961],[-71.5445,-45.5205],[-71.6048,-45.5224],[-71.6237,-45.5114],[-71.7402,-45.5414],[-71.7629,-45.5766],[-71.7314,-45.59],[-71.7634,-45.6206],[-71.7955,-45.6668],[-71.773,-45.6812],[-71.8014,-45.719],[-71.7543,-45.7706],[-71.7423,-45.8061],[-71.7691,-45.8462],[-71.7156,-45.8552],[-71.6533,-45.8914],[-71.6411,-45.9248],[-71.6237,-45.9348],[-71.6151,-45.9745],[-71.646,-45.9999],[-69.6562,-45.9999],[-68.3631,-45.9999],[-67.5957,-45.9999],[-67.548,-45.9541],[-67.5521,-45.9257],[-67.4738,-45.8602],[-67.4547,-45.8195],[-67.4265,-45.8107],[-67.3661,-45.7758],[-67.3752,-45.7296],[-67.3592,-45.7234],[-67.3615,-45.6681],[-67.3415,-45.6196],[-67.2844,-45.5692],[-67.2331,-45.5315],[-67.1232,-45.4083],[-67.0686,-45.3518],[-67.0161,-45.3074],[-66.9655,-45.2738],[-66.889,-45.2417],[-66.7609,-45.2245],[-66.7053,-45.2243],[-66.662,-45.2114],[-66.5545,-45.2132],[-66.5183,-45.2226],[-66.528,-45.1866],[-66.5882,-45.1751],[-66.6019,-45.1485],[-66.5555,-45.1416],[-66.4729,-45.1644],[-66.4657,-45.1438],[-66.5245,-45.1492],[-66.5307,-45.1102],[-66.4653,-45.0767],[-66.4266,-45.0711],[-66.3674,-45.0423],[-66.2744,-45.0489],[-66.1966,-44.9831],[-66.0927,-44.9894],[-66.0052,-45.0055],[-65.9581,-45.0438],[-65.9318,-45.049],[-65.8942,-45.0237],[-65.8931,-45.0089],[-65.8493,-45.0018],[-65.8247,-45.0138],[-65.8287,-45.0391],[-65.7652,-45.0212],[-65.7369,-45.0402],[-65.6729,-45.0444],[-65.6109,-45.0331],[-65.6255,-45.0102],[-65.5849,-44.9988],[-65.6067,-44.9765],[-65.5755,-44.9616],[-65.5257,-44.9242],[-65.5729,-44.8956],[-65.6374,-44.8843],[-65.6648,-44.8907],[-65.7038,-44.8756],[-65.7288,-44.8484],[-65.7284,-44.8101],[-65.7026,-44.8013],[-65.6966,-44.7368],[-65.6822,-44.7069],[-65.6448,-44.6701],[-65.5916,-44.6415],[-65.5728,-44.646],[-65.521,-44.6093],[-65.465,-44.5939],[-65.4616,-44.5758],[-65.4151,-44.5728],[-65.3696,-44.5421],[-65.3752,-44.5159],[-65.3409,-44.506],[-65.3179,-44.5166],[-65.2906,-44.5036],[-65.3109,-44.4726],[-65.3342,-44.4599],[-65.2648,-44.3986],[-65.2361,-44.3858],[-65.2274,-44.3341],[-65.2588,-44.3273],[-65.2748,-44.2837],[-65.3117,-44.2169],[-65.3066,-44.181],[-65.2764,-44.1469],[-65.2333,-44.1452],[-65.2416,-44.0883],[-65.2171,-44.0442],[-65.2516,-44.0276],[-65.252,-43.9819],[-65.2831,-43.9621],[-65.3004,-43.9294],[-65.3286,-43.8457],[-65.322,-43.7826],[-65.35,-43.7753],[-65.3552,-43.7533],[-65.3416,-43.6778],[-65.3163,-43.6352],[-65.2507,-43.5685],[-65.194,-43.5399],[-65.174,-43.5054],[-65.1386,-43.4669],[-65.0526,-43.4026],[-65.0435,-43.3811],[-65.0561,-43.3451],[-65.0416,-43.3158],[-64.9763,-43.255],[-64.8892,-43.2073],[-64.7961,-43.1657],[-64.6826,-43.1257],[-64.5522,-43.0931],[-64.459,-43.0645],[-64.4226,-43.0392],[-64.3329,-43.0036],[-64.3077,-42.9786],[-64.3303,-42.9359],[-64.3968,-42.9596],[-64.4333,-42.9506],[-64.494,-42.9483],[-64.5241,-42.9247],[-64.619,-42.9215],[-64.6963,-42.8982],[-64.7031,-42.8858],[-64.8175,-42.839],[-64.8746,-42.8356],[-64.8912,-42.8125],[-65.0263,-42.7736],[-65.0361,-42.7306],[-64.9959,-42.6971],[-64.9788,-42.6483],[-64.9232,-42.6168],[-64.8339,-42.6106],[-64.7455,-42.5429],[-64.6856,-42.5126],[-64.6313,-42.4968],[-64.5633,-42.4915],[-64.4894,-42.5002],[-64.401,-42.5172],[-64.3299,-42.5379],[-64.2121,-42.6324],[-64.2486,-42.6819],[-64.2462,-42.7159],[-64.2591,-42.7398],[-64.242,-42.7832],[-64.1452,-42.8738],[-64.107,-42.8785],[-64.0109,-42.8605],[-63.9806,-42.8502],[-63.8751,-42.835],[-63.7905,-42.8141],[-63.7187,-42.8043],[-63.6325,-42.7652],[-63.6398,-42.6998],[-63.6006,-42.6245],[-63.5832,-42.6063],[-63.6041,-42.5472],[-63.6085,-42.41],[-63.5984,-42.334],[-63.6086,-42.3023],[-63.6769,-42.2187],[-63.7161,-42.1509],[-63.7391,-42.0978],[-63.7578,-42.0771],[-63.7976,-42.0721],[-63.8895,-42.0877],[-63.9638,-42.1145],[-64.0052,-42.1421],[-64.0751,-42.1783],[-64.1436,-42.1966],[-64.3127,-42.2242],[-64.313,-42.2521],[-64.2421,-42.2347],[-64.1861,-42.2483],[-64.1286,-42.2407],[-64.089,-42.2538],[-64.059,-42.2753],[-64.0444,-42.3129],[-64.061,-42.3301],[-64.0426,-42.3465],[-64.0568,-42.3827],[-64.0991,-42.4039],[-64.1203,-42.4283],[-64.1795,-42.4177],[-64.3174,-42.413],[-64.3575,-42.4267],[-64.4773,-42.4383],[-64.5379,-42.425],[-64.5562,-42.432],[-64.6179,-42.4197],[-64.6177,-42.3947],[-64.5667,-42.3377],[-64.5586,-42.3075],[-64.5086,-42.277],[-64.4736,-42.2369],[-64.6142,-42.2308],[-64.6968,-42.2162],[-64.7511,-42.2121],[-64.7997,-42.1965],[-64.8304,-42.1968],[-64.9053,-42.1696],[-64.96,-42.1376],[-65.014,-42.0934],[-65.048,-42.0521],[-65.0693,-42]]]}},{"type":"Feature","properties":{"zid":"62"},"geometry":{"type":"Polygon","coordinates":[[[-63.3833,-39.3285],[-63.46,-39.3283],[-63.4856,-39.3083],[-63.5052,-39.3142],[-63.5412,-39.2967],[-63.558,-39.2614],[-63.6365,-39.2436],[-63.6909,-39.2064],[-63.733,-39.1859],[-63.7612,-39.1384],[-63.7915,-39.1189],[-63.8194,-39.1265],[-63.8703,-39.096],[-63.8979,-39.107],[-63.9335,-39.0616],[-63.959,-39.0452],[-63.9986,-39.0356],[-64.0113,-39.0021],[-64.0495,-38.9996],[-64.1526,-38.9632],[-64.2301,-38.9241],[-64.276,-38.9153],[-64.2956,-38.8975],[-64.3208,-38.9069],[-64.3435,-38.8937],[-64.3763,-38.8921],[-64.4472,-38.8678],[-64.5152,-38.8684],[-64.5242,-38.8604],[-64.5998,-38.8578],[-64.6724,-38.8336],[-64.738,-38.8407],[-64.8095,-38.8161],[-64.8472,-38.8266],[-64.8771,-38.8145],[-64.9264,-38.8329],[-64.9572,-38.8231],[-65.1689,-38.8022],[-65.1862,-38.8293],[-65.2571,-38.8314],[-65.2675,-38.8221],[-65.3102,-38.8307],[-65.3771,-38.8556],[-65.3895,-38.8318],[-65.4553,-38.8159],[-65.5025,-38.7981],[-65.5265,-38.7785],[-65.6033,-38.7771],[-65.6152,-38.8083],[-65.6911,-38.8348],[-65.6984,-38.8197],[-65.7833,-38.8087],[-65.7905,-38.7954],[-65.8546,-38.7966],[-65.9418,-38.7694],[-65.9461,-38.7493],[-66.02,-38.7429],[-66.0339,-38.7509],[-66.077,-38.7425],[-66.1041,-38.7274],[-66.1331,-38.7393],[-66.155,-38.7289],[-66.218,-38.741],[-66.3134,-38.7445],[-66.3462,-38.7565],[-66.3891,-38.7384],[-66.4418,-38.7456],[-66.4967,-38.7185],[-66.5386,-38.7209],[-66.5582,-38.6964],[-66.5948,-38.6842],[-66.5983,-38.6505],[-66.5782,-38.6228],[-66.6107,-38.5575],[-66.6347,-38.543],[-66.747,-38.5165],[-66.7861,-38.4805],[-66.812,-38.4848],[-66.8921,-38.462],[-66.897,-38.4437],[-66.951,-38.4526],[-66.9958,-38.4457],[-67.007,-38.4243],[-67.0918,-38.3996],[-67.1186,-38.3568],[-67.1562,-38.3493],[-67.1479,-38.3316],[-67.1531,-38.2913],[-67.1966,-38.2538],[-67.1861,-38.2165],[-67.2611,-38.2171],[-67.3171,-38.2476],[-67.3641,-38.2538],[-67.5479,-38.2563],[-67.5932,-38.2406],[-67.6565,-38.2018],[-67.6818,-38.1648],[-67.6856,-38.1381],[-67.7301,-38.1148],[-67.7303,-38.0758],[-67.8594,-38.0539],[-67.9033,-37.9821],[-67.8462,-37.9177],[-67.7833,-37.8959],[-67.7305,-37.8519],[-67.7238,-37.7935],[-67.7604,-37.7434],[-67.7708,-37.6692],[-67.8415,-37.6209],[-67.9239,-37.6172],[-67.9481,-37.603],[-67.9784,-37.6081],[-68.027,-37.5974],[-68.1068,-37.5962],[-68.1514,-37.5805],[-68.2018,-37.5889],[-68.2397,-37.5843],[-68.2543,-37.5719],[-68.2538,-37.7046],[-68.2558,-38.171],[-68.2563,-38.6795],[-68.2422,-38.6969],[-68.1632,-38.7378],[-68.1212,-38.7467],[-68.1261,-38.7675],[-68.1105,-38.8101],[-68.0813,-38.8497],[-68.0821,-38.8702],[-68.0508,-38.9117],[-68.0392,-38.9421],[-68.0068,-38.961],[-68.0034,-38.9772],[-68.058,-38.9811],[-68.0931,-38.9924],[-68.1181,-38.9805],[-68.1621,-38.9803],[-68.2074,-38.9712],[-68.2252,-38.9888],[-68.3039,-38.9872],[-68.4279,-39.0289],[-68.5048,-39.0715],[-68.5639,-39.0784],[-68.5947,-39.1202],[-68.6625,-39.178],[-68.6533,-39.1992],[-68.6655,-39.2173],[-68.7546,-39.2696],[-68.7881,-39.278],[-68.8185,-39.3126],[-68.8081,-39.3474],[-68.8478,-39.393],[-68.8865,-39.4025],[-68.921,-39.4248],[-68.9291,-39.459],[-68.9999,-39.5152],[-69.057,-39.5264],[-69.1073,-39.5147],[-69.1717,-39.5574],[-69.2201,-39.5693],[-69.2801,-39.5987],[-69.2691,-39.6214],[-69.2981,-39.6573],[-69.314,-39.6539],[-69.3631,-39.7161],[-69.4219,-39.7681],[-69.4936,-39.7963],[-69.5097,-39.8159],[-69.5581,-39.8094],[-69.5885,-39.8164],[-69.6273,-39.842],[-69.6992,-39.8481],[-69.7596,-39.8823],[-69.7962,-39.8846],[-69.8461,-39.9098],[-69.8659,-39.9109],[-69.9006,-39.9406],[-69.9328,-39.9449],[-69.9707,-39.9775],[-70.0054,-40.0474],[-69.9948,-40.1031],[-69.9707,-40.121],[-69.9503,-40.179],[-69.985,-40.1788],[-70.0078,-40.2084],[-70.0276,-40.2158],[-70.0588,-40.249],[-70.0501,-40.3022],[-70.0627,-40.3746],[-70.103,-40.4057],[-70.1531,-40.414],[-70.1749,-40.4276],[-70.1681,-40.4743],[-70.1895,-40.4942],[-70.2473,-40.5054],[-70.2799,-40.5029],[-70.3674,-40.5185],[-70.4284,-40.5354],[-70.462,-40.5134],[-70.5377,-40.5033],[-70.5583,-40.5251],[-70.6294,-40.5584],[-70.6428,-40.5848],[-70.6869,-40.5949],[-70.7331,-40.5801],[-70.7951,-40.5906],[-70.8554,-40.5934],[-70.8731,-40.6148],[-70.9323,-40.6387],[-70.9765,-40.6487],[-71.0118,-40.6793],[-71.0251,-40.7208],[-71.0442,-40.7291],[-71.0937,-40.7267],[-71.1209,-40.7586],[-71.1181,-40.805],[-71.1012,-40.8128],[-71.086,-40.8523],[-71.0689,-40.8507],[-71.0341,-40.9036],[-71.0364,-40.9559],[-71.1153,-41.0076],[-71.1419,-41.0561],[-71.1749,-41.0562],[-71.2214,-41.0876],[-71.2521,-41.0979],[-71.3062,-41.1001],[-71.3607,-41.0887],[-71.4564,-41.0417],[-71.5028,-41.0367],[-71.5577,-41.0224],[-71.6076,-41.0349],[-71.7027,-41.0218],[-71.7853,-41.0188],[-71.8607,-41.0307],[-71.8391,-41.0359],[-71.8179,-41.0621],[-71.8521,-41.0984],[-71.8364,-41.1209],[-71.8394,-41.1495],[-71.8871,-41.161],[-71.8564,-41.2128],[-71.866,-41.2556],[-71.8971,-41.2707],[-71.8769,-41.2965],[-71.8848,-41.3259],[-71.9094,-41.3618],[-71.8651,-41.3977],[-71.8656,-41.4203],[-71.8358,-41.4326],[-71.8439,-41.4524],[-71.8298,-41.4831],[-71.8523,-41.5149],[-71.8281,-41.5512],[-71.8856,-41.6056],[-71.8176,-41.6898],[-71.8102,-41.72],[-71.7845,-41.7347],[-71.7641,-41.7833],[-71.7646,-41.8164],[-71.7935,-41.832],[-71.7924,-41.8744],[-71.7738,-41.9105],[-71.7732,-41.9377],[-71.7945,-41.9616],[-71.7737,-42],[-71.3462,-42],[-70.9907,-42],[-70.5,-42],[-70.0001,-42],[-69.75,-42],[-69.2502,-42],[-68.7504,-42],[-68.25,-42],[-67.7506,-42],[-67.2502,-42],[-66.8769,-42],[-66.5003,-42],[-66.0001,-42],[-65.5,-42],[-65.0693,-42],[-65.0746,-41.9651],[-65.0615,-41.9342],[-65.0633,-41.9013],[-65.0473,-41.8373],[-65.0163,-41.8326],[-65.0127,-41.7797],[-64.9989,-41.7711],[-65.0232,-41.721],[-65.0227,-41.6184],[-64.9998,-41.5727],[-64.9878,-41.5188],[-65.0003,-41.4861],[-65.0439,-41.4625],[-65.0761,-41.4007],[-65.0786,-41.3784],[-65.1016,-41.3357],[-65.1218,-41.2533],[-65.1365,-41.2276],[-65.1466,-41.1771],[-65.152,-41.1065],[-65.1682,-41.0683],[-65.1573,-41.0519],[-65.1659,-40.9652],[-65.1471,-40.9042],[-65.1252,-40.8813],[-65.1289,-40.8568],[-65.1133,-40.8321],[-65.018,-40.7644],[-64.9244,-40.7478],[-64.9167,-40.7273],[-64.8474,-40.7159],[-64.7752,-40.7398],[-64.779,-40.7688],[-64.7512,-40.7699],[-64.742,-40.8107],[-64.7914,-40.8031],[-64.842,-40.7845],[-64.9033,-40.8044],[-64.868,-40.8305],[-64.7571,-40.8176],[-64.6764,-40.8388],[-64.5434,-40.8644],[-64.4579,-40.9021],[-64.3997,-40.917],[-64.3951,-40.9271],[-64.3114,-40.956],[-64.2062,-41.0098],[-64.1384,-41.0221],[-64.0343,-41.049],[-63.9505,-41.0764],[-63.9226,-41.0921],[-63.8969,-41.1226],[-63.8711,-41.1374],[-63.7886,-41.159],[-63.6018,-41.156],[-63.5407,-41.161],[-63.4373,-41.162],[-63.321,-41.1511],[-63.2291,-41.1592],[-63.1439,-41.1574],[-63.0533,-41.144],[-62.993,-41.1095],[-62.8845,-41.0794],[-62.8324,-41.0562],[-62.7897,-41.0242],[-62.806,-40.978],[-62.8454,-40.9409],[-62.879,-40.8948],[-62.9156,-40.8697],[-62.9511,-40.8227],[-62.991,-40.801],[-63.0327,-40.7931],[-63.0569,-40.7696],[-63.1031,-40.7599],[-63.1136,-40.7474],[-63.1921,-40.7167],[-63.204,-40.7228],[-63.2722,-40.7227],[-63.3414,-40.7006],[-63.3793,-40.7104],[-63.3808,-40.3175],[-63.3823,-39.9442],[-63.3828,-39.6038],[-63.3833,-39.3285]]]}},{"type":"Feature","properties":{"zid":"54"},"geometry":{"type":"Polygon","coordinates":[[[-55.6202,-28.1375],[-55.604,-28.1154],[-55.5865,-28.1199],[-55.5843,-28.1499],[-55.5483,-28.1515],[-55.5361,-28.119],[-55.5131,-28.1139],[-55.4982,-28.081],[-55.4834,-28.0776],[-55.4478,-28.0991],[-55.4228,-28.061],[-55.3816,-28.0396],[-55.3699,-28.0142],[-55.3836,-27.9812],[-55.3365,-27.9614],[-55.3322,-27.9327],[-55.3101,-27.9216],[-55.2692,-27.9312],[-55.2284,-27.8809],[-55.1972,-27.8571],[-55.1715,-27.8611],[-55.1398,-27.8942],[-55.1237,-27.8834],[-55.1252,-27.8588],[-55.0886,-27.8423],[-55.0327,-27.8567],[-55.0325,-27.8249],[-55.083,-27.7971],[-55.0585,-27.7699],[-55.0209,-27.7966],[-54.9928,-27.7757],[-54.9362,-27.7719],[-54.9028,-27.721],[-54.9069,-27.6464],[-54.8903,-27.6274],[-54.8562,-27.6281],[-54.8418,-27.6117],[-54.8284,-27.5608],[-54.8094,-27.5309],[-54.7925,-27.5411],[-54.7839,-27.58],[-54.7668,-27.5858],[-54.743,-27.5623],[-54.6837,-27.575],[-54.6718,-27.5655],[-54.6792,-27.5134],[-54.6559,-27.5155],[-54.6458,-27.5418],[-54.614,-27.5315],[-54.5921,-27.4784],[-54.5716,-27.4544],[-54.5198,-27.5024],[-54.5043,-27.4818],[-54.4493,-27.4761],[-54.4436,-27.4595],[-54.4666,-27.4412],[-54.4647,-27.4238],[-54.3965,-27.4127],[-54.3533,-27.4663],[-54.3337,-27.4476],[-54.3335,-27.4029],[-54.2945,-27.4447],[-54.2672,-27.4349],[-54.2595,-27.3965],[-54.2148,-27.3835],[-54.2073,-27.332],[-54.1968,-27.3178],[-54.1863,-27.2666],[-54.1545,-27.2721],[-54.1589,-27.292],[-54.1018,-27.3032],[-54.0771,-27.2964],[-54.0526,-27.2616],[-54.027,-27.2551],[-54.0053,-27.1971],[-53.9627,-27.1976],[-53.9599,-27.1602],[-53.9481,-27.1515],[-53.9038,-27.1756],[-53.8824,-27.1311],[-53.8612,-27.1285],[-53.8455,-27.1613],[-53.7772,-27.1011],[-53.8047,-27.0766],[-53.7915,-27.0429],[-53.7726,-27.054],[-53.7326,-27.0081],[-53.7012,-26.9528],[-53.7099,-26.9375],[-53.6814,-26.9162],[-53.6616,-26.8636],[-53.699,-26.8263],[-53.717,-26.7812],[-53.7343,-26.7166],[-53.7281,-26.6581],[-53.7417,-26.6478],[-53.7224,-26.5817],[-53.7226,-26.5273],[-53.7308,-26.5105],[-53.7025,-26.4899],[-53.6887,-26.435],[-53.7078,-26.395],[-53.6859,-26.3362],[-53.6711,-26.3307],[-53.6444,-26.2822],[-53.6415,-26.2126],[-53.7147,-26.1274],[-53.7406,-26.1178],[-53.7328,-26.0471],[-53.771,-26.0269],[-53.7823,-26.0076],[-53.8361,-25.9719],[-53.8424,-25.9323],[-53.8234,-25.9294],[-53.8245,-25.8709],[-53.849,-25.8348],[-53.8273,-25.8132],[-53.8386,-25.7727],[-53.8371,-25.7486],[-53.8639,-25.7312],[-53.8784,-25.7069],[-53.8504,-25.7014],[-53.8621,-25.659],[-53.9704,-25.6007],[-54.0133,-25.5646],[-54.0543,-25.5838],[-54.0834,-25.5609],[-54.0886,-25.6078],[-54.1046,-25.6146],[-54.1231,-25.5621],[-54.094,-25.5148],[-54.1043,-25.4944],[-54.1658,-25.5428],[-54.2026,-25.5379],[-54.205,-25.5578],[-54.182,-25.5653],[-54.1867,-25.5858],[-54.22,-25.5665],[-54.2344,-25.5915],[-54.2534,-25.5966],[-54.2804,-25.5589],[-54.3215,-25.5669],[-54.342,-25.6013],[-54.3708,-25.5948],[-54.391,-25.6053],[-54.389,-25.6252],[-54.422,-25.6549],[-54.4484,-25.661],[-54.5,-25.6146],[-54.5277,-25.6283],[-54.5349,-25.5986],[-54.5545,-25.5878],[-54.5933,-25.5933],[-54.5962,-25.6266],[-54.5837,-25.6663],[-54.6304,-25.6595],[-54.6501,-25.6645],[-54.6565,-25.6909],[-54.6406,-25.7198],[-54.6322,-25.7624],[-54.5889,-25.8226],[-54.5887,-25.841],[-54.622,-25.9124],[-54.6217,-25.9351],[-54.6067,-25.961],[-54.6237,-25.9854],[-54.6555,-25.9793],[-54.6777,-25.9915],[-54.6767,-26.0179],[-54.6506,-26.0643],[-54.6433,-26.0977],[-54.6741,-26.1429],[-54.6544,-26.1804],[-54.6184,-26.2097],[-54.6233,-26.2238],[-54.673,-26.2552],[-54.6776,-26.2753],[-54.6494,-26.2985],[-54.6515,-26.32],[-54.6955,-26.3758],[-54.6991,-26.4325],[-54.7083,-26.4521],[-54.7523,-26.4935],[-54.7843,-26.5128],[-54.8065,-26.5637],[-54.7876,-26.594],[-54.7848,-26.6233],[-54.8124,-26.6678],[-54.8803,-26.656],[-54.9422,-26.6824],[-54.9487,-26.7118],[-54.9442,-26.7527],[-54.9563,-26.7814],[-54.976,-26.7899],[-55.0267,-26.7897],[-55.0575,-26.799],[-55.0887,-26.8331],[-55.1298,-26.8536],[-55.1503,-26.896],[-55.1301,-26.9359],[-55.1415,-26.9535],[-55.2031,-26.9699],[-55.2478,-26.9388],[-55.2737,-26.9425],[-55.3098,-26.9644],[-55.3692,-26.9644],[-55.4198,-26.993],[-55.4537,-27.0456],[-55.4511,-27.1021],[-55.481,-27.1115],[-55.5491,-27.0982],[-55.5647,-27.1074],[-55.5583,-27.1498],[-55.5748,-27.1688],[-55.605,-27.1601],[-55.6189,-27.1906],[-55.6116,-27.213],[-55.5799,-27.2364],[-55.5721,-27.2639],[-55.6023,-27.292],[-55.5862,-27.3165],[-55.5961,-27.3392],[-55.6385,-27.3622],[-55.6747,-27.3732],[-55.7119,-27.4098],[-55.726,-27.438],[-55.7433,-27.446],[-55.7871,-27.4402],[-55.8101,-27.4177],[-55.8389,-27.4075],[-55.8657,-27.3673],[-55.8963,-27.3427],[-55.9789,-27.3551],[-56.0243,-27.3243],[-56.0386,-27.3447],[-56.0297,-27.3862],[-56.0555,-27.4208],[-56.0545,-27.4512],[-56.0372,-27.4686],[-56.0266,-27.5073],[-55.9789,-27.5402],[-55.8359,-27.7839],[-55.844,-27.8401],[-55.8273,-27.8542],[-55.8318,-27.9041],[-55.8192,-27.9093],[-55.8117,-27.9531],[-55.7572,-28.0166],[-55.7497,-28.0361],[-55.7585,-28.0604],[-55.7324,-28.0663],[-55.6202,-28.1375]]]}},{"type":"Feature","properties":{"zid":"66"},"geometry":{"type":"Polygon","coordinates":[[[-62.3423,-22.4609],[-62.3555,-22.4656],[-62.4039,-22.4519],[-62.4269,-22.4241],[-62.4473,-22.4212],[-62.4803,-22.3808],[-62.5148,-22.3795],[-62.5429,-22.3399],[-62.6253,-22.3099],[-62.63,-22.2481],[-62.6602,-22.2507],[-62.6849,-22.2123],[-62.7171,-22.2037],[-62.7402,-22.1689],[-62.7667,-22.1519],[-62.7896,-22.1639],[-62.8049,-22.138],[-62.813,-22.0967],[-62.7992,-22.06],[-62.8142,-22.0422],[-62.8112,-21.9988],[-63.2686,-21.9993],[-63.6653,-21.9993],[-63.6748,-22.0331],[-63.7091,-21.9993],[-63.9315,-21.9994],[-63.9603,-22.0629],[-63.9585,-22.0862],[-63.9862,-22.0937],[-63.9971,-22.1422],[-64.0331,-22.1968],[-64.036,-22.2435],[-64.0624,-22.2384],[-64.0825,-22.3005],[-64.1163,-22.3622],[-64.1154,-22.4045],[-64.1382,-22.407],[-64.1387,-22.4306],[-64.1996,-22.4912],[-64.2308,-22.5574],[-64.2426,-22.5601],[-64.2374,-22.6114],[-64.2573,-22.6285],[-64.2609,-22.6751],[-64.2718,-22.7098],[-64.2653,-22.7667],[-64.2876,-22.7996],[-64.2826,-22.8243],[-64.3288,-22.8567],[-64.3301,-22.8122],[-64.3441,-22.7931],[-64.3371,-22.7739],[-64.3447,-22.7388],[-64.3625,-22.7237],[-64.3929,-22.7196],[-64.3968,-22.6835],[-64.4134,-22.6582],[-64.4337,-22.6487],[-64.4254,-22.5907],[-64.4096,-22.563],[-64.4126,-22.5377],[-64.4455,-22.5229],[-64.483,-22.4742],[-64.4904,-22.4384],[-64.5111,-22.4452],[-64.5188,-22.41],[-64.5657,-22.372],[-64.5642,-22.3235],[-64.5469,-22.3161],[-64.5419,-22.279],[-64.5983,-22.2413],[-64.6172,-22.212],[-64.651,-22.1895],[-64.6823,-22.1865],[-64.7376,-22.1935],[-64.7536,-22.1789],[-64.7792,-22.1773],[-64.8187,-22.1447],[-64.8626,-22.1229],[-64.8857,-22.129],[-64.9873,-22.0939],[-64.9934,-22.0824],[-65.1866,-22.0853],[-65.1944,-22.1001],[-65.1941,-22.1447],[-65.2138,-22.15],[-65.2403,-22.2792],[-65.2266,-22.3202],[-65.2614,-22.3374],[-65.2844,-22.3896],[-65.3057,-22.4666],[-65.3468,-22.5194],[-65.3469,-22.6059],[-65.3265,-22.6129],[-65.2717,-22.6482],[-65.273,-22.6632],[-65.2978,-22.6986],[-65.3061,-22.7304],[-65.302,-22.765],[-65.2742,-22.7901],[-65.2761,-22.8169],[-65.2526,-22.875],[-65.2517,-22.928],[-65.216,-22.9601],[-65.1875,-22.9718],[-65.1905,-22.9943],[-65.1316,-23.004],[-65.1173,-23.0202],[-65.0872,-23.0275],[-65.0623,-23.0651],[-65.0716,-23.1323],[-65.0461,-23.1628],[-65.0748,-23.2138],[-65.038,-23.2284],[-65.0336,-23.2552],[-65.0101,-23.2851],[-64.9396,-23.2848],[-64.9118,-23.3093],[-64.8995,-23.3385],[-64.9067,-23.4238],[-64.8949,-23.4404],[-64.8684,-23.4474],[-64.8714,-23.4789],[-64.7883,-23.4962],[-64.7612,-23.4757],[-64.7142,-23.4599],[-64.6795,-23.4577],[-64.6541,-23.4846],[-64.6146,-23.4923],[-64.5861,-23.5122],[-64.5534,-23.5123],[-64.52,-23.5516],[-64.4948,-23.5687],[-64.4788,-23.6082],[-64.4613,-23.6233],[-64.419,-23.6357],[-64.3932,-23.6101],[-64.4022,-23.5965],[-64.3543,-23.518],[-64.1571,-23.518],[-64.1587,-23.7414],[-64.161,-24.0706],[-64.1537,-24.0798],[-64.1508,-24.1364],[-64.175,-24.2149],[-64.1684,-24.2255],[-64.18,-24.2636],[-64.2254,-24.3274],[-64.245,-24.3362],[-64.252,-24.3642],[-64.2888,-24.4071],[-64.3175,-24.427],[-64.346,-24.4254],[-64.3901,-24.4057],[-64.4217,-24.4022],[-64.4358,-24.4409],[-64.4633,-24.4657],[-64.4768,-24.4626],[-64.4974,-24.5027],[-64.5365,-24.5092],[-64.5601,-24.5772],[-64.5939,-24.5834],[-64.6317,-24.6079],[-64.665,-24.6074],[-64.6836,-24.5908],[-64.7258,-24.5299],[-64.7639,-24.5176],[-64.7706,-24.5042],[-64.8427,-24.4671],[-64.8853,-24.5218],[-64.8915,-24.5652],[-64.9141,-24.5974],[-64.944,-24.5966],[-64.9968,-24.5762],[-65.0073,-24.5796],[-65.0797,-24.5622],[-65.0966,-24.5328],[-65.141,-24.5038],[-65.1737,-24.4699],[-65.1945,-24.4598],[-65.2307,-24.4715],[-65.2293,-24.4862],[-65.3434,-24.4977],[-65.3701,-24.4648],[-65.4162,-24.4559],[-65.4398,-24.4605],[-65.4643,-24.4306],[-65.488,-24.4276],[-65.5204,-24.4463],[-65.5437,-24.4493],[-65.5713,-24.4222],[-65.6002,-24.417],[-65.6162,-24.3879],[-65.6534,-24.3803],[-65.6559,-24.3551],[-65.6827,-24.3077],[-65.6725,-24.2487],[-65.6972,-24.2297],[-65.6945,-24.2148],[-65.725,-24.186],[-65.7161,-24.163],[-65.7308,-24.1442],[-65.7209,-24.1093],[-65.7463,-24.0624],[-65.7851,-24.056],[-65.8028,-24.0345],[-65.8674,-24.0033],[-65.9431,-24.0082],[-65.9375,-23.9757],[-65.9602,-23.9667],[-65.9909,-23.9817],[-65.9965,-23.9446],[-66.0165,-23.9181],[-66.011,-23.8984],[-66.0219,-23.8617],[-66.0102,-23.8216],[-66.0099,-23.7747],[-65.9872,-23.5097],[-65.9991,-23.5148],[-66.094,-23.4549],[-66.1198,-23.4303],[-66.1717,-23.4139],[-66.2186,-23.4844],[-66.2396,-23.4925],[-66.2732,-23.573],[-66.3111,-23.5614],[-66.3172,-23.606],[-66.3334,-23.6223],[-66.3303,-23.6566],[-66.3676,-23.6946],[-66.3676,-23.7331],[-66.3769,-23.7489],[-66.3605,-23.7842],[-66.3579,-23.8229],[-66.3793,-23.8474],[-66.3544,-23.8839],[-66.3668,-23.9736],[-66.3497,-24.0212],[-66.3702,-24.0501],[-66.3695,-24.0932],[-66.3818,-24.1278],[-66.4143,-24.1287],[-66.4206,-24.1607],[-66.4457,-24.1647],[-66.4788,-24.1846],[-66.4834,-24.213],[-66.5121,-24.1974],[-66.5436,-24.2076],[-66.5587,-24.1873],[-66.5908,-24.188],[-66.6463,-24.1725],[-66.6786,-24.1421],[-66.7141,-24.1323],[-66.741,-24.0926],[-66.7752,-24.0878],[-66.7974,-24.0964],[-66.84,-24.0681],[-66.8871,-23.9717],[-66.9152,-23.9702],[-66.938,-23.9834],[-66.9794,-23.9226],[-66.9976,-23.885],[-67.213,-23.6949],[-67.3226,-24.0342],[-67.6276,-24.1545],[-67.8321,-24.2354],[-68.2455,-24.3961],[-68.2626,-24.4052],[-68.2687,-24.4352],[-68.2972,-24.4555],[-68.3102,-24.4852],[-68.3916,-24.4916],[-68.4333,-24.5981],[-68.4751,-24.6213],[-68.4967,-24.6751],[-68.5159,-24.7039],[-68.5443,-24.7243],[-68.5466,-24.7535],[-68.5619,-24.7627],[-68.5687,-24.7935],[-68.538,-24.8173],[-68.5332,-24.8583],[-68.5201,-24.8735],[-68.4933,-24.8759],[-68.4873,-24.8944],[-68.4325,-24.9059],[-68.4276,-24.9609],[-68.406,-25.0311],[-68.3711,-25.0534],[-68.3577,-25.0993],[-68.3442,-25.1108],[-68.4102,-25.1453],[-68.4378,-25.1251],[-68.4608,-25.1263],[-68.4716,-25.1503],[-68.507,-25.1683],[-68.1997,-25.2018],[-67.8646,-25.2384],[-67.6429,-25.2391],[-67.2916,-25.2403],[-66.8793,-25.2417],[-66.5582,-25.3007],[-66.5817,-25.3214],[-66.5994,-25.3631],[-66.5896,-25.3724],[-66.5344,-25.3756],[-66.5185,-25.4403],[-66.5352,-25.4623],[-66.5346,-25.5365],[-66.5615,-25.5623],[-66.5728,-25.5867],[-66.5639,-25.6218],[-66.6065,-25.6287],[-66.6304,-25.6544],[-66.6481,-25.7117],[-66.6913,-25.7037],[-66.7594,-25.706],[-66.8129,-25.7001],[-66.8433,-25.7126],[-66.8736,-25.7662],[-66.8476,-25.7963],[-66.8393,-25.8807],[-66.8532,-25.9136],[-66.8466,-25.9701],[-66.827,-25.9953],[-66.7801,-26.0353],[-66.7323,-26.0649],[-66.7222,-26.0795],[-66.6609,-26.0767],[-66.6593,-26.1072],[-66.6389,-26.1152],[-66.617,-26.1454],[-66.5932,-26.1512],[-66.5734,-26.1764],[-66.5749,-26.2139],[-66.5571,-26.2542],[-66.5566,-26.3105],[-66.5399,-26.3532],[-66.5082,-26.3648],[-66.4775,-26.3593],[-66.4274,-26.3848],[-66.382,-26.4168],[-66.3553,-26.3521],[-66.342,-26.3423],[-66.3226,-26.2893],[-66.293,-26.2293],[-66.2431,-26.177],[-66.2304,-26.1497],[-66.2053,-26.1326],[-66.1705,-26.134],[-66.1423,-26.1593],[-66.0998,-26.2205],[-66.0714,-26.2387],[-66.047,-26.2412],[-66,-26.264],[-65.7194,-26.3528],[-65.7075,-26.299],[-65.7228,-26.2798],[-65.7028,-26.2416],[-65.7117,-26.2134],[-65.696,-26.1873],[-65.6999,-26.1564],[-65.6885,-26.1173],[-65.6401,-26.111],[-65.6017,-26.1207],[-65.5481,-26.0875],[-65.5046,-26.09],[-65.4384,-26.1095],[-65.4225,-26.1085],[-65.3745,-26.0654],[-65.3471,-26.0604],[-65.322,-26.0719],[-65.2916,-26.1037],[-65.2938,-26.1268],[-65.2721,-26.1732],[-65.0508,-26.231],[-65.0386,-26.2854],[-64.9725,-26.2744],[-64.9509,-26.3068],[-64.8979,-26.2797],[-64.8734,-26.2749],[-64.8469,-26.2398],[-64.8228,-26.2427],[-64.7822,-26.2234],[-64.7482,-26.2379],[-64.7106,-26.2358],[-64.6591,-26.2418],[-64.6147,-26.233],[-64.5902,-26.2203],[-64.5525,-26.2259],[-64.4949,-26.2195],[-64.4255,-26.1159],[-64.4167,-26.1143],[-64.4036,-26.0484],[-64.413,-26.0405],[-64.268,-25.7006],[-64.1975,-25.7095],[-64.1963,-25.728],[-64.0255,-25.7539],[-64.0078,-25.6738],[-63.875,-25.6848],[-63.6605,-25.6854],[-63.5663,-25.7099],[-63.4755,-25.71],[-63.4224,-25.6492],[-63.2045,-25.3986],[-63.0087,-25.1719],[-62.8451,-24.9819],[-62.6151,-24.7116],[-62.3424,-24.3921],[-62.3422,-24.1102],[-62.3423,-23.7521],[-62.3418,-23.346],[-62.3416,-22.8887],[-62.3414,-22.5907],[-62.3423,-22.4609]]]}},{"type":"Feature","properties":{"zid":"06"},"geometry":{"type":"MultiPolygon","coordinates":[[[[-58.345,-34.0384],[-58.3789,-34.0122],[-58.4773,-34.0026],[-58.5532,-34.0267],[-58.596,-34.0355],[-58.6505,-34.0367],[-58.684,-34.0193],[-58.7335,-33.9665],[-58.7637,-33.9453],[-58.8306,-33.9553],[-58.8713,-33.9334],[-58.8998,-33.891],[-58.9396,-33.8735],[-58.9779,-33.8704],[-58.9888,-33.8461],[-59.0288,-33.8463],[-59.0663,-33.8329],[-59.1126,-33.8483],[-59.1386,-33.8438],[-59.178,-33.8064],[-59.2188,-33.8147],[-59.2548,-33.7939],[-59.2354,-33.74],[-59.2543,-33.7223],[-59.3777,-33.7365],[-59.449,-33.7245],[-59.4678,-33.7043],[-59.4757,-33.6584],[-59.5167,-33.6308],[-59.543,-33.6406],[-59.5906,-33.6872],[-59.6251,-33.6895],[-59.636,-33.6427],[-59.6644,-33.6175],[-59.7301,-33.6037],[-59.7726,-33.608],[-59.8036,-33.5956],[-59.8095,-33.5517],[-59.8339,-33.5213],[-59.8878,-33.5129],[-59.9235,-33.4801],[-59.9428,-33.4725],[-59.9994,-33.4701],[-60.0448,-33.4475],[-60.0722,-33.4247],[-60.0871,-33.3944],[-60.1111,-33.373],[-60.1696,-33.349],[-60.2007,-33.2922],[-60.2595,-33.2619],[-60.2907,-33.3232],[-60.3234,-33.3503],[-60.3217,-33.3737],[-60.3467,-33.4243],[-60.4085,-33.466],[-60.421,-33.5046],[-60.4185,-33.5585],[-60.4574,-33.5825],[-60.4596,-33.6315],[-60.5233,-33.6487],[-60.5612,-33.6452],[-60.6255,-33.6255],[-60.6648,-33.5923],[-60.6906,-33.5841],[-60.7471,-33.5883],[-60.7821,-33.5776],[-60.8247,-33.5438],[-60.8613,-33.5463],[-60.9181,-33.5884],[-60.9219,-33.6371],[-60.934,-33.6547],[-61.3314,-34.0257],[-61.7198,-34.3856],[-62.0674,-34.3857],[-62.5315,-34.3859],[-62.8839,-34.3865],[-63.3851,-34.3858],[-63.3855,-34.6868],[-63.3857,-35.0022],[-63.3858,-35.3323],[-63.3856,-35.5584],[-63.3854,-35.9601],[-63.3856,-36.357],[-63.3851,-36.6798],[-63.3855,-36.9216],[-63.3855,-37.3496],[-63.3857,-37.8085],[-63.3855,-38.1528],[-63.3851,-38.4511],[-63.385,-38.7227],[-63.3835,-39.0154],[-63.3833,-39.3285],[-63.3828,-39.6038],[-63.3823,-39.9442],[-63.3808,-40.3175],[-63.3793,-40.7104],[-63.3414,-40.7006],[-63.2722,-40.7227],[-63.204,-40.7228],[-63.1921,-40.7167],[-63.1136,-40.7474],[-63.1031,-40.7599],[-63.0569,-40.7696],[-63.0327,-40.7931],[-62.991,-40.801],[-62.9511,-40.8227],[-62.9156,-40.8697],[-62.879,-40.8948],[-62.8454,-40.9409],[-62.806,-40.978],[-62.7897,-41.0242],[-62.7434,-41.0378],[-62.711,-41.0379],[-62.6599,-41.0061],[-62.5313,-40.9505],[-62.394,-40.913],[-62.3104,-40.8696],[-62.298,-40.8321],[-62.2337,-40.6903],[-62.1772,-40.6409],[-62.1728,-40.5845],[-62.2406,-40.5455],[-62.3088,-40.5273],[-62.319,-40.5062],[-62.3595,-40.4952],[-62.4189,-40.4637],[-62.4227,-40.4295],[-62.4404,-40.4166],[-62.4622,-40.3606],[-62.4866,-40.331],[-62.4879,-40.3003],[-62.4244,-40.2356],[-62.3894,-40.2284],[-62.3449,-40.1972],[-62.3276,-40.1568],[-62.3408,-40.1271],[-62.3424,-40.0638],[-62.3304,-39.9988],[-62.3301,-39.9138],[-62.3136,-39.9002],[-62.3219,-39.8711],[-62.2853,-39.8791],[-62.2608,-39.859],[-62.1798,-39.8535],[-62.1476,-39.8663],[-62.1152,-39.8488],[-62.126,-39.7677],[-62.1207,-39.7037],[-62.0962,-39.6874],[-62.1191,-39.6629],[-62.0927,-39.5722],[-62.0896,-39.5401],[-62.047,-39.4594],[-62.0724,-39.4366],[-62.1696,-39.3755],[-62.1806,-39.3875],[-62.2388,-39.3452],[-62.2549,-39.3479],[-62.2659,-39.2995],[-62.2322,-39.2969],[-62.1712,-39.3161],[-62.1672,-39.3314],[-62.0899,-39.3885],[-62.0306,-39.3923],[-62.0093,-39.3669],[-62.0406,-39.3492],[-62.0602,-39.3217],[-62.1302,-39.2927],[-62.2795,-39.2657],[-62.2474,-39.2441],[-62.3109,-39.2109],[-62.3422,-39.163],[-62.3346,-39.1296],[-62.3517,-39.1052],[-62.3351,-39.0762],[-62.3065,-39.0526],[-62.3045,-39.0151],[-62.3223,-38.9714],[-62.3453,-38.9523],[-62.3226,-38.8944],[-62.3478,-38.8699],[-62.3386,-38.8433],[-62.3925,-38.8249],[-62.3914,-38.8063],[-62.3409,-38.8141],[-62.2947,-38.7934],[-62.2591,-38.7891],[-62.1659,-38.812],[-62.1262,-38.8418],[-62.1055,-38.8693],[-62.1058,-38.8971],[-62.0731,-38.9206],[-61.9864,-38.9471],[-61.8913,-38.969],[-61.8683,-38.9687],[-61.8096,-38.993],[-61.7933,-38.993],[-61.7315,-38.9684],[-61.6949,-38.9676],[-61.6703,-38.9895],[-61.6127,-39.0036],[-61.5484,-39.0045],[-61.3807,-38.9884],[-61.2776,-38.9903],[-61.185,-38.9998],[-61.1214,-38.9981],[-61.018,-38.9819],[-60.8622,-38.9804],[-60.6824,-38.9483],[-60.5042,-38.9302],[-60.4226,-38.9189],[-60.2657,-38.8883],[-60.1167,-38.8658],[-60.0422,-38.8591],[-59.7889,-38.8264],[-59.6866,-38.7964],[-59.5644,-38.7755],[-59.422,-38.7541],[-59.2367,-38.7163],[-59.111,-38.7004],[-59.012,-38.6784],[-58.9219,-38.6461],[-58.8315,-38.6231],[-58.7337,-38.5869],[-58.4934,-38.536],[-58.4378,-38.5144],[-58.2817,-38.4661],[-58.2218,-38.4393],[-58.0562,-38.3802],[-57.9509,-38.3294],[-57.8603,-38.2994],[-57.8221,-38.2681],[-57.7773,-38.2453],[-57.7057,-38.2172],[-57.6355,-38.172],[-57.6052,-38.1305],[-57.5783,-38.1105],[-57.5449,-38.1006],[-57.5406,-38.0465],[-57.5241,-38.0166],[-57.54,-38.0033],[-57.5414,-37.9686],[-57.5149,-37.8714],[-57.5038,-37.8463],[-57.4114,-37.7351],[-57.2944,-37.6429],[-57.2225,-37.577],[-57.1982,-37.5598],[-57.1255,-37.4928],[-57.0882,-37.4469],[-56.9899,-37.2885],[-56.9517,-37.2438],[-56.8372,-37.0978],[-56.8139,-37.0624],[-56.6671,-36.883],[-56.6748,-36.8271],[-56.6737,-36.7105],[-56.6832,-36.6287],[-56.6907,-36.4985],[-56.7002,-36.4125],[-56.716,-36.3554],[-56.7456,-36.3083],[-56.8138,-36.3346],[-56.877,-36.3292],[-56.914,-36.3381],[-57.0106,-36.3265],[-57.0634,-36.3032],[-57.1279,-36.264],[-57.1968,-36.208],[-57.2782,-36.1302],[-57.3796,-35.9616],[-57.3694,-35.9536],[-57.387,-35.8931],[-57.3903,-35.8616],[-57.3649,-35.7467],[-57.3466,-35.715],[-57.3196,-35.6878],[-57.246,-35.5896],[-57.1551,-35.4981],[-57.1279,-35.4457],[-57.1302,-35.4234],[-57.1791,-35.3485],[-57.2231,-35.2731],[-57.278,-35.2246],[-57.3389,-35.1597],[-57.4442,-35.0732],[-57.521,-35.0181],[-57.5998,-34.9904],[-57.6802,-34.934],[-57.7272,-34.9255],[-57.7867,-34.893],[-57.8599,-34.8426],[-57.8746,-34.8267],[-57.9404,-34.8323],[-57.9569,-34.8267],[-58.0046,-34.785],[-58.0696,-34.7718],[-58.1034,-34.7551],[-58.1709,-34.7467],[-58.2113,-34.7176],[-58.3168,-34.6577],[-58.3431,-34.6302],[-58.3741,-34.6572],[-58.4274,-34.6655],[-58.4612,-34.7054],[-58.5289,-34.6546],[-58.5315,-34.6155],[-58.5008,-34.5495],[-58.4596,-34.5277],[-58.4814,-34.4799],[-58.514,-34.4424],[-58.4881,-34.4369],[-58.4762,-34.3912],[-58.4545,-34.3861],[-58.5128,-34.2966],[-58.4515,-34.2658],[-58.4167,-34.2644],[-58.389,-34.2432],[-58.3935,-34.2244],[-58.3518,-34.1995],[-58.3711,-34.1717],[-58.363,-34.0646],[-58.345,-34.0384]]],[[[-61.999,-39.0907],[-62.0164,-39.0872],[-62.0175,-39.1086],[-62.0272,-39.1037],[-62.0356,-39.1179],[-62.0545,-39.1363],[-62.0568,-39.1577],[-62.0187,-39.1627],[-61.978,-39.1826],[-61.9657,-39.1746],[-61.9165,-39.2042],[-61.9137,-39.2167],[-61.8698,-39.2443],[-61.8508,-39.2188],[-61.8553,-39.1769],[-61.8781,-39.1617],[-61.8901,-39.132],[-61.9228,-39.1434],[-61.9129,-39.1017],[-61.9561,-39.0906],[-61.999,-39.0907]]],[[[-62.0405,-38.9962],[-62.0627,-38.9836],[-62.1093,-38.9926],[-62.0972,-39.0228],[-62.0723,-39.0044],[-62.0405,-39.0398],[-62.0107,-39.0099],[-62.0405,-38.9962]]],[[[-62.1518,-40.3793],[-62.1694,-40.3634],[-62.1953,-40.4056],[-62.1966,-40.4376],[-62.1711,-40.4388],[-62.1434,-40.4205],[-62.1386,-40.3916],[-62.1518,-40.3793]]],[[[-62.0377,-39.0817],[-62.0747,-39.0812],[-62.084,-39.0994],[-62.0554,-39.1347],[-62.0363,-39.1151],[-62.0378,-39.1031],[-62.0228,-39.1031],[-62.0227,-39.0878],[-62.0377,-39.0817]]],[[[-62.1804,-40.4609],[-62.2013,-40.4676],[-62.2349,-40.508],[-62.1969,-40.5152],[-62.1639,-40.4685],[-62.1804,-40.4609]]],[[[-62.0842,-39.2324],[-62.1538,-39.1944],[-62.1575,-39.2111],[-62.1336,-39.2324],[-62.0914,-39.2508],[-62.0842,-39.2324]]],[[[-58.2827,-34.2102],[-58.3116,-34.188],[-58.3334,-34.2087],[-58.3288,-34.24],[-58.3008,-34.24],[-58.2827,-34.2102]]],[[[-62.3288,-40.2865],[-62.3434,-40.2857],[-62.3478,-40.337],[-62.316,-40.3141],[-62.3288,-40.2865]]],[[[-58.2428,-34.2487],[-58.268,-34.2257],[-58.2782,-34.268],[-58.2428,-34.2487]]]]}},{"type":"Feature","properties":{"zid":"94"},"geometry":{"type":"MultiPolygon","coordinates":[[[[-25,-75.8769],[-25.2286,-75.8742],[-25.4636,-75.8896],[-25.53,-75.8807],[-25.6514,-75.9044],[-25.9298,-75.9254],[-26.0663,-75.9712],[-26.2789,-75.995],[-26.3904,-76.0374],[-26.5764,-76.0481],[-26.6843,-76.1444],[-26.7856,-76.1532],[-26.8607,-76.1334],[-26.937,-76.1611],[-27.1035,-76.1672],[-27.1821,-76.1598],[-27.3346,-76.1696],[-27.4546,-76.1892],[-27.5328,-76.2199],[-27.7043,-76.2314],[-27.6888,-76.2554],[-27.9094,-76.2561],[-28.069,-76.2708],[-28.1202,-76.2875],[-28.4807,-76.33],[-28.6247,-76.3305],[-28.8625,-76.3512],[-29.0369,-76.4018],[-29.1604,-76.4258],[-29.3367,-76.4483],[-29.3989,-76.4837],[-29.5097,-76.4901],[-29.5785,-76.5234],[-29.5543,-76.5404],[-29.63,-76.5781],[-29.7953,-76.5854],[-30.0065,-76.6022],[-30.1549,-76.628],[-30.1976,-76.6596],[-30.3953,-76.6957],[-30.4004,-76.7254],[-30.4853,-76.7608],[-30.4241,-76.7721],[-30.4732,-76.805],[-30.6395,-76.8117],[-30.6684,-76.8457],[-30.8971,-76.8709],[-30.9325,-76.8874],[-31.1275,-76.8951],[-31.3851,-76.9223],[-31.4772,-76.9437],[-31.7059,-76.9776],[-31.7756,-76.9975],[-31.7956,-77.0318],[-31.8627,-77.0474],[-31.8835,-77.0729],[-31.8708,-77.1239],[-31.8972,-77.1478],[-32.0508,-77.1707],[-32.1702,-77.1722],[-32.3854,-77.1387],[-32.5828,-77.1243],[-32.8972,-77.1664],[-33.0345,-77.214],[-33.0862,-77.248],[-33.2304,-77.2781],[-33.3241,-77.2758],[-33.4664,-77.2928],[-33.5727,-77.2936],[-33.7054,-77.3075],[-33.791,-77.3344],[-33.8455,-77.3769],[-33.9347,-77.407],[-34.1414,-77.4434],[-34.3696,-77.4747],[-34.4378,-77.5246],[-34.5273,-77.5565],[-34.528,-77.5775],[-34.6204,-77.6103],[-34.7322,-77.6296],[-34.7819,-77.6804],[-34.716,-77.7334],[-34.6267,-77.753],[-34.6527,-77.7855],[-34.4787,-77.8134],[-34.3763,-77.8134],[-34.2582,-77.8395],[-34.0795,-77.8414],[-34.1353,-77.8693],[-34.3242,-77.8814],[-34.3875,-77.9214],[-34.5392,-77.8926],[-34.6239,-77.8572],[-34.9161,-77.8218],[-35.0055,-77.8177],[-35.3327,-77.8484],[-35.425,-77.9107],[-35.4274,-77.9336],[-35.5033,-77.9706],[-35.5247,-78.0076],[-35.5068,-78.0426],[-35.625,-78.0846],[-35.6617,-78.1174],[-35.7779,-78.1377],[-35.8295,-78.1833],[-35.8962,-78.1919],[-35.9963,-78.2379],[-36.2451,-78.3829],[-36.3544,-78.4778],[-36.4303,-78.5844],[-36.5081,-78.6016],[-36.534,-78.6307],[-36.4824,-78.6807],[-36.4387,-78.6921],[-36.3496,-78.8232],[-36.1347,-78.8734],[-35.7608,-78.908],[-35.6287,-78.9263],[-35.3555,-78.9521],[-34.9648,-78.9794],[-34.6806,-79.0134],[-34.2545,-79.0831],[-34.1492,-79.1102],[-34.2236,-79.1272],[-34.1623,-79.1611],[-33.8161,-79.1932],[-33.6944,-79.223],[-33.5416,-79.2212],[-32.9898,-79.2414],[-32.6956,-79.2577],[-32.2712,-79.2249],[-32.0992,-79.2212],[-31.9323,-79.2013],[-31.6223,-79.1822],[-31.344,-79.1556],[-31.1192,-79.1602],[-30.6509,-79.0958],[-30.5584,-79.1023],[-30.4349,-79.061],[-30.2615,-79.0428],[-30.183,-79.0764],[-30.1702,-79.1096],[-29.9617,-79.1071],[-29.9763,-79.1411],[-30.1309,-79.1753],[-30.4734,-79.2136],[-30.5819,-79.2615],[-30.5265,-79.2933],[-30.3517,-79.2906],[-29.9659,-79.2549],[-29.8369,-79.2766],[-29.8899,-79.3001],[-29.807,-79.3181],[-29.6094,-79.2582],[-29.5411,-79.2766],[-29.7519,-79.3517],[-30.0707,-79.4234],[-30.4033,-79.5069],[-30.7011,-79.571],[-30.996,-79.6111],[-31.187,-79.616],[-31.5095,-79.5956],[-31.7167,-79.6149],[-32.0071,-79.6327],[-32.1486,-79.6637],[-32.1046,-79.6857],[-31.7789,-79.7206],[-31.7591,-79.7406],[-32.0723,-79.7843],[-32.123,-79.8106],[-31.9979,-79.8245],[-31.9871,-79.8469],[-31.7417,-79.8627],[-31.6415,-79.886],[-31.1518,-79.916],[-31.002,-79.899],[-30.8773,-79.9171],[-30.8219,-79.9416],[-30.7067,-79.9533],[-30.5805,-79.9407],[-30.5185,-79.9559],[-30.5155,-79.9873],[-30.3879,-79.9987],[-30.1363,-80.0464],[-29.7213,-80.0222],[-29.3974,-79.9937],[-28.9065,-79.9666],[-28.6302,-79.966],[-28.5381,-79.9831],[-28.2998,-79.9784],[-27.7395,-79.9786],[-27.4306,-79.9685],[-27.235,-79.9731],[-27.0929,-79.9927],[-26.7823,-79.999],[-26.623,-80.0156],[-26.1953,-80.0158],[-26.0211,-80.0828],[-26.0269,-80.0963],[-26.2975,-80.0955],[-26.3399,-80.1182],[-27.1099,-80.105],[-27.6306,-80.0891],[-27.9381,-80.0869],[-28.1853,-80.091],[-28.7403,-80.1092],[-29.0651,-80.1272],[-29.6318,-80.1634],[-29.7929,-80.1619],[-29.8338,-80.2089],[-29.7252,-80.2506],[-29.8797,-80.2664],[-30.1271,-80.266],[-30.1949,-80.2936],[-30.8029,-80.2641],[-31.0208,-80.2711],[-31.0564,-80.2854],[-31.2386,-80.2941],[-31.2656,-80.3225],[-31.2056,-80.339],[-31.3144,-80.3646],[-31.1269,-80.4023],[-30.8794,-80.4345],[-30.6687,-80.4539],[-30.6694,-80.4814],[-30.8238,-80.4698],[-31.0578,-80.468],[-31.301,-80.4514],[-31.5777,-80.4505],[-31.6855,-80.4357],[-31.9818,-80.4272],[-32.1766,-80.4724],[-32.3806,-80.476],[-32.7962,-80.5298],[-32.9527,-80.5257],[-33.1242,-80.5331],[-33.4254,-80.5004],[-33.4498,-80.5241],[-33.2327,-80.5393],[-33.3849,-80.6038],[-33.5812,-80.6084],[-33.5944,-80.6261],[-33.8813,-80.6239],[-33.9976,-80.6489],[-34.5029,-80.6613],[-34.6801,-80.6306],[-34.9768,-80.6191],[-35.1368,-80.6013],[-35.4114,-80.6244],[-35.4791,-80.6503],[-35.1843,-80.7029],[-35.1794,-80.7214],[-35.4798,-80.7444],[-35.795,-80.8049],[-35.8863,-80.8395],[-35.8615,-80.8617],[-36.0352,-80.8943],[-36.0242,-80.9159],[-36.5184,-80.9391],[-36.6544,-81.0007],[-36.8003,-80.983],[-37.0198,-81.005],[-37.0997,-81.0326],[-37.4101,-81.0626],[-37.4549,-81.0329],[-37.624,-81.0196],[-37.6938,-80.9878],[-38.6144,-80.8974],[-38.8174,-80.8654],[-38.8286,-80.9053],[-38.9554,-80.9047],[-39.0034,-80.9251],[-39.4415,-80.9858],[-39.5615,-80.9909],[-39.6624,-81.019],[-39.83,-81.0447],[-39.9555,-81.0909],[-40.1354,-81.1176],[-40.3027,-81.1641],[-40.472,-81.1727],[-40.6431,-81.1973],[-40.7972,-81.1708],[-40.9522,-81.1902],[-41.0593,-81.1879],[-41.1123,-81.221],[-41.2565,-81.2549],[-41.6282,-81.357],[-41.7924,-81.4177],[-41.7654,-81.4375],[-41.8823,-81.4887],[-41.9373,-81.5487],[-41.9158,-81.6087],[-42.2362,-81.6447],[-42.2315,-81.6948],[-42.4606,-81.7594],[-43.1474,-81.8895],[-43.2272,-81.9374],[-43.1589,-81.9778],[-43.1826,-82.0226],[-43.2734,-82.0328],[-43.1584,-82.0739],[-43.1306,-82.118],[-43.3505,-82.1669],[-43.2813,-82.2035],[-43.4109,-82.2223],[-43.7994,-82.3358],[-44.0655,-82.4001],[-44.2352,-82.4066],[-44.3262,-82.3833],[-44.7432,-82.3908],[-45.0103,-82.4158],[-45.2518,-82.462],[-45.4825,-82.4927],[-45.5668,-82.5141],[-45.7199,-82.5014],[-45.6727,-82.4562],[-45.8181,-82.4547],[-45.964,-82.5007],[-46.0532,-82.544],[-46.2003,-82.5483],[-46.3549,-82.516],[-46.4834,-82.5151],[-46.4401,-82.4832],[-46.6621,-82.4227],[-46.6849,-82.401],[-46.4889,-82.3687],[-46.1802,-82.2673],[-46.0881,-82.2254],[-46.1194,-82.1843],[-45.9867,-82.1331],[-46.0105,-82.0943],[-46.1225,-82.0328],[-46.2783,-81.9732],[-46.2293,-81.9172],[-46.5663,-81.9468],[-46.7167,-81.9797],[-47.0435,-81.9913],[-47.1193,-82.0009],[-47.1611,-82.0553],[-47.3221,-82.0664],[-47.5926,-82.0334],[-47.3033,-81.9785],[-47.4924,-81.9686],[-47.5477,-81.9298],[-47.9442,-81.9213],[-48.1792,-81.9067],[-48.5577,-81.8992],[-48.7986,-81.9077],[-49.0005,-81.9023],[-49.4986,-81.955],[-49.8197,-81.96],[-50.2359,-81.9748],[-50.5961,-81.9963],[-50.7298,-81.9629],[-51.0832,-81.9976],[-51.2519,-82.0298],[-51.6701,-82.0461],[-52.1694,-82.0857],[-52.2388,-82.1103],[-52.3635,-82.1168],[-52.7178,-82.1626],[-53.1098,-82.14],[-53.3058,-82.1461],[-53.6571,-82.1765],[-54.2193,-82.1831],[-54.1963,-82.2262],[-54.319,-82.2502],[-54.3182,-82.2902],[-54.4659,-82.3046],[-54.6772,-82.2907],[-54.81,-82.3042],[-54.847,-82.3482],[-55.0234,-82.3613],[-55.1524,-82.3938],[-55.091,-82.4265],[-55.1889,-82.4611],[-55.1258,-82.5098],[-55.2957,-82.5135],[-55.4109,-82.4812],[-55.6697,-82.4621],[-55.8449,-82.4625],[-55.9897,-82.5218],[-55.9948,-82.5407],[-56.1437,-82.5867],[-56.3165,-82.6202],[-56.4721,-82.6747],[-56.7964,-82.7352],[-57.0538,-82.759],[-57.424,-82.8335],[-57.4241,-82.8423],[-57.7567,-82.9244],[-57.8677,-82.9971],[-58.1004,-83.0853],[-58.2617,-83.1212],[-58.6049,-83.2419],[-58.7217,-83.2967],[-58.724,-83.341],[-58.8129,-83.3528],[-58.9132,-83.4017],[-59.2485,-83.4519],[-59.591,-83.4677],[-59.8521,-83.4556],[-59.9151,-83.4392],[-60.3051,-83.4412],[-60.7952,-83.4224],[-60.9277,-83.3927],[-61.1496,-83.3974],[-61.4105,-83.3871],[-61.5668,-83.3513],[-61.8661,-83.3717],[-61.6146,-83.3047],[-61.4387,-83.2378],[-61.213,-83.201],[-61.0829,-83.1484],[-61.0067,-83.0907],[-60.9598,-83.013],[-60.9969,-82.9537],[-61.3587,-82.9327],[-61.4304,-82.9717],[-61.6723,-83.0428],[-61.8157,-83.0011],[-61.9758,-82.9968],[-61.9688,-82.9583],[-62.0765,-82.9011],[-62.1384,-82.8316],[-62.4983,-82.7173],[-62.469,-82.6855],[-62.7289,-82.5936],[-62.816,-82.5225],[-62.5349,-82.5008],[-62.1282,-82.478],[-61.9049,-82.4513],[-61.7,-82.3978],[-61.3068,-82.345],[-61.0868,-82.3426],[-60.6285,-82.2512],[-60.4145,-82.1773],[-60.6222,-82.1891],[-60.6584,-82.1566],[-61.3319,-82.2186],[-61.4153,-82.2358],[-61.7834,-82.257],[-61.86,-82.2473],[-62.1514,-82.2816],[-62.3325,-82.257],[-62.6743,-82.2713],[-62.8403,-82.2864],[-63.2337,-82.2695],[-63.178,-82.2909],[-63.341,-82.3432],[-63.8012,-82.307],[-64.0363,-82.3541],[-64.2577,-82.3792],[-64.4285,-82.419],[-64.5398,-82.3785],[-64.6969,-82.3661],[-65.084,-82.4068],[-65.0846,-82.3782],[-65.2071,-82.3394],[-65.1357,-82.3038],[-65.2219,-82.2715],[-65.4158,-82.2777],[-65.6905,-82.3235],[-66.0957,-82.3013],[-65.9255,-82.2641],[-65.9227,-82.2241],[-66.1112,-82.199],[-65.9872,-82.1601],[-66.0278,-82.1295],[-65.7794,-82.0325],[-65.6429,-81.9989],[-65.9001,-81.9671],[-66.0897,-81.9694],[-66.2562,-81.9487],[-66.0523,-81.9158],[-65.7095,-81.8743],[-65.463,-81.8838],[-65.3133,-81.9084],[-64.5819,-81.9207],[-64.0256,-81.9062],[-63.5432,-81.8618],[-63.5895,-81.8271],[-63.4676,-81.7871],[-63.5199,-81.7758],[-63.9806,-81.7693],[-64.4342,-81.775],[-64.7535,-81.7994],[-64.9239,-81.8006],[-65.1816,-81.7782],[-65.1875,-81.7413],[-64.9755,-81.697],[-64.7952,-81.6417],[-64.5776,-81.6267],[-64.5568,-81.6504],[-64.7191,-81.6911],[-64.6661,-81.6994],[-64.2042,-81.685],[-64.0108,-81.6273],[-63.8766,-81.6317],[-64.0845,-81.6876],[-64.0052,-81.7008],[-63.6677,-81.6767],[-63.5461,-81.6461],[-63.34,-81.6386],[-63.394,-81.6769],[-63.345,-81.7039],[-63.1579,-81.7211],[-62.7516,-81.7226],[-62.432,-81.7162],[-62.18,-81.6848],[-62.0866,-81.6534],[-62.2188,-81.6196],[-62.2912,-81.5665],[-62.7347,-81.5441],[-63.0233,-81.5391],[-63.6002,-81.5617],[-63.8988,-81.5782],[-64.0466,-81.5717],[-64.1629,-81.5446],[-64.4867,-81.544],[-64.6051,-81.5354],[-64.7573,-81.5473],[-65.1788,-81.533],[-65.3567,-81.5156],[-65.5398,-81.4831],[-65.9083,-81.4436],[-66.2762,-81.3904],[-66.4706,-81.3516],[-66.9776,-81.2947],[-67.4663,-81.2278],[-67.7973,-81.1943],[-68.4401,-81.1073],[-68.4937,-81.0602],[-68.6105,-81.0281],[-68.8199,-81.0052],[-68.9997,-81.0095],[-69.2006,-81.0344],[-69.5192,-81.0012],[-69.9951,-80.9774],[-70.1054,-80.9357],[-70.0312,-80.9067],[-70.2259,-80.8943],[-70.3217,-80.8768],[-70.3142,-80.8487],[-70.4079,-80.8299],[-70.3881,-80.7901],[-70.4242,-80.7576],[-70.3819,-80.6946],[-70.429,-80.6687],[-70.5539,-80.6422],[-70.8588,-80.6159],[-70.94,-80.6275],[-71.0871,-80.5999],[-71.1846,-80.6154],[-71.1745,-80.635],[-71.4498,-80.706],[-71.5815,-80.7226],[-71.649,-80.7011],[-71.8603,-80.7433],[-72.092,-80.7487],[-72.3542,-80.7686],[-72.4413,-80.7424],[-72.5573,-80.7928],[-72.6431,-80.9001],[-72.5652,-80.9481],[-72.6056,-80.9641],[-72.8103,-80.9656],[-73.1566,-80.9349],[-73.5965,-80.8734],[-73.7334,-80.866],[-73.8131,-80.8441],[-74,-80.8288],[-74,-81.2105],[-74,-81.6619],[-74,-81.9761],[-74,-82.4788],[-74,-83.8619],[-74,-84.0944],[-74,-85.0129],[-74,-85.3133],[-74,-88.2823],[-74,-88.5399],[-74,-90],[-73.5541,-90],[-70.9095,-90],[-68.9134,-90],[-47.5088,-90],[-47.033,-90],[-32.6943,-90],[-30.4201,-90],[-26.136,-90],[-25.6873,-90],[-25.0231,-90],[-25,-90],[-25,-89.7999],[-25,-89.3031],[-25,-89.127],[-25,-88.2288],[-25,-87.292],[-25,-86.5912],[-25,-85.5875],[-25,-85.0089],[-25,-84.3859],[-25,-81.9382],[-25,-81.7943],[-25,-81.3231],[-25,-81.0725],[-25,-80.5788],[-25,-79.9986],[-25,-78.1748],[-25,-77.1614],[-25,-76.5991],[-25,-76.1113],[-25,-75.8769]]],[[[-57.303,-63.2141],[-57.3453,-63.2255],[-57.433,-63.2307],[-57.4817,-63.2552],[-57.579,-63.2758],[-57.6,-63.2687],[-57.7443,-63.2948],[-57.772,-63.3102],[-57.877,-63.3114],[-57.9081,-63.3519],[-57.9462,-63.3799],[-58.0192,-63.3927],[-58.0523,-63.4206],[-58.0975,-63.4061],[-58.1265,-63.3794],[-58.1972,-63.3989],[-58.1756,-63.4151],[-58.1099,-63.4209],[-58.1619,-63.4724],[-58.2271,-63.4508],[-58.3257,-63.4584],[-58.398,-63.4545],[-58.5177,-63.4785],[-58.5588,-63.493],[-58.6168,-63.4929],[-58.7506,-63.5157],[-58.804,-63.5171],[-58.8376,-63.5314],[-58.9505,-63.5471],[-58.9358,-63.5715],[-58.9508,-63.5937],[-58.9139,-63.6587],[-58.9435,-63.6752],[-58.995,-63.6664],[-59.0611,-63.6879],[-59.1157,-63.719],[-59.215,-63.6803],[-59.2741,-63.6866],[-59.3883,-63.7259],[-59.3532,-63.7329],[-59.3242,-63.7891],[-59.3594,-63.8129],[-59.4406,-63.8272],[-59.4233,-63.8558],[-59.3831,-63.8664],[-59.4255,-63.9097],[-59.4987,-63.879],[-59.5528,-63.8953],[-59.6211,-63.8662],[-59.6885,-63.8754],[-59.7239,-63.8577],[-59.7777,-63.864],[-59.7977,-63.8418],[-59.7642,-63.8161],[-59.7737,-63.7824],[-59.839,-63.7931],[-59.8672,-63.8148],[-59.8253,-63.8417],[-59.8462,-63.8665],[-59.9353,-63.852],[-59.9264,-63.8773],[-59.9472,-63.9049],[-59.9848,-63.9221],[-60.0002,-63.9512],[-60.0819,-63.9383],[-60.0882,-63.927],[-60.3012,-63.9111],[-60.4478,-63.9531],[-60.5619,-63.9903],[-60.5913,-64.0061],[-60.6811,-64.0093],[-60.727,-64.0268],[-60.7208,-64.0481],[-60.7644,-64.0663],[-60.8294,-64.0761],[-60.8958,-64.0448],[-60.9369,-64.0541],[-60.9797,-64.0407],[-61.0251,-64.0615],[-61.0258,-64.0823],[-60.9578,-64.0872],[-60.8809,-64.1395],[-60.8656,-64.169],[-60.9574,-64.1548],[-60.913,-64.21],[-60.9989,-64.2133],[-60.992,-64.2384],[-60.9311,-64.2513],[-60.9323,-64.2848],[-60.978,-64.3017],[-61.1001,-64.301],[-61.1371,-64.3679],[-61.1081,-64.3953],[-61.2705,-64.3915],[-61.2979,-64.4145],[-61.3791,-64.4022],[-61.4031,-64.3768],[-61.4523,-64.3764],[-61.4827,-64.3946],[-61.4555,-64.4104],[-61.605,-64.4365],[-61.5294,-64.49],[-61.4493,-64.4766],[-61.4545,-64.5281],[-61.4817,-64.537],[-61.5747,-64.5187],[-61.6171,-64.5337],[-61.6107,-64.569],[-61.5693,-64.5747],[-61.5341,-64.6046],[-61.5426,-64.6449],[-61.6258,-64.6647],[-61.7251,-64.6345],[-61.6978,-64.5877],[-61.7673,-64.5349],[-61.7817,-64.5109],[-61.8496,-64.5172],[-61.8081,-64.5458],[-61.8328,-64.5645],[-61.8275,-64.5939],[-61.8906,-64.592],[-61.9251,-64.5777],[-61.9635,-64.6131],[-61.9289,-64.6302],[-61.9462,-64.6693],[-61.9847,-64.6989],[-62.0697,-64.7229],[-62.1197,-64.7006],[-62.1625,-64.6986],[-62.1503,-64.7319],[-62.1971,-64.7321],[-62.2414,-64.7714],[-62.338,-64.753],[-62.3014,-64.7362],[-62.3317,-64.6918],[-62.2985,-64.664],[-62.3574,-64.64],[-62.4103,-64.6389],[-62.4603,-64.6228],[-62.4226,-64.598],[-62.5051,-64.5995],[-62.4758,-64.6209],[-62.5128,-64.6413],[-62.5799,-64.6569],[-62.5612,-64.7054],[-62.5279,-64.7224],[-62.5467,-64.756],[-62.6082,-64.7661],[-62.6392,-64.7577],[-62.7028,-64.7683],[-62.6136,-64.7992],[-62.595,-64.8212],[-62.4369,-64.8655],[-62.4399,-64.8849],[-62.5079,-64.8915],[-62.5679,-64.9147],[-62.6138,-64.9071],[-62.672,-64.8511],[-62.7678,-64.8124],[-62.8188,-64.8042],[-62.8527,-64.8271],[-62.8081,-64.8731],[-62.897,-64.9332],[-62.9504,-64.9147],[-62.9948,-64.9221],[-63.0654,-64.9025],[-63.0975,-64.9418],[-63.1619,-64.94],[-63.2,-64.9564],[-63.214,-64.9876],[-63.1607,-65.0033],[-63.1465,-65.0269],[-63.0329,-65.0467],[-63.0317,-65.0741],[-62.9752,-65.1092],[-63.0106,-65.131],[-63.0668,-65.1313],[-63.0723,-65.1643],[-63.1354,-65.1624],[-63.1739,-65.1428],[-63.2175,-65.1962],[-63.2606,-65.1984],[-63.2754,-65.159],[-63.2357,-65.1455],[-63.2606,-65.1156],[-63.2405,-65.0866],[-63.3349,-65.0867],[-63.3523,-65.1094],[-63.4146,-65.1131],[-63.467,-65.0957],[-63.5568,-65.0964],[-63.6475,-65.0873],[-63.6844,-65.0708],[-63.6991,-65.0403],[-63.811,-65.0539],[-63.811,-65.0277],[-63.9218,-65.0679],[-64.0267,-65.1384],[-64.0731,-65.1539],[-64.064,-65.2289],[-64.0831,-65.2486],[-64.0267,-65.2732],[-64.1002,-65.3057],[-64.024,-65.3305],[-63.9804,-65.3798],[-64.0358,-65.3893],[-64.084,-65.4212],[-64.0317,-65.4282],[-63.9605,-65.4626],[-63.7479,-65.4688],[-63.7461,-65.4971],[-63.6873,-65.5033],[-63.7002,-65.5262],[-63.8237,-65.5327],[-63.8101,-65.5639],[-63.7294,-65.5836],[-63.7908,-65.5953],[-63.7856,-65.6126],[-63.8359,-65.6255],[-63.8946,-65.6075],[-63.9369,-65.5793],[-63.9796,-65.5733],[-63.9767,-65.5447],[-64.0167,-65.5191],[-64.0831,-65.5176],[-64.1909,-65.5278],[-64.1811,-65.5576],[-64.0941,-65.605],[-64.1057,-65.6452],[-64.0387,-65.6821],[-64.0648,-65.6979],[-64.2051,-65.6932],[-64.2258,-65.661],[-64.2671,-65.6353],[-64.3227,-65.6426],[-64.4792,-65.6313],[-64.4427,-65.6712],[-64.3305,-65.7202],[-64.3684,-65.7521],[-64.3491,-65.7994],[-64.399,-65.8079],[-64.4794,-65.78],[-64.5618,-65.7703],[-64.6295,-65.7337],[-64.673,-65.7435],[-64.6795,-65.7749],[-64.651,-65.7847],[-64.6541,-65.8148],[-64.6989,-65.8394],[-64.6583,-65.87],[-64.5343,-65.9049],[-64.4702,-65.9494],[-64.4555,-65.9785],[-64.5147,-66.0082],[-64.5683,-66.0143],[-64.564,-66.036],[-64.7013,-66.0422],[-64.8208,-65.9702],[-64.8134,-65.9495],[-64.8568,-65.9343],[-64.9271,-65.9274],[-65.008,-65.9422],[-65.0147,-65.9671],[-65.0855,-65.9991],[-65.1574,-65.9549],[-65.3113,-65.9748],[-65.3361,-66.0104],[-65.3309,-66.0494],[-65.2619,-66.0591],[-65.2301,-66.0904],[-65.1335,-66.115],[-65.0937,-66.1553],[-65.1568,-66.1857],[-65.2169,-66.1634],[-65.3478,-66.1494],[-65.3315,-66.1867],[-65.4093,-66.1736],[-65.4544,-66.1824],[-65.5133,-66.1639],[-65.4723,-66.1255],[-65.5596,-66.1224],[-65.6137,-66.1293],[-65.6946,-66.1584],[-65.6434,-66.1706],[-65.6264,-66.2015],[-65.6611,-66.2068],[-65.6994,-66.26],[-65.733,-66.2785],[-65.8033,-66.2732],[-65.8488,-66.2988],[-65.8458,-66.3258],[-65.7792,-66.3291],[-65.6723,-66.3208],[-65.646,-66.3399],[-65.6413,-66.3786],[-65.5855,-66.3822],[-65.5492,-66.4043],[-65.6756,-66.4358],[-65.6318,-66.4536],[-65.708,-66.4892],[-65.646,-66.5279],[-65.7081,-66.5294],[-65.734,-66.5807],[-65.6678,-66.5955],[-65.7319,-66.6283],[-65.6684,-66.6299],[-65.6287,-66.6654],[-65.7141,-66.7076],[-65.6877,-66.7406],[-65.7351,-66.7555],[-65.8337,-66.7192],[-65.833,-66.6902],[-65.9629,-66.6834],[-65.955,-66.6523],[-66.009,-66.6304],[-66.0777,-66.6198],[-66.0789,-66.5966],[-66.2149,-66.5884],[-66.2483,-66.5794],[-66.3326,-66.5875],[-66.3855,-66.61],[-66.4215,-66.606],[-66.5434,-66.6455],[-66.5572,-66.6672],[-66.5267,-66.6978],[-66.5257,-66.7513],[-66.5726,-66.7821],[-66.5592,-66.8128],[-66.5163,-66.8307],[-66.3859,-66.8547],[-66.4175,-66.8757],[-66.4077,-66.9028],[-66.5045,-66.9302],[-66.601,-66.9895],[-66.5923,-67.0476],[-66.5283,-67.0445],[-66.5021,-67.0644],[-66.4047,-67.0824],[-66.5243,-67.1155],[-66.4522,-67.1609],[-66.446,-67.1977],[-66.4644,-67.2415],[-66.4484,-67.3332],[-66.495,-67.3485],[-66.562,-67.3186],[-66.5448,-67.3092],[-66.6089,-67.2326],[-66.6714,-67.2251],[-66.7392,-67.2321],[-66.8002,-67.2641],[-66.7828,-67.2888],[-66.8372,-67.2949],[-66.9577,-67.25],[-66.9771,-67.211],[-66.8882,-67.1747],[-66.9473,-67.1467],[-66.9395,-67.0871],[-66.9077,-67.0784],[-66.9156,-67.0193],[-66.9342,-66.9917],[-66.9119,-66.9497],[-66.966,-66.9261],[-67.1147,-66.9315],[-67.1252,-66.9597],[-67.0881,-66.9843],[-67.0946,-67.0123],[-67.165,-67.0161],[-67.1695,-66.9952],[-67.2222,-66.9787],[-67.2715,-67.0807],[-67.3104,-67.11],[-67.4277,-67.0932],[-67.4363,-67.0509],[-67.4868,-67.0451],[-67.4831,-67.0845],[-67.5129,-67.0902],[-67.5334,-67.1326],[-67.5907,-67.153],[-67.6052,-67.1835],[-67.4632,-67.1925],[-67.5079,-67.2287],[-67.5542,-67.2395],[-67.5859,-67.2872],[-67.521,-67.2986],[-67.4848,-67.3429],[-67.5798,-67.3799],[-67.5695,-67.4048],[-67.6442,-67.4453],[-67.6636,-67.4807],[-67.5785,-67.4728],[-67.5278,-67.4939],[-67.6083,-67.5264],[-67.6055,-67.5579],[-67.511,-67.5534],[-67.3625,-67.5343],[-67.2096,-67.499],[-67.1482,-67.4933],[-67.1272,-67.477],[-67.0546,-67.4869],[-67.0023,-67.4728],[-66.8966,-67.4756],[-66.9144,-67.4931],[-66.788,-67.5024],[-66.724,-67.536],[-66.5986,-67.5399],[-66.5237,-67.4863],[-66.4956,-67.5407],[-66.5956,-67.5989],[-66.7078,-67.5831],[-66.767,-67.5863],[-66.8346,-67.6093],[-66.9742,-67.6896],[-66.9214,-67.7064],[-66.8543,-67.6952],[-66.8029,-67.7194],[-67.0418,-67.7458],[-67.0896,-67.78],[-66.9035,-67.7663],[-66.8447,-67.7767],[-66.763,-67.7762],[-66.7681,-67.8038],[-66.8416,-67.8074],[-66.8973,-67.8269],[-66.8143,-67.8817],[-66.8406,-67.9151],[-66.903,-67.9238],[-67.0143,-67.9216],[-67.0989,-67.9356],[-67.1686,-67.9362],[-67.2919,-67.9603],[-67.2478,-67.9829],[-67.1624,-67.9983],[-67.1698,-68.0164],[-67.0842,-68.0335],[-67.1023,-68.076],[-67.1621,-68.0796],[-67.0921,-68.1182],[-67.09,-68.132],[-67.0173,-68.1564],[-67.0016,-68.1787],[-66.9215,-68.1978],[-66.956,-68.2187],[-66.884,-68.2289],[-66.8284,-68.2004],[-66.7517,-68.1857],[-66.6539,-68.198],[-66.668,-68.2231],[-66.6181,-68.2424],[-66.6975,-68.2637],[-66.7529,-68.3145],[-66.8777,-68.3017],[-66.9231,-68.3089],[-67.0031,-68.2877],[-67.1798,-68.2798],[-67.1515,-68.3362],[-67.1136,-68.3479],[-66.9665,-68.3402],[-66.9665,-68.3676],[-66.937,-68.4107],[-66.9521,-68.4597],[-66.9865,-68.477],[-67.121,-68.4731],[-67.2016,-68.508],[-67.1491,-68.5663],[-67.1106,-68.5772],[-67.0153,-68.6314],[-67.0185,-68.6748],[-66.9667,-68.7365],[-66.9759,-68.7707],[-67.0225,-68.792],[-67.0998,-68.781],[-67.1496,-68.8058],[-67.2592,-68.789],[-67.3352,-68.798],[-67.3956,-68.7903],[-67.4828,-68.8241],[-67.4868,-68.837],[-67.4016,-68.8933],[-67.3195,-68.9342],[-67.2078,-68.949],[-67.1182,-68.9453],[-67.0162,-68.9646],[-66.9205,-68.9654],[-66.8585,-68.9972],[-66.7813,-69.0025],[-66.8138,-69.0332],[-66.7514,-69.0583],[-66.7948,-69.0935],[-66.8823,-69.0967],[-66.9279,-69.1283],[-66.8525,-69.1748],[-66.8824,-69.1893],[-66.8261,-69.2265],[-66.8411,-69.2508],[-66.8954,-69.2718],[-66.9714,-69.2764],[-67.101,-69.2622],[-67.2684,-69.3022],[-67.2779,-69.3528],[-67.2506,-69.3745],[-67.2785,-69.4127],[-67.2405,-69.4217],[-67.3369,-69.4684],[-67.4781,-69.47],[-67.6109,-69.4126],[-67.682,-69.4037],[-67.7778,-69.3727],[-67.8928,-69.3639],[-67.962,-69.3904],[-68.0235,-69.3789],[-68.004,-69.3398],[-68.1648,-69.3193],[-68.2677,-69.2793],[-68.3162,-69.2855],[-68.351,-69.3095],[-68.2893,-69.3476],[-68.2939,-69.3925],[-68.3398,-69.4069],[-68.437,-69.3819],[-68.4894,-69.3912],[-68.5742,-69.3774],[-68.6166,-69.3863],[-68.71,-69.3846],[-68.8369,-69.4019],[-68.841,-69.4242],[-68.7739,-69.4459],[-68.7631,-69.4693],[-68.6127,-69.5247],[-68.5866,-69.5469],[-68.5943,-69.5746],[-68.5031,-69.6075],[-68.5041,-69.637],[-68.44,-69.6441],[-68.3629,-69.6696],[-68.3273,-69.7016],[-68.3477,-69.7328],[-68.4184,-69.7666],[-68.3981,-69.7962],[-68.3911,-69.8796],[-68.4496,-69.8844],[-68.5016,-69.9334],[-68.4616,-69.9613],[-68.4891,-69.9789],[-68.4729,-70.011],[-68.4876,-70.0512],[-68.4394,-70.0765],[-68.2973,-70.1185],[-68.2872,-70.1471],[-68.1954,-70.1959],[-68.2159,-70.2161],[-68.1446,-70.2485],[-68.0587,-70.2581],[-68.0225,-70.2861],[-67.9742,-70.291],[-67.929,-70.3745],[-67.8545,-70.4787],[-67.8705,-70.4909],[-67.7739,-70.5351],[-67.7112,-70.615],[-67.7723,-70.6165],[-67.8108,-70.641],[-67.797,-70.6647],[-67.6616,-70.7022],[-67.6896,-70.7182],[-67.6783,-70.8028],[-67.6444,-70.8331],[-67.6465,-70.8649],[-67.553,-70.9126],[-67.548,-70.9566],[-67.5158,-70.9725],[-67.4109,-70.9899],[-67.3897,-71.0099],[-67.4734,-71.0603],[-67.5583,-71.0785],[-67.5623,-71.1203],[-67.4637,-71.169],[-67.5248,-71.2073],[-67.4959,-71.2754],[-67.534,-71.2881],[-67.6015,-71.3465],[-67.596,-71.3727],[-67.643,-71.382],[-67.647,-71.4165],[-67.5954,-71.4696],[-67.6211,-71.4841],[-67.6064,-71.5467],[-67.5337,-71.5846],[-67.5223,-71.6093],[-67.434,-71.6278],[-67.3126,-71.6731],[-67.2997,-71.7179],[-67.2077,-71.7133],[-67.1325,-71.7472],[-67.1816,-71.7733],[-67.042,-71.8599],[-66.9695,-71.8933],[-66.8512,-71.9016],[-66.8748,-71.9323],[-66.7819,-71.9544],[-66.7595,-71.9779],[-66.7853,-72.0374],[-66.7471,-72.0719],[-66.8215,-72.0885],[-66.7605,-72.104],[-66.7538,-72.1364],[-66.7931,-72.1663],[-66.8996,-72.2102],[-66.9497,-72.2423],[-66.8876,-72.2698],[-66.9925,-72.3186],[-66.9654,-72.3403],[-67.0895,-72.3969],[-67.0753,-72.4102],[-67.2064,-72.4476],[-67.1818,-72.4616],[-67.2198,-72.4864],[-67.2393,-72.539],[-67.2062,-72.5665],[-67.2116,-72.5935],[-67.2842,-72.6308],[-67.3756,-72.6439],[-67.4601,-72.7019],[-67.5314,-72.7387],[-67.5323,-72.7875],[-67.4937,-72.8219],[-67.6051,-72.862],[-67.6841,-72.8677],[-67.7501,-72.8449],[-67.9471,-72.9192],[-67.9979,-72.9468],[-68.0868,-72.9334],[-68.1872,-72.9539],[-68.2356,-72.9752],[-68.3107,-72.9865],[-68.3867,-73.0138],[-68.4999,-73.0065],[-68.545,-73.0502],[-68.6726,-73.0524],[-68.666,-73.0938],[-68.7686,-73.0928],[-68.8743,-73.0762],[-68.8994,-73.0959],[-69.0165,-73.1135],[-69.2935,-73.1717],[-69.3992,-73.1819],[-69.5384,-73.1742],[-69.6159,-73.1826],[-69.7332,-73.2114],[-69.8986,-73.2114],[-70.0294,-73.2179],[-70.0736,-73.2045],[-70.2021,-73.2128],[-70.226,-73.2334],[-70.1916,-73.2673],[-70.2703,-73.2811],[-70.3947,-73.2844],[-70.4121,-73.268],[-70.5013,-73.2562],[-70.6102,-73.2771],[-70.6372,-73.2622],[-70.8635,-73.2512],[-71.061,-73.261],[-71.2126,-73.2868],[-71.3137,-73.2806],[-71.3779,-73.291],[-71.3452,-73.3145],[-71.4036,-73.3273],[-71.4487,-73.3597],[-71.5454,-73.3577],[-71.7567,-73.3422],[-71.8586,-73.3572],[-71.8393,-73.3819],[-72.0095,-73.3738],[-72.1205,-73.3848],[-72.2129,-73.3793],[-72.3339,-73.3857],[-72.4339,-73.3746],[-72.4426,-73.4288],[-72.3792,-73.4589],[-72.5419,-73.4594],[-72.6267,-73.47],[-72.7746,-73.4298],[-72.9112,-73.4347],[-72.9716,-73.4499],[-73.1325,-73.4269],[-73.1454,-73.4632],[-73.2317,-73.4929],[-73.2198,-73.5145],[-73.3323,-73.5421],[-73.6731,-73.5701],[-73.7549,-73.6015],[-73.7551,-73.6345],[-73.8619,-73.6559],[-74,-73.6426],[-74,-74.0277],[-74,-74.3708],[-74,-74.8544],[-74,-75.0273],[-74,-75.4364],[-74,-75.967],[-74,-76.6937],[-73.8622,-76.7129],[-73.7837,-76.6945],[-73.9413,-76.6671],[-73.8605,-76.6548],[-73.6305,-76.6641],[-73.3679,-76.6915],[-73.1706,-76.6836],[-73.0763,-76.6897],[-73.0018,-76.7137],[-72.9009,-76.7043],[-72.8936,-76.6832],[-72.7297,-76.6843],[-72.6212,-76.6994],[-72.4911,-76.7046],[-72.4003,-76.6941],[-72.2669,-76.704],[-71.9943,-76.7444],[-71.7667,-76.7616],[-71.5792,-76.7658],[-71.4199,-76.7567],[-70.9695,-76.7442],[-70.8952,-76.75],[-70.7494,-76.7329],[-70.6195,-76.7482],[-70.563,-76.7323],[-70.5612,-76.707],[-70.2754,-76.6791],[-70.153,-76.6953],[-70.1298,-76.65],[-70.0155,-76.648],[-70.0039,-76.6234],[-70.1014,-76.6146],[-70.1227,-76.5845],[-70.0156,-76.5354],[-70.0754,-76.4914],[-69.9639,-76.4938],[-69.8226,-76.485],[-69.7691,-76.4615],[-69.9066,-76.4543],[-70.0313,-76.4662],[-70.1704,-76.4601],[-70.0741,-76.4051],[-69.8426,-76.3931],[-69.8275,-76.3738],[-69.7228,-76.3758],[-69.6286,-76.3526],[-69.5934,-76.3296],[-69.4692,-76.3376],[-69.4272,-76.3277],[-69.2704,-76.3277],[-69.1642,-76.3083],[-68.8832,-76.2949],[-68.5579,-76.2989],[-68.4394,-76.2762],[-68.0497,-76.2387],[-68.0081,-76.2172],[-68.1016,-76.206],[-68.0742,-76.1884],[-68.1491,-76.1698],[-68.0255,-76.1505],[-67.9375,-76.1555],[-67.822,-76.1231],[-67.7017,-76.13],[-67.4196,-76.1177],[-67.1766,-76.0927],[-66.9986,-76.082],[-66.7584,-76.0457],[-66.5895,-76.031],[-66.4,-76.0303],[-66.2683,-76.0136],[-66.0617,-75.967],[-65.6486,-75.908],[-65.5596,-75.8895],[-65.4871,-75.8544],[-65.3721,-75.8569],[-65.3487,-75.8197],[-65.286,-75.7956],[-65.0076,-75.7924],[-64.5734,-75.7264],[-64.261,-75.6822],[-64.052,-75.6408],[-63.8037,-75.5851],[-63.5636,-75.5213],[-63.1878,-75.4088],[-63.0809,-75.365],[-63.0833,-75.3539],[-63.238,-75.337],[-63.6544,-75.3321],[-63.827,-75.3234],[-64.0208,-75.3519],[-64.1845,-75.3465],[-64.3464,-75.3739],[-64.4446,-75.312],[-64.3414,-75.2744],[-64.3189,-75.2494],[-64.1549,-75.2127],[-63.9077,-75.1934],[-63.6572,-75.1877],[-63.5601,-75.1582],[-63.4771,-75.1496],[-63.4256,-75.1744],[-63.3322,-75.1764],[-63.1042,-75.1533],[-63.0349,-75.1401],[-63.1051,-75.0844],[-63.2455,-75.0246],[-63.3868,-75.0084],[-63.7492,-75.0416],[-64.0469,-75.0319],[-64.0838,-75.0055],[-64.0277,-74.9746],[-63.8302,-74.9643],[-63.631,-74.9397],[-63.5799,-74.873],[-63.5008,-74.8764],[-63.3658,-74.905],[-63.2201,-74.9215],[-63.0593,-74.9051],[-63.0476,-74.8792],[-63.0853,-74.8576],[-63.1165,-74.8077],[-63.2985,-74.7137],[-63.2478,-74.6846],[-63.0696,-74.6578],[-62.8805,-74.7039],[-62.8247,-74.7058],[-62.745,-74.7328],[-62.7,-74.7635],[-62.6029,-74.7888],[-62.5627,-74.8874],[-62.5821,-74.9455],[-62.5377,-74.9867],[-62.4491,-74.9984],[-62.2651,-74.9643],[-62.1086,-74.9488],[-62.0543,-74.9185],[-61.8875,-74.8591],[-61.8167,-74.8149],[-61.7907,-74.7694],[-61.8045,-74.7401],[-61.8987,-74.7063],[-61.8874,-74.6732],[-61.9269,-74.6615],[-62.0112,-74.589],[-62.166,-74.544],[-62.3667,-74.4389],[-62.3302,-74.4003],[-62.1939,-74.4179],[-62.122,-74.46],[-61.7504,-74.5078],[-61.6385,-74.5043],[-61.6078,-74.5337],[-61.3705,-74.5465],[-61.1232,-74.5244],[-60.9925,-74.5001],[-60.9057,-74.4529],[-60.9419,-74.4297],[-61.0336,-74.4154],[-60.9861,-74.3895],[-60.7535,-74.3638],[-60.6757,-74.3253],[-60.6215,-74.2682],[-60.7459,-74.243],[-60.8931,-74.2537],[-61.161,-74.3198],[-61.4146,-74.3367],[-61.5515,-74.3222],[-61.6252,-74.3017],[-61.6512,-74.2464],[-61.5671,-74.2262],[-61.467,-74.2538],[-61.3056,-74.2277],[-61.1572,-74.1772],[-61.0394,-74.0994],[-61.0734,-74.0722],[-61.2685,-74.0571],[-61.3302,-74.069],[-61.4013,-74.0602],[-61.3989,-74.0402],[-61.5172,-74.0138],[-61.7003,-74.0443],[-61.8489,-74.0433],[-61.8019,-74.0154],[-61.7406,-74.0145],[-61.5929,-73.9802],[-61.6046,-73.9628],[-61.7131,-73.9317],[-61.7835,-73.9231],[-61.7635,-73.8902],[-61.6865,-73.8799],[-61.5484,-73.9018],[-61.4073,-73.8706],[-61.3406,-73.9316],[-61.2479,-73.9578],[-61.1458,-73.9646],[-60.9943,-73.9616],[-60.9037,-73.8944],[-60.8773,-73.8248],[-60.7302,-73.7089],[-60.8058,-73.6883],[-60.9285,-73.7327],[-61.0176,-73.7509],[-61.093,-73.74],[-60.9947,-73.6957],[-61.0141,-73.686],[-60.8919,-73.6514],[-60.7627,-73.5861],[-60.938,-73.5431],[-61.2059,-73.5155],[-61.4776,-73.4742],[-61.5318,-73.4613],[-61.5819,-73.4901],[-61.5567,-73.5245],[-61.6364,-73.5488],[-61.7021,-73.53],[-61.7157,-73.4903],[-61.6718,-73.4555],[-61.7714,-73.4482],[-61.8243,-73.4182],[-61.9354,-73.3897],[-61.9039,-73.3621],[-61.7167,-73.3711],[-61.5726,-73.3953],[-61.5253,-73.3907],[-61.5748,-73.3522],[-61.6456,-73.3348],[-61.7663,-73.3427],[-61.7275,-73.3097],[-61.8407,-73.2484],[-61.7813,-73.227],[-61.9853,-73.1769],[-62.0697,-73.1376],[-62.0203,-73.101],[-61.8706,-73.1352],[-61.8035,-73.1299],[-61.7382,-73.1502],[-61.4817,-73.1831],[-61.3914,-73.2001],[-61.2599,-73.2129],[-61.2489,-73.2539],[-61.1707,-73.3175],[-61.0785,-73.3479],[-60.9706,-73.3533],[-60.8927,-73.2933],[-60.9143,-73.2666],[-60.8695,-73.2537],[-60.8055,-73.3149],[-60.8075,-73.3969],[-60.6939,-73.3957],[-60.5972,-73.1938],[-60.5619,-73.1929],[-60.457,-73.2265],[-60.494,-73.2432],[-60.4605,-73.3015],[-60.3913,-73.3239],[-60.2855,-73.3286],[-60.1042,-73.3026],[-60.0223,-73.2758],[-59.9784,-73.2475],[-60.0131,-73.2269],[-60.0455,-73.1778],[-60.0458,-73.1391],[-60.0192,-73.0908],[-59.922,-73.033],[-59.9018,-72.9821],[-59.9503,-72.9275],[-59.9425,-72.9008],[-60.009,-72.8756],[-60.0964,-72.8771],[-60.142,-72.9106],[-60.2413,-73.028],[-60.3024,-73.0545],[-60.5254,-72.9911],[-60.5754,-72.996],[-60.6247,-73.0347],[-60.6897,-73.0263],[-60.708,-72.9926],[-60.62,-72.944],[-60.6201,-72.9144],[-60.5338,-72.8653],[-60.4922,-72.8174],[-60.4796,-72.7409],[-60.5092,-72.709],[-60.5212,-72.6595],[-60.6064,-72.6508],[-60.7527,-72.651],[-60.8189,-72.6791],[-60.9351,-72.6841],[-61.0428,-72.6999],[-61.0938,-72.7543],[-61.1399,-72.7826],[-61.2318,-72.7641],[-61.2195,-72.7109],[-61.3509,-72.6634],[-61.282,-72.649],[-61.244,-72.6212],[-61.2662,-72.5313],[-61.3298,-72.5233],[-61.393,-72.5371],[-61.4604,-72.5253],[-61.4793,-72.5007],[-61.3552,-72.476],[-61.3754,-72.459],[-61.4682,-72.4303],[-61.4646,-72.4066],[-61.393,-72.4071],[-61.2598,-72.4288],[-61.0416,-72.4729],[-60.8976,-72.4744],[-60.65,-72.4374],[-60.6331,-72.4027],[-60.7461,-72.3708],[-60.8435,-72.376],[-60.9894,-72.3501],[-60.9257,-72.3396],[-60.9272,-72.3198],[-60.8009,-72.3133],[-60.6891,-72.3352],[-60.6409,-72.3231],[-60.6781,-72.2996],[-60.6525,-72.2734],[-60.6927,-72.2303],[-60.7372,-72.2111],[-60.8838,-72.1828],[-61.0514,-72.1939],[-61.0268,-72.1654],[-60.905,-72.1575],[-60.7935,-72.124],[-60.7005,-72.1216],[-60.6608,-72.0984],[-60.6558,-72.038],[-60.6789,-71.9939],[-60.7473,-72.0016],[-60.9228,-72.0554],[-61.0357,-72.0497],[-61.14,-72.054],[-61.1999,-72.0864],[-61.165,-72.1169],[-61.1658,-72.1667],[-61.2787,-72.1439],[-61.3932,-72.0654],[-61.4879,-72.0659],[-61.5777,-72.0514],[-61.7142,-72.042],[-61.8688,-72.0847],[-61.9311,-72.0957],[-62.0906,-72.1021],[-62.149,-72.0904],[-62.255,-72.1299],[-62.3736,-72.1013],[-62.1927,-72.0368],[-62.105,-72.0133],[-62.1908,-72.0047],[-62.344,-71.9717],[-62.4136,-71.965],[-62.493,-71.9337],[-62.4228,-71.9097],[-62.2533,-71.9166],[-62.1948,-71.91],[-62.0572,-71.9121],[-61.8655,-71.8947],[-61.7599,-71.8662],[-61.4694,-71.8503],[-61.3921,-71.8725],[-61.222,-71.8673],[-61.1178,-71.8721],[-61.031,-71.8527],[-61.0472,-71.8034],[-61.1421,-71.7456],[-61.1092,-71.724],[-60.8833,-71.7883],[-60.8243,-71.7867],[-60.7661,-71.7577],[-60.8258,-71.7091],[-60.7872,-71.6786],[-60.9197,-71.656],[-61.0108,-71.6565],[-60.9565,-71.6114],[-61.1168,-71.5696],[-61.1008,-71.5497],[-61.182,-71.5348],[-61.2578,-71.5539],[-61.2623,-71.5772],[-61.3688,-71.6349],[-61.4949,-71.6776],[-61.6256,-71.6931],[-61.712,-71.677],[-61.8045,-71.6869],[-62.0855,-71.676],[-62.1267,-71.662],[-62.0584,-71.6225],[-61.9931,-71.6167],[-61.8763,-71.6281],[-61.7866,-71.6224],[-61.731,-71.6075],[-61.717,-71.5716],[-61.7358,-71.5347],[-61.622,-71.543],[-61.5228,-71.4917],[-61.5601,-71.4596],[-61.4675,-71.4557],[-61.351,-71.4629],[-61.2804,-71.4577],[-61.1547,-71.4301],[-61.1539,-71.4105],[-61.3053,-71.3704],[-61.3951,-71.3303],[-61.3665,-71.3119],[-61.0922,-71.348],[-61.0304,-71.3701],[-60.9595,-71.3667],[-60.9292,-71.3446],[-60.9428,-71.3204],[-61.0351,-71.277],[-61.2393,-71.2571],[-61.2831,-71.2293],[-61.1889,-71.2152],[-61.0395,-71.2333],[-60.9384,-71.2349],[-60.9137,-71.2091],[-60.9684,-71.1557],[-61.1005,-71.1148],[-61.2019,-71.1063],[-61.2124,-71.0768],[-61.164,-71.0391],[-61.2239,-71.0263],[-61.3628,-71.0216],[-61.2823,-70.9736],[-61.293,-70.944],[-61.2624,-70.9268],[-61.2722,-70.8716],[-61.2945,-70.8569],[-61.4621,-70.8362],[-61.5585,-70.8352],[-61.682,-70.8497],[-61.7451,-70.8885],[-61.7803,-70.9244],[-61.9767,-70.9302],[-62.0666,-70.8926],[-62.0203,-70.8376],[-62.0295,-70.7892],[-62.1218,-70.7841],[-62.1435,-70.7363],[-62.0056,-70.715],[-61.8254,-70.7387],[-61.7981,-70.7136],[-61.6621,-70.6983],[-61.6203,-70.6674],[-61.649,-70.6533],[-61.6436,-70.6183],[-61.5749,-70.6023],[-61.5215,-70.6052],[-61.4491,-70.586],[-61.3549,-70.5773],[-61.3639,-70.5501],[-61.4114,-70.5062],[-61.4655,-70.4926],[-61.5325,-70.5029],[-61.6848,-70.4997],[-61.8339,-70.5062],[-61.8623,-70.5314],[-61.9291,-70.5446],[-61.9526,-70.5131],[-62.089,-70.5513],[-62.2034,-70.5669],[-62.2323,-70.5597],[-62.1389,-70.5018],[-62.137,-70.4276],[-62.2986,-70.4082],[-62.4108,-70.407],[-62.4009,-70.3424],[-62.4407,-70.3078],[-62.3366,-70.2906],[-62.3287,-70.2729],[-62.4055,-70.2253],[-62.2229,-70.2271],[-62.1807,-70.2477],[-62.044,-70.2592],[-62.0334,-70.2944],[-61.9583,-70.2724],[-61.8624,-70.2146],[-61.9242,-70.1749],[-61.9788,-70.1245],[-61.9675,-70.1043],[-62.0034,-70.0736],[-62.137,-70.0346],[-62.1902,-70.0098],[-62.2812,-70.0017],[-62.3225,-69.9874],[-62.2863,-69.9494],[-62.3046,-69.9208],[-62.3989,-69.8904],[-62.5101,-69.8704],[-62.5609,-69.8497],[-62.4921,-69.8226],[-62.4232,-69.7789],[-62.4293,-69.7534],[-62.384,-69.7064],[-62.3832,-69.6326],[-62.4082,-69.5899],[-62.3924,-69.5356],[-62.4092,-69.5039],[-62.4724,-69.4833],[-62.5297,-69.4928],[-62.5876,-69.48],[-62.6291,-69.3991],[-62.687,-69.369],[-62.7681,-69.3466],[-62.9053,-69.3647],[-62.9659,-69.3799],[-63.0204,-69.3585],[-63.0847,-69.3043],[-63.0529,-69.277],[-63.0629,-69.2501],[-63.1818,-69.1571],[-63.2176,-69.1832],[-63.3156,-69.1964],[-63.4382,-69.169],[-63.3457,-69.1045],[-63.3077,-69.0923],[-63.3209,-69.0496],[-63.4861,-69.0581],[-63.9096,-68.9978],[-63.9241,-68.9672],[-63.8278,-68.9501],[-63.8019,-68.9343],[-63.6528,-68.9698],[-63.5928,-68.9533],[-63.501,-68.9459],[-63.4696,-68.8991],[-63.3799,-68.8875],[-63.4262,-68.8608],[-63.4931,-68.8409],[-63.4724,-68.8062],[-63.3435,-68.8326],[-63.2665,-68.8588],[-63.2017,-68.8432],[-63.2633,-68.8057],[-63.4737,-68.7587],[-63.6041,-68.7426],[-63.6751,-68.7484],[-63.8076,-68.7197],[-63.8637,-68.6903],[-63.8235,-68.6645],[-63.8422,-68.6473],[-63.7645,-68.581],[-63.6669,-68.5431],[-63.4309,-68.543],[-63.3003,-68.456],[-63.1661,-68.4499],[-63.108,-68.4578],[-62.9291,-68.5112],[-62.8501,-68.4408],[-62.8754,-68.4183],[-63.0279,-68.4107],[-63.1847,-68.4167],[-63.2676,-68.4132],[-63.3436,-68.4206],[-63.4307,-68.4142],[-63.4469,-68.4308],[-63.6225,-68.4525],[-63.7274,-68.4556],[-63.795,-68.4766],[-63.9642,-68.4835],[-64.0681,-68.5337],[-64.1623,-68.5653],[-64.2615,-68.5723],[-64.2538,-68.5962],[-64.1477,-68.6234],[-64.1696,-68.6531],[-64.2436,-68.6376],[-64.3318,-68.638],[-64.2792,-68.6648],[-64.1474,-68.6933],[-63.9991,-68.7485],[-64.0369,-68.7725],[-64.1163,-68.7512],[-64.1316,-68.7739],[-64.0272,-68.8085],[-64.0447,-68.8366],[-64.1016,-68.8331],[-64.1869,-68.8037],[-64.3496,-68.7775],[-64.4824,-68.7644],[-64.5046,-68.7792],[-64.6049,-68.7458],[-64.5974,-68.727],[-64.6862,-68.6632],[-64.77,-68.6946],[-64.8653,-68.6743],[-64.9539,-68.6723],[-64.9815,-68.6577],[-65.1252,-68.6527],[-65.1502,-68.6316],[-65.2748,-68.6285],[-65.2636,-68.5847],[-65.35,-68.561],[-65.2652,-68.5147],[-65.1916,-68.5129],[-65.1398,-68.4958],[-64.9787,-68.4022],[-65.0181,-68.3759],[-65.0811,-68.3594],[-65.2824,-68.37],[-65.3719,-68.3923],[-65.4932,-68.3633],[-65.4843,-68.3064],[-65.4252,-68.3101],[-65.3152,-68.2717],[-65.3131,-68.2517],[-65.2344,-68.2583],[-65.1666,-68.2144],[-65.0974,-68.2263],[-64.958,-68.2223],[-64.798,-68.1707],[-64.7574,-68.1089],[-64.8254,-68.0749],[-64.861,-68.0982],[-64.9815,-68.0934],[-64.9895,-68.075],[-64.9471,-68.0509],[-64.9761,-68.0313],[-65.0291,-68.067],[-65.1377,-68.1134],[-65.1799,-68.1489],[-65.2727,-68.1769],[-65.319,-68.1657],[-65.3528,-68.1387],[-65.4039,-68.1383],[-65.4612,-68.1613],[-65.5107,-68.1401],[-65.5913,-68.1538],[-65.6621,-68.1481],[-65.761,-68.1605],[-65.7335,-68.0947],[-65.651,-68.0964],[-65.6442,-68.0676],[-65.6094,-68.0427],[-65.4857,-68.0438],[-65.4037,-68.0299],[-65.3399,-67.9835],[-65.4035,-67.9532],[-65.512,-67.9464],[-65.5487,-67.9148],[-65.6942,-67.8805],[-65.6444,-67.8602],[-65.5313,-67.8386],[-65.5739,-67.8218],[-65.5652,-67.8012],[-65.5969,-67.7611],[-65.5409,-67.7338],[-65.4577,-67.7092],[-65.3652,-67.7102],[-65.3536,-67.6554],[-65.4188,-67.627],[-65.4097,-67.6029],[-65.4932,-67.5971],[-65.5161,-67.5777],[-65.5973,-67.5549],[-65.5838,-67.5241],[-65.635,-67.5027],[-65.6139,-67.4852],[-65.4975,-67.4746],[-65.5225,-67.3845],[-65.4342,-67.3338],[-65.4249,-67.3005],[-65.379,-67.3015],[-65.3654,-67.372],[-65.3269,-67.397],[-65.2376,-67.4004],[-65.1993,-67.3425],[-65.1329,-67.3352],[-65.1018,-67.3638],[-65.0128,-67.3504],[-65.0253,-67.3225],[-64.9694,-67.3007],[-64.9302,-67.3241],[-64.8401,-67.3288],[-64.7525,-67.3195],[-64.7594,-67.2691],[-64.8942,-67.2441],[-65.0195,-67.2329],[-65.028,-67.2171],[-64.9747,-67.1985],[-64.8517,-67.1929],[-64.8071,-67.176],[-64.6973,-67.1515],[-64.7314,-67.1242],[-64.729,-67.0976],[-64.8974,-67.0854],[-64.8976,-67.0674],[-64.9791,-67.0367],[-64.9197,-67.0141],[-64.8691,-66.9799],[-64.8205,-66.9923],[-64.6846,-66.9877],[-64.693,-66.9345],[-64.738,-66.8855],[-64.6993,-66.8672],[-64.7482,-66.8407],[-64.5857,-66.8171],[-64.5632,-66.7749],[-64.5152,-66.7824],[-64.5163,-66.8092],[-64.5516,-66.875],[-64.5171,-66.8992],[-64.4373,-66.8934],[-64.3716,-66.9141],[-64.3414,-66.8883],[-64.3106,-66.8365],[-64.2396,-66.8538],[-64.114,-66.9341],[-64.0203,-66.9366],[-63.9238,-66.9249],[-63.8505,-66.9252],[-63.7418,-66.9022],[-63.715,-66.8471],[-63.7668,-66.8084],[-63.7702,-66.772],[-63.8239,-66.7406],[-63.905,-66.7198],[-63.9177,-66.7042],[-64.0568,-66.6879],[-64.1467,-66.6479],[-64.1201,-66.6283],[-64.07,-66.6288],[-64.0833,-66.5915],[-64.0591,-66.5672],[-63.9985,-66.5628],[-63.9389,-66.6029],[-63.7937,-66.5957],[-63.8377,-66.5451],[-63.8179,-66.524],[-63.9101,-66.5056],[-63.9337,-66.4862],[-63.8735,-66.4725],[-63.8859,-66.4499],[-63.7984,-66.4396],[-63.8882,-66.4074],[-63.8481,-66.381],[-63.6929,-66.379],[-63.5553,-66.3931],[-63.5884,-66.3481],[-63.6727,-66.3321],[-63.756,-66.3024],[-63.7466,-66.2745],[-63.6871,-66.2539],[-63.7927,-66.2042],[-63.7479,-66.1935],[-63.6816,-66.2139],[-63.6298,-66.2179],[-63.5426,-66.208],[-63.5072,-66.2279],[-63.3903,-66.2594],[-63.3094,-66.271],[-63.2846,-66.2526],[-63.1998,-66.2722],[-63.184,-66.3219],[-63.1464,-66.357],[-62.9859,-66.4344],[-62.9757,-66.4562],[-62.9,-66.4756],[-62.836,-66.5386],[-62.8332,-66.593],[-62.7849,-66.6117],[-62.8013,-66.6463],[-62.6463,-66.7392],[-62.5116,-66.7152],[-62.4671,-66.7005],[-62.4635,-66.6714],[-62.5777,-66.6552],[-62.5177,-66.6004],[-62.5507,-66.5899],[-62.6319,-66.5997],[-62.7234,-66.5798],[-62.7321,-66.5326],[-62.7073,-66.5169],[-62.5165,-66.4797],[-62.5327,-66.4257],[-62.5829,-66.3905],[-62.7097,-66.3627],[-62.757,-66.3231],[-62.7621,-66.2942],[-62.72,-66.2824],[-62.7179,-66.2461],[-62.5479,-66.2501],[-62.4523,-66.2099],[-62.4221,-66.1834],[-62.2847,-66.1919],[-62.2271,-66.1751],[-62.1367,-66.2122],[-62.0783,-66.2165],[-62.0458,-66.2024],[-61.9708,-66.2091],[-61.9556,-66.2405],[-61.9863,-66.2579],[-61.9336,-66.3105],[-61.8913,-66.3233],[-61.856,-66.3803],[-61.8565,-66.4174],[-61.8361,-66.4544],[-61.7598,-66.476],[-61.7024,-66.4691],[-61.6621,-66.4005],[-61.7204,-66.3585],[-61.6744,-66.324],[-61.7381,-66.2686],[-61.742,-66.2367],[-61.6927,-66.2264],[-61.6393,-66.2328],[-61.5939,-66.2208],[-61.5428,-66.2458],[-61.5031,-66.2278],[-61.4943,-66.1656],[-61.3646,-66.1724],[-61.3351,-66.1543],[-61.2568,-66.158],[-61.1754,-66.1848],[-61.1347,-66.2253],[-61.1762,-66.2984],[-61.1187,-66.3517],[-60.9867,-66.3495],[-60.9961,-66.2793],[-60.9314,-66.2759],[-60.902,-66.2434],[-60.9139,-66.2254],[-60.8808,-66.1853],[-60.9057,-66.1699],[-60.9769,-66.1561],[-61.0451,-66.1185],[-61.0473,-66.0882],[-60.9958,-66.0724],[-60.9263,-66.0789],[-60.9227,-66.0382],[-60.8626,-66.0503],[-60.7537,-66.1338],[-60.6888,-66.1244],[-60.7089,-66.0464],[-60.6173,-66.0612],[-60.5958,-66.0289],[-60.5502,-66.0151],[-60.5695,-65.994],[-60.5341,-65.9623],[-60.5759,-65.94],[-60.6445,-65.9433],[-60.808,-65.9203],[-60.892,-65.9411],[-60.9827,-65.9136],[-61.0349,-65.9201],[-61.0091,-65.9649],[-61.0219,-66.0344],[-61.0883,-66.0441],[-61.1234,-65.9726],[-61.1809,-65.9565],[-61.2399,-65.9173],[-61.3456,-65.9195],[-61.3765,-65.9569],[-61.3242,-65.9852],[-61.3241,-66.0722],[-61.3601,-66.0759],[-61.4465,-66.0553],[-61.4895,-66.0335],[-61.5462,-66.0317],[-61.6329,-66.0154],[-61.6543,-66.0535],[-61.7362,-66.0829],[-61.8087,-66.0973],[-61.8132,-66.1168],[-61.9164,-66.132],[-62.0017,-66.1165],[-62.1309,-66.0751],[-62.2393,-66.0212],[-62.2733,-65.9793],[-62.2613,-65.9431],[-62.3832,-65.9279],[-62.4146,-65.8541],[-62.3918,-65.849],[-62.3345,-65.7987],[-62.3319,-65.7784],[-62.2775,-65.7764],[-62.1835,-65.7352],[-62.1201,-65.7262],[-62.1028,-65.7021],[-62.0576,-65.6947],[-62.0426,-65.6637],[-62.0913,-65.6113],[-61.924,-65.5646],[-61.8759,-65.594],[-61.8484,-65.5747],[-61.7791,-65.578],[-61.7122,-65.5588],[-61.7221,-65.525],[-61.8153,-65.5311],[-61.9004,-65.5492],[-61.9399,-65.5363],[-61.9692,-65.4889],[-62.0564,-65.4778],[-62.0799,-65.4659],[-62.1892,-65.4668],[-62.2052,-65.4494],[-62.1187,-65.4315],[-62.1476,-65.4116],[-62.1361,-65.3907],[-62.0498,-65.3919],[-62.0123,-65.3782],[-62.0935,-65.3546],[-62.333,-65.3445],[-62.3376,-65.3223],[-62.2193,-65.2985],[-62.1016,-65.2908],[-62.081,-65.2663],[-62.0292,-65.2474],[-62.1469,-65.2197],[-62.1335,-65.1803],[-62.06,-65.1977],[-61.9813,-65.2032],[-61.9346,-65.1796],[-61.8099,-65.2432],[-61.7528,-65.2386],[-61.6511,-65.2461],[-61.6029,-65.2404],[-61.5904,-65.2003],[-61.6545,-65.1789],[-61.5561,-65.1613],[-61.5803,-65.121],[-61.726,-65.1395],[-61.8123,-65.121],[-61.8074,-65.1002],[-61.8382,-65.0734],[-61.7579,-65.0518],[-61.7708,-65.0309],[-61.768,-64.971],[-61.7853,-64.9399],[-61.7523,-64.9223],[-61.7585,-64.8699],[-61.6758,-64.8553],[-61.6246,-64.8762],[-61.5806,-64.9217],[-61.5274,-64.9519],[-61.5341,-64.9759],[-61.4048,-64.9972],[-61.4159,-65.0224],[-61.3924,-65.0509],[-61.3262,-65.0442],[-61.2136,-65.0022],[-61.1791,-64.9826],[-61.1289,-64.9877],[-61.0942,-65.0376],[-61.0431,-65.0245],[-61.0009,-64.9804],[-61.003,-64.9557],[-60.934,-64.9289],[-60.8808,-64.8931],[-60.8361,-64.8494],[-60.77,-64.8327],[-60.7661,-64.8189],[-60.6975,-64.787],[-60.7732,-64.7496],[-60.7509,-64.7163],[-60.6171,-64.703],[-60.4936,-64.6688],[-60.4627,-64.6267],[-60.5002,-64.5848],[-60.3964,-64.5731],[-60.3884,-64.5411],[-60.2945,-64.5358],[-60.2982,-64.5579],[-60.2436,-64.5697],[-60.2418,-64.5173],[-60.1493,-64.5093],[-60.0812,-64.4856],[-60.0277,-64.4778],[-59.9749,-64.444],[-60.0201,-64.4025],[-60.0683,-64.3734],[-59.9838,-64.3604],[-59.9206,-64.3259],[-59.8684,-64.3391],[-59.8917,-64.3899],[-59.8519,-64.4188],[-59.7356,-64.4286],[-59.7617,-64.4463],[-59.7417,-64.4962],[-59.7692,-64.53],[-59.774,-64.569],[-59.6805,-64.5844],[-59.6481,-64.6017],[-59.5898,-64.5976],[-59.5546,-64.5813],[-59.5455,-64.5522],[-59.5631,-64.5241],[-59.6232,-64.5077],[-59.6093,-64.4448],[-59.6303,-64.3936],[-59.5678,-64.3379],[-59.4909,-64.3083],[-59.4156,-64.322],[-59.3856,-64.339],[-59.3696,-64.4128],[-59.3451,-64.4356],[-59.2386,-64.4638],[-59.1695,-64.4722],[-59.11,-64.447],[-59.012,-64.4234],[-58.9888,-64.4317],[-58.9839,-64.4762],[-59.0112,-64.4994],[-58.9468,-64.5116],[-58.9257,-64.5458],[-58.8516,-64.5583],[-58.8078,-64.5551],[-58.7611,-64.4983],[-58.7782,-64.4224],[-58.8072,-64.4108],[-58.8746,-64.425],[-58.9358,-64.4099],[-58.9074,-64.3944],[-58.9409,-64.3661],[-58.9038,-64.3513],[-58.7594,-64.3317],[-58.7436,-64.3125],[-58.7677,-64.2831],[-58.881,-64.2705],[-59.096,-64.258],[-59.1895,-64.2392],[-59.1763,-64.2138],[-59.0642,-64.2154],[-59.0715,-64.1849],[-59.028,-64.1597],[-58.988,-64.1998],[-58.9042,-64.2012],[-58.8681,-64.2186],[-58.809,-64.2165],[-58.8192,-64.1781],[-58.7464,-64.1118],[-58.6975,-64.0962],[-58.7346,-64.0606],[-58.7107,-63.9911],[-58.6438,-63.946],[-58.5482,-63.9164],[-58.4818,-63.9146],[-58.4338,-63.8807],[-58.4736,-63.8507],[-58.4475,-63.8382],[-58.3797,-63.8487],[-58.3634,-63.7889],[-58.3176,-63.7744],[-58.2657,-63.7234],[-58.2261,-63.7256],[-58.1563,-63.7116],[-58.0808,-63.6605],[-57.9285,-63.6825],[-57.8184,-63.6463],[-57.7422,-63.6392],[-57.6997,-63.625],[-57.6466,-63.6328],[-57.6112,-63.6094],[-57.6462,-63.5993],[-57.7553,-63.6079],[-57.7414,-63.5832],[-57.7469,-63.5447],[-57.6194,-63.5615],[-57.5341,-63.5538],[-57.496,-63.5631],[-57.3754,-63.5555],[-57.3824,-63.5414],[-57.456,-63.5367],[-57.4751,-63.5191],[-57.4508,-63.4895],[-57.4925,-63.4465],[-57.4323,-63.4414],[-57.3714,-63.4564],[-57.3308,-63.4809],[-57.2563,-63.4844],[-57.2129,-63.4707],[-57.143,-63.4751],[-57.1377,-63.5255],[-57.0953,-63.5462],[-57.1765,-63.5918],[-57.1602,-63.6342],[-57.1369,-63.6539],[-57.0331,-63.6488],[-57.0004,-63.6147],[-56.9334,-63.6113],[-56.8868,-63.6412],[-56.8091,-63.6337],[-56.7727,-63.6039],[-56.7629,-63.5643],[-56.7943,-63.5367],[-56.9125,-63.5164],[-56.9335,-63.4864],[-56.9999,-63.4781],[-56.9512,-63.4493],[-56.9273,-63.4163],[-56.9709,-63.3964],[-57.0443,-63.3917],[-57.039,-63.3475],[-57.0129,-63.2957],[-57.0333,-63.2664],[-57.0868,-63.2469],[-57.2163,-63.22],[-57.303,-63.2141]]],[[[-47.1496,-77.7724],[-47.251,-77.7728],[-47.4229,-77.7876],[-47.4978,-77.7843],[-47.7123,-77.8099],[-48.0726,-77.8864],[-48.3075,-77.9187],[-48.6235,-77.9834],[-49.0153,-78.0281],[-49.1373,-78.0728],[-49.0792,-78.0902],[-49.2225,-78.1278],[-49.6648,-78.2816],[-49.65,-78.3114],[-49.7323,-78.3363],[-49.7631,-78.3724],[-49.8438,-78.4075],[-49.9072,-78.4536],[-49.9097,-78.4789],[-50.063,-78.5541],[-50.1283,-78.6084],[-50.1966,-78.6297],[-50.236,-78.6645],[-50.18,-78.7128],[-50.2088,-78.7685],[-50.1467,-78.8013],[-50.199,-78.8456],[-50.3231,-78.8973],[-50.3678,-78.9323],[-50.2879,-78.9877],[-50.4442,-79.0994],[-50.4756,-79.133],[-50.3095,-79.1599],[-50.3254,-79.2395],[-50.448,-79.3105],[-50.4044,-79.3374],[-50.2999,-79.3568],[-50.3492,-79.3903],[-50.2355,-79.437],[-50.2311,-79.5164],[-50.3013,-79.5657],[-50.5638,-79.6284],[-50.6557,-79.6669],[-50.8367,-79.7164],[-51.0314,-79.7938],[-51.3085,-79.8699],[-51.3328,-79.8899],[-51.7472,-79.9953],[-51.9348,-80.061],[-52.2884,-80.1538],[-52.4702,-80.1548],[-52.8181,-80.1949],[-53.0424,-80.21],[-53.4886,-80.2212],[-53.5615,-80.256],[-53.6811,-80.2859],[-53.9044,-80.4095],[-53.9911,-80.4672],[-54.0567,-80.5337],[-54.1135,-80.5541],[-54.2231,-80.6344],[-54.3296,-80.7679],[-54.2792,-80.8439],[-54.1027,-80.8687],[-53.8745,-80.881],[-53.2827,-80.8825],[-53.1446,-80.8899],[-52.6307,-80.8946],[-51.6814,-80.8797],[-51.4495,-80.8698],[-50.7825,-80.8519],[-50.1786,-80.8217],[-49.9933,-80.8088],[-49.7751,-80.7828],[-49.7215,-80.7641],[-49.7542,-80.7028],[-49.5365,-80.6453],[-49.2217,-80.6222],[-48.9007,-80.631],[-48.7142,-80.6237],[-48.417,-80.632],[-48.194,-80.6495],[-48.0056,-80.6527],[-46.9807,-80.605],[-46.4505,-80.5667],[-45.8865,-80.5195],[-45.2125,-80.443],[-44.4209,-80.3314],[-44.0115,-80.2688],[-43.6438,-80.198],[-43.5295,-80.1659],[-43.4441,-80.1261],[-43.4714,-80.0981],[-43.7828,-80.0328],[-43.8209,-79.9677],[-43.651,-79.9475],[-43.3889,-79.9676],[-43.2607,-79.9888],[-43.1141,-79.9364],[-43.0404,-79.8564],[-42.9878,-79.7096],[-42.9622,-79.4949],[-43.0121,-79.4198],[-43.1493,-79.3143],[-43.2707,-79.2769],[-43.3259,-79.224],[-43.1891,-79.1822],[-43.2244,-79.1555],[-43.3208,-79.1329],[-43.3582,-79.0965],[-43.4309,-79.0718],[-43.4785,-78.9309],[-43.664,-78.8327],[-43.7474,-78.7971],[-44.1999,-78.8063],[-44.4641,-78.7968],[-44.8904,-78.802],[-45.1396,-78.8139],[-45.3826,-78.7778],[-45.276,-78.7212],[-45.3573,-78.6976],[-45.3385,-78.677],[-45.0461,-78.6435],[-44.9873,-78.6275],[-44.3791,-78.601],[-44.0578,-78.602],[-43.9299,-78.5971],[-43.789,-78.4361],[-43.7234,-78.379],[-43.7612,-78.3095],[-43.7553,-78.2815],[-43.815,-78.2505],[-44.1721,-78.1373],[-44.287,-78.0924],[-44.4681,-78.062],[-44.6934,-77.9976],[-44.8898,-77.9522],[-45.1839,-77.9143],[-45.5129,-77.8628],[-45.6838,-77.8425],[-45.8056,-77.8375],[-45.9383,-77.8187],[-46.3302,-77.7915],[-46.5326,-77.7927],[-46.6758,-77.7766],[-46.845,-77.7804],[-47.1496,-77.7724]]],[[[-70.4522,-68.7839],[-70.5537,-68.8045],[-70.5764,-68.8175],[-70.6811,-68.8195],[-70.7242,-68.8062],[-70.8751,-68.8205],[-70.9358,-68.8482],[-71.0212,-68.8654],[-71.1263,-68.8619],[-71.1812,-68.8467],[-71.2999,-68.8571],[-71.4972,-68.8494],[-71.5957,-68.8742],[-71.6375,-68.907],[-71.8898,-68.9325],[-71.9911,-68.9655],[-72.0337,-68.9963],[-72.1021,-69.015],[-72.1427,-69.045],[-72.2132,-69.0763],[-72.1983,-69.1106],[-72.1347,-69.1341],[-72.103,-69.1602],[-72.1377,-69.1822],[-72.1143,-69.2489],[-72.0343,-69.2721],[-72.0074,-69.317],[-71.9689,-69.3204],[-71.9119,-69.3553],[-71.8131,-69.3568],[-71.7808,-69.3719],[-71.6599,-69.3915],[-71.6808,-69.4305],[-71.6312,-69.4489],[-71.6868,-69.4928],[-71.6732,-69.5132],[-71.7364,-69.5789],[-71.752,-69.621],[-71.7222,-69.6637],[-71.6534,-69.6869],[-71.598,-69.7689],[-71.6473,-69.7966],[-71.7006,-69.7815],[-71.818,-69.7892],[-71.8494,-69.8108],[-71.8396,-69.8481],[-71.885,-69.8827],[-71.8828,-69.9129],[-71.9201,-69.9599],[-71.8338,-70.0023],[-71.8355,-70.0191],[-71.6767,-70.0784],[-71.5199,-70.1122],[-71.3751,-70.1286],[-71.3909,-70.1401],[-71.3182,-70.1861],[-71.15,-70.1833],[-71.1181,-70.2013],[-71.127,-70.2313],[-71.0631,-70.2499],[-70.9782,-70.2358],[-70.8438,-70.183],[-70.821,-70.1448],[-70.7231,-70.125],[-70.6228,-70.1725],[-70.5331,-70.168],[-70.4856,-70.205],[-70.5001,-70.2272],[-70.385,-70.2472],[-70.252,-70.2366],[-70.1504,-70.2412],[-70.0808,-70.2596],[-69.9815,-70.2522],[-69.8875,-70.303],[-69.8269,-70.3125],[-69.7542,-70.3416],[-69.8728,-70.3579],[-69.9459,-70.3551],[-70.1031,-70.3164],[-70.1525,-70.3169],[-70.1864,-70.3502],[-70.237,-70.3538],[-70.4959,-70.4017],[-70.5693,-70.3985],[-70.758,-70.4111],[-70.8029,-70.4326],[-70.9792,-70.4515],[-71.0312,-70.4926],[-71.0306,-70.5249],[-71.0657,-70.5683],[-71.2239,-70.623],[-71.2713,-70.6821],[-71.2263,-70.6958],[-71.205,-70.7533],[-71.0287,-70.769],[-70.9434,-70.7673],[-70.8499,-70.7997],[-70.8341,-70.8219],[-70.716,-70.8378],[-70.5822,-70.8448],[-70.4815,-70.8424],[-70.3951,-70.8224],[-70.1783,-70.8483],[-70.195,-70.8816],[-70.0898,-70.8911],[-70.1408,-70.8576],[-70.096,-70.8438],[-70.0159,-70.8507],[-69.961,-70.8848],[-69.9021,-70.8871],[-69.8757,-70.845],[-69.7821,-70.8698],[-69.8108,-70.9291],[-69.9287,-70.9484],[-70.1255,-70.9487],[-70.1998,-70.9418],[-70.3724,-70.9456],[-70.503,-70.9568],[-70.5718,-70.9505],[-70.5942,-70.9696],[-70.6868,-70.9915],[-70.9023,-70.9922],[-71.0157,-70.9763],[-71.127,-70.9817],[-71.1584,-70.998],[-71.389,-70.9737],[-71.3599,-71.017],[-71.3615,-71.0513],[-71.5042,-71.1007],[-71.5206,-71.1173],[-71.6696,-71.1435],[-71.83,-71.1475],[-71.914,-71.1392],[-71.9933,-71.1199],[-72.0375,-71.0954],[-72.0918,-71.101],[-72.1908,-71.0881],[-72.2584,-71.0619],[-72.3662,-71.0503],[-72.5556,-71.0709],[-72.6007,-71.0876],[-72.6947,-71.0696],[-72.8141,-71.0716],[-72.8391,-71.0956],[-72.9369,-71.1048],[-73.0316,-71.1007],[-73.1188,-71.1353],[-73.0923,-71.1665],[-73.0394,-71.1765],[-72.9514,-71.2247],[-72.7013,-71.2703],[-72.5515,-71.2733],[-72.3691,-71.3048],[-72.2383,-71.3111],[-72.2056,-71.3302],[-72.239,-71.3744],[-72.5194,-71.3641],[-72.6026,-71.3731],[-72.6253,-71.3994],[-72.7386,-71.4041],[-72.8553,-71.3877],[-72.9471,-71.3556],[-73.1432,-71.3268],[-73.3514,-71.3153],[-73.3768,-71.306],[-73.5071,-71.31],[-73.6059,-71.3225],[-73.673,-71.3535],[-73.6606,-71.4098],[-73.5542,-71.4619],[-73.5123,-71.4926],[-73.4379,-71.5128],[-73.3663,-71.5132],[-73.3239,-71.545],[-73.4139,-71.5486],[-73.4273,-71.5991],[-73.5029,-71.5978],[-73.5759,-71.5803],[-73.5867,-71.5635],[-73.6647,-71.5328],[-73.7538,-71.521],[-73.7978,-71.4756],[-74,-71.4209],[-74,-72.1619],[-73.8544,-72.1437],[-73.8072,-72.1301],[-73.7961,-72.0927],[-73.654,-72.057],[-73.5062,-72.0026],[-73.6789,-71.9388],[-73.8037,-71.8834],[-73.9174,-71.8579],[-73.8204,-71.8226],[-73.7624,-71.8248],[-73.6896,-71.8473],[-73.6095,-71.8431],[-73.5583,-71.8546],[-73.4969,-71.8319],[-73.4512,-71.8355],[-73.3378,-71.8826],[-73.1681,-71.9273],[-73.1053,-71.9199],[-73.0687,-71.942],[-72.9727,-71.9294],[-72.8769,-71.9278],[-72.7984,-71.9088],[-72.7247,-71.8745],[-72.6752,-71.7883],[-72.703,-71.7348],[-72.6718,-71.7221],[-72.5676,-71.7495],[-72.5528,-71.7279],[-72.4854,-71.7261],[-72.4428,-71.7028],[-72.4558,-71.6702],[-72.3992,-71.6645],[-72.3556,-71.6322],[-72.26,-71.6234],[-72.2518,-71.6491],[-72.1819,-71.6617],[-72.1314,-71.6954],[-72.085,-71.7037],[-72.0165,-71.7446],[-71.9217,-71.7657],[-71.8588,-71.7693],[-71.8201,-71.8225],[-71.8645,-71.8649],[-71.8163,-71.8882],[-71.6797,-71.8843],[-71.6136,-71.8747],[-71.5049,-71.8442],[-71.3864,-71.8347],[-71.2767,-71.8498],[-71.209,-71.8696],[-71.1412,-71.9067],[-70.9595,-71.8707],[-70.8904,-71.8706],[-70.8621,-71.8452],[-70.7894,-71.8476],[-70.7073,-71.873],[-70.749,-71.8873],[-70.7211,-71.9078],[-70.7779,-71.928],[-70.7438,-71.9614],[-70.7558,-71.9838],[-70.8401,-71.9846],[-70.8463,-72.0068],[-70.9779,-72.0213],[-71.1362,-72.0297],[-71.1544,-72.0436],[-71.2795,-72.0636],[-71.3858,-72.0712],[-71.4804,-72.0633],[-71.6542,-72.0918],[-71.741,-72.0932],[-71.8527,-72.112],[-71.9286,-72.1065],[-72.0472,-72.1219],[-72.0354,-72.1612],[-71.9801,-72.1841],[-71.8349,-72.2149],[-71.7348,-72.2066],[-71.6268,-72.223],[-71.6435,-72.2533],[-71.5144,-72.2591],[-71.3933,-72.282],[-71.3397,-72.2608],[-71.0966,-72.2635],[-70.7922,-72.2068],[-70.7396,-72.1771],[-70.5377,-72.1561],[-70.4275,-72.1308],[-70.3962,-72.1638],[-70.2986,-72.2326],[-70.2489,-72.2323],[-70.1644,-72.2642],[-70.2143,-72.289],[-70.4377,-72.3191],[-70.537,-72.3471],[-70.6018,-72.352],[-70.7164,-72.3892],[-70.9193,-72.3973],[-71.2196,-72.3862],[-71.609,-72.38],[-71.7183,-72.3575],[-71.8311,-72.3583],[-72.0064,-72.3236],[-72.1041,-72.3281],[-72.1065,-72.3558],[-72.1551,-72.3692],[-72.2298,-72.3512],[-72.2855,-72.3083],[-72.3385,-72.2888],[-72.425,-72.2787],[-72.6203,-72.2713],[-72.7153,-72.2729],[-72.8214,-72.2916],[-72.9292,-72.3415],[-73.0608,-72.3679],[-73.1196,-72.3908],[-73.1685,-72.4367],[-73.1056,-72.4767],[-72.9569,-72.5287],[-72.8469,-72.5793],[-72.7527,-72.6022],[-72.6541,-72.6104],[-72.5932,-72.5866],[-72.5414,-72.5503],[-72.449,-72.5675],[-72.5133,-72.6063],[-72.5163,-72.6336],[-72.4819,-72.6587],[-72.3932,-72.6689],[-72.1002,-72.6475],[-72.0201,-72.6322],[-71.6704,-72.6324],[-71.525,-72.6356],[-71.4596,-72.6301],[-71.3156,-72.6434],[-71.1562,-72.6433],[-70.9343,-72.6588],[-70.8855,-72.6507],[-70.8566,-72.5886],[-70.7595,-72.5704],[-70.7088,-72.5934],[-70.7031,-72.6616],[-70.5653,-72.6807],[-70.5072,-72.6749],[-70.3862,-72.6433],[-70.1043,-72.6171],[-69.8854,-72.6234],[-69.7747,-72.6153],[-69.6569,-72.5974],[-69.5112,-72.5837],[-69.4198,-72.5665],[-69.2402,-72.5436],[-69.1908,-72.527],[-69.142,-72.4886],[-69.2443,-72.4647],[-69.2447,-72.4308],[-69.1818,-72.4223],[-69.1665,-72.3874],[-69.103,-72.3713],[-68.9517,-72.3764],[-68.9261,-72.3491],[-68.8069,-72.3032],[-68.7703,-72.2653],[-68.7859,-72.237],[-68.7002,-72.2167],[-68.6164,-72.2229],[-68.555,-72.2532],[-68.4635,-72.246],[-68.4051,-72.1987],[-68.4355,-72.1583],[-68.3388,-72.083],[-68.3391,-72.0467],[-68.4309,-71.9909],[-68.3368,-71.9342],[-68.2886,-71.8922],[-68.2152,-71.8731],[-68.2011,-71.8449],[-68.2225,-71.8084],[-68.1986,-71.6638],[-68.124,-71.5821],[-68.1952,-71.5211],[-68.2486,-71.4512],[-68.2358,-71.3924],[-68.2566,-71.3707],[-68.2263,-71.3482],[-68.2287,-71.1238],[-68.258,-71.0756],[-68.3088,-71.0223],[-68.3099,-70.9564],[-68.3316,-70.9236],[-68.3096,-70.8711],[-68.3507,-70.8245],[-68.3323,-70.7944],[-68.4,-70.7639],[-68.4288,-70.7198],[-68.4715,-70.622],[-68.5195,-70.5859],[-68.593,-70.5618],[-68.6267,-70.4763],[-68.6665,-70.4307],[-68.7196,-70.3947],[-68.7344,-70.3449],[-68.863,-70.2674],[-68.9071,-70.2493],[-68.9869,-70.1926],[-69.0814,-70.1464],[-69.1166,-70.0769],[-69.1741,-70.0594],[-69.1863,-70.0252],[-69.2283,-69.9809],[-69.2389,-69.9471],[-69.2871,-69.9207],[-69.2642,-69.9086],[-69.2691,-69.8677],[-69.3281,-69.8286],[-69.3253,-69.7542],[-69.3397,-69.7279],[-69.3162,-69.6904],[-69.3455,-69.6545],[-69.3246,-69.6318],[-69.4905,-69.558],[-69.4683,-69.5309],[-69.5208,-69.509],[-69.5325,-69.4555],[-69.5901,-69.412],[-69.6349,-69.4036],[-69.7113,-69.307],[-69.7499,-69.2779],[-69.7987,-69.2947],[-69.9319,-69.3174],[-70.0276,-69.3098],[-70.0386,-69.2901],[-70.105,-69.2838],[-70.114,-69.2618],[-70.0576,-69.2311],[-70.0208,-69.1704],[-70.1016,-69.1255],[-70.0582,-69.1041],[-69.9985,-69.0951],[-70.0717,-69.0535],[-70.1043,-68.9976],[-70.0693,-68.976],[-70.1015,-68.9511],[-70.0836,-68.922],[-70.1073,-68.8854],[-70.1969,-68.8461],[-70.2772,-68.8264],[-70.3572,-68.8169],[-70.3769,-68.7988],[-70.4522,-68.7839]]],[[[-59.825,-80.4235],[-59.8043,-80.3462],[-59.7499,-80.2733],[-59.7417,-80.189],[-59.8026,-80.1453],[-59.9528,-80.1064],[-59.8844,-79.8372],[-60.0731,-79.7726],[-60.2452,-79.7483],[-60.5231,-79.7417],[-60.7574,-79.7609],[-61.0541,-79.8125],[-61.1967,-79.8627],[-61.2907,-79.9516],[-61.2677,-79.9867],[-61.4443,-80.0754],[-61.4414,-80.1282],[-61.3324,-80.2045],[-61.2089,-80.2476],[-61.3027,-80.2944],[-61.5042,-80.3206],[-61.6202,-80.3453],[-62.0274,-80.3982],[-62.1974,-80.4117],[-62.5264,-80.4243],[-62.8455,-80.4453],[-63.4283,-80.4676],[-63.9111,-80.4395],[-65.0359,-80.4174],[-65.4202,-80.411],[-65.9215,-80.3872],[-66.0982,-80.3698],[-66.2191,-80.3301],[-66.2369,-80.2452],[-66.1835,-80.2063],[-66.2656,-80.1994],[-66.5486,-80.2244],[-66.7288,-80.2684],[-66.8211,-80.3191],[-66.7517,-80.3949],[-66.4873,-80.4618],[-66.1515,-80.5243],[-65.8294,-80.5771],[-65.7089,-80.5902],[-65.2045,-80.6681],[-64.7642,-80.7113],[-64.4877,-80.7328],[-64.3536,-80.7356],[-64.2516,-80.7175],[-64.2305,-80.6681],[-64.124,-80.6437],[-63.7325,-80.6002],[-63.5829,-80.5935],[-63.4374,-80.6045],[-63.155,-80.6039],[-63.0537,-80.62],[-63.0574,-80.6595],[-62.9701,-80.6892],[-62.9918,-80.7624],[-62.8986,-80.7931],[-62.3681,-80.8799],[-62.0451,-80.8951],[-61.5109,-80.9411],[-61.3038,-80.9542],[-60.8498,-80.9596],[-60.5814,-80.9433],[-60.4176,-80.9194],[-60.1768,-80.8448],[-60.0285,-80.7581],[-59.9125,-80.6436],[-59.8609,-80.5675],[-59.825,-80.4235]]],[[[-68.5693,-52.7069],[-68.6067,-52.659],[-68.607,-52.8987],[-68.6065,-53.2113],[-68.607,-53.5598],[-68.6074,-53.9618],[-68.6089,-54.4354],[-68.6073,-54.5288],[-68.5951,-54.7996],[-68.5964,-54.873],[-68.5678,-54.8909],[-68.4854,-54.8468],[-68.4505,-54.8581],[-68.3881,-54.8518],[-68.3281,-54.83],[-68.2636,-54.7952],[-68.2013,-54.8165],[-68.1052,-54.8269],[-68.0333,-54.8502],[-67.9565,-54.8519],[-67.9036,-54.8605],[-67.8227,-54.8603],[-67.7601,-54.8798],[-67.6888,-54.8871],[-67.6055,-54.8814],[-67.4966,-54.8573],[-67.3935,-54.8898],[-67.3359,-54.8752],[-67.2081,-54.8929],[-67.1622,-54.8921],[-67.1011,-54.9098],[-67.0015,-54.924],[-66.9252,-54.9427],[-66.8656,-54.9425],[-66.7645,-54.9607],[-66.7057,-55.0054],[-66.5216,-55.0567],[-66.4541,-55.0577],[-66.3622,-55.0342],[-66.3695,-55.0093],[-66.2963,-54.9909],[-66.1947,-54.9978],[-66.0347,-54.9818],[-65.9709,-54.962],[-65.9581,-54.941],[-65.9935,-54.9206],[-65.9854,-54.9032],[-65.908,-54.9119],[-65.8918,-54.9004],[-65.805,-54.9144],[-65.7353,-54.9112],[-65.7022,-54.9667],[-65.6368,-54.97],[-65.6073,-54.9452],[-65.5248,-54.938],[-65.4966,-54.929],[-65.4994,-54.9018],[-65.4396,-54.89],[-65.421,-54.9276],[-65.3948,-54.9414],[-65.341,-54.9245],[-65.3128,-54.9032],[-65.312,-54.8723],[-65.227,-54.8182],[-65.2635,-54.8047],[-65.2038,-54.7801],[-65.2178,-54.7472],[-65.1917,-54.7198],[-65.1765,-54.6812],[-65.1288,-54.6515],[-65.2489,-54.6478],[-65.2419,-54.6201],[-65.3662,-54.643],[-65.4487,-54.6446],[-65.5268,-54.662],[-65.5622,-54.651],[-65.6842,-54.6634],[-65.7684,-54.649],[-65.8058,-54.6514],[-65.8592,-54.6392],[-65.982,-54.5962],[-66.1512,-54.5576],[-66.2387,-54.5335],[-66.3056,-54.5082],[-66.3588,-54.5024],[-66.384,-54.487],[-66.4577,-54.4801],[-66.5022,-54.4458],[-66.5522,-54.4205],[-66.5512,-54.4043],[-66.661,-54.3434],[-66.7404,-54.2597],[-66.7786,-54.2448],[-66.9025,-54.2165],[-66.9499,-54.1845],[-67.0135,-54.1572],[-67.1266,-54.1297],[-67.249,-54.0819],[-67.3181,-54.0481],[-67.3423,-54.0149],[-67.4456,-53.9791],[-67.4916,-53.9419],[-67.5352,-53.9271],[-67.5733,-53.8881],[-67.5864,-53.8306],[-67.6676,-53.7936],[-67.7377,-53.7469],[-67.8262,-53.705],[-67.8423,-53.689],[-67.9113,-53.6527],[-68.0018,-53.5721],[-68.0307,-53.533],[-68.066,-53.4557],[-68.0788,-53.3979],[-68.1054,-53.3587],[-68.1371,-53.3313],[-68.2066,-53.3067],[-68.3045,-53.321],[-68.4277,-53.2982],[-68.4545,-53.2973],[-68.5484,-53.2475],[-68.556,-53.2122],[-68.5385,-53.1459],[-68.466,-53.0993],[-68.4122,-53.0492],[-68.3595,-53.0179],[-68.3283,-53.0178],[-68.2629,-53.0008],[-68.2877,-52.9514],[-68.4685,-52.7926],[-68.5693,-52.7069]]],[[[-67.6446,-78.4538],[-67.9375,-78.4715],[-68.0683,-78.4874],[-68.515,-78.571],[-68.8728,-78.6116],[-69.1378,-78.6479],[-69.613,-78.7244],[-69.8182,-78.7905],[-70.0342,-78.8283],[-70.3123,-78.8574],[-70.4286,-78.885],[-70.8789,-78.9666],[-71.0965,-79.0237],[-71.2691,-79.0778],[-71.4587,-79.1579],[-71.6264,-79.2691],[-71.7099,-79.3813],[-71.8205,-79.4426],[-71.8114,-79.4951],[-71.6885,-79.5651],[-71.585,-79.6041],[-71.4275,-79.6441],[-71.2038,-79.6707],[-70.8663,-79.6991],[-70.6847,-79.7013],[-70.3806,-79.6817],[-70.2467,-79.6635],[-70.2793,-79.6281],[-69.9524,-79.5457],[-69.7902,-79.5322],[-69.782,-79.481],[-69.8361,-79.4539],[-69.8053,-79.4286],[-69.6873,-79.397],[-69.516,-79.3025],[-69.2406,-79.2127],[-69.0371,-79.138],[-69.0349,-79.1282],[-68.7953,-79.0562],[-68.6998,-79.014],[-68.4331,-78.9414],[-68.2656,-78.9099],[-67.9235,-78.8114],[-67.6166,-78.7309],[-67.5679,-78.706],[-67.4236,-78.6626],[-67.327,-78.6082],[-67.1823,-78.5558],[-67.1662,-78.5209],[-67.1999,-78.482],[-67.353,-78.4566],[-67.6446,-78.4538]]],[[[-58.9696,-51.2332],[-58.9583,-51.2679],[-58.8716,-51.3497],[-58.8681,-51.3786],[-59.0017,-51.3828],[-59.0002,-51.4097],[-59.0388,-51.4318],[-59.075,-51.4262],[-59.1395,-51.4432],[-59.1355,-51.4708],[-59.091,-51.4689],[-59.0189,-51.4985],[-59.0646,-51.5169],[-59.0291,-51.5773],[-59.0719,-51.5675],[-59.0966,-51.5159],[-59.128,-51.5346],[-59.1592,-51.5778],[-59.1543,-51.5974],[-59.1052,-51.6147],[-59.0806,-51.6405],[-59.0445,-51.6468],[-59.0197,-51.6855],[-58.9929,-51.7722],[-58.9773,-51.7883],[-59.0092,-51.8239],[-59.0487,-51.8273],[-59.0424,-51.7755],[-59.0262,-51.7726],[-59.0591,-51.7219],[-59.0471,-51.7065],[-59.087,-51.692],[-59.1039,-51.7053],[-59.1597,-51.7086],[-59.1801,-51.734],[-59.2321,-51.7217],[-59.2638,-51.7491],[-59.3018,-51.7627],[-59.2726,-51.7977],[-59.3611,-51.7999],[-59.3559,-51.8123],[-59.3839,-51.8499],[-59.4254,-51.8238],[-59.455,-51.8419],[-59.4971,-51.8356],[-59.4856,-51.8802],[-59.5289,-51.8825],[-59.5114,-51.9125],[-59.5159,-51.9389],[-59.5915,-51.9044],[-59.612,-51.9303],[-59.5539,-51.9635],[-59.5982,-51.9846],[-59.6369,-52.0203],[-59.6045,-52.049],[-59.5614,-52.0667],[-59.6116,-52.0931],[-59.6248,-52.1211],[-59.7075,-52.1058],[-59.7259,-52.132],[-59.6847,-52.1542],[-59.6242,-52.1744],[-59.6206,-52.2109],[-59.5627,-52.2115],[-59.5943,-52.2447],[-59.5734,-52.2582],[-59.5213,-52.2467],[-59.4787,-52.2871],[-59.4994,-52.3032],[-59.4149,-52.3103],[-59.3998,-52.3367],[-59.363,-52.3595],[-59.3273,-52.3505],[-59.3844,-52.3185],[-59.3878,-52.3043],[-59.3389,-52.2875],[-59.3418,-52.2537],[-59.3873,-52.2307],[-59.4151,-52.232],[-59.436,-52.1996],[-59.4041,-52.1723],[-59.4005,-52.1379],[-59.356,-52.1511],[-59.2655,-52.1658],[-59.2517,-52.1985],[-59.2053,-52.2148],[-59.1602,-52.2094],[-59.148,-52.2254],[-59.0408,-52.2486],[-59.0761,-52.1995],[-59.0627,-52.1395],[-59.1241,-52.1502],[-59.1167,-52.1185],[-59.1372,-52.0953],[-59.1077,-52.0802],[-59.1355,-52.058],[-59.1845,-52.065],[-59.1978,-52.0211],[-59.1382,-51.9974],[-59.0814,-52.0146],[-59.0549,-52.0398],[-59.0206,-52.0303],[-58.9837,-52.087],[-58.9474,-52.0727],[-58.9095,-52.087],[-58.8558,-52.0535],[-58.8116,-52.0525],[-58.7979,-52.0357],[-58.7512,-52.0446],[-58.6751,-52.0967],[-58.6484,-52.0983],[-58.663,-52.0547],[-58.6511,-52.0275],[-58.6073,-51.9819],[-58.6294,-51.9687],[-58.6993,-51.9525],[-58.744,-51.9523],[-58.7777,-51.9365],[-58.8889,-51.9019],[-58.9151,-51.8821],[-58.9561,-51.8747],[-58.9944,-51.856],[-58.9623,-51.8153],[-58.8977,-51.8545],[-58.8374,-51.8708],[-58.7597,-51.8997],[-58.733,-51.8907],[-58.558,-51.9015],[-58.5538,-51.8899],[-58.4773,-51.8997],[-58.4036,-51.8999],[-58.3158,-51.8788],[-58.2395,-51.8443],[-58.2425,-51.7944],[-58.2101,-51.7857],[-58.2277,-51.7619],[-58.1639,-51.7605],[-58.0647,-51.7716],[-58.0635,-51.7606],[-57.9742,-51.7557],[-57.9216,-51.7456],[-57.9337,-51.7253],[-57.8689,-51.7301],[-57.827,-51.7217],[-57.8047,-51.7045],[-57.8452,-51.6661],[-57.7866,-51.6615],[-57.7596,-51.6426],[-57.7681,-51.6218],[-57.8874,-51.5994],[-57.9499,-51.5915],[-58.061,-51.5906],[-58.0691,-51.5702],[-58.159,-51.5518],[-58.0932,-51.525],[-58.05,-51.5302],[-58.0262,-51.5087],[-57.9568,-51.5399],[-57.7894,-51.5456],[-57.7649,-51.5262],[-57.792,-51.5075],[-57.7947,-51.4868],[-57.8346,-51.4786],[-57.8467,-51.4439],[-57.8712,-51.4312],[-57.9039,-51.3782],[-57.9385,-51.3645],[-58.0206,-51.3803],[-58.0624,-51.3689],[-58.0994,-51.3827],[-58.1581,-51.3776],[-58.2796,-51.3927],[-58.2905,-51.4299],[-58.3542,-51.4784],[-58.378,-51.5127],[-58.3181,-51.5155],[-58.2699,-51.5344],[-58.2412,-51.5742],[-58.2601,-51.6008],[-58.2031,-51.6448],[-58.2246,-51.6547],[-58.245,-51.6209],[-58.2765,-51.5982],[-58.2635,-51.5935],[-58.2778,-51.5546],[-58.3246,-51.5376],[-58.3495,-51.5605],[-58.3927,-51.5492],[-58.4228,-51.5638],[-58.4327,-51.5228],[-58.41,-51.5042],[-58.4213,-51.4849],[-58.4759,-51.468],[-58.5244,-51.4838],[-58.5269,-51.4046],[-58.477,-51.4036],[-58.4749,-51.4318],[-58.4455,-51.4501],[-58.3934,-51.4414],[-58.3422,-51.4546],[-58.3149,-51.4152],[-58.3374,-51.3921],[-58.3457,-51.3606],[-58.3856,-51.3436],[-58.4139,-51.3151],[-58.5425,-51.3016],[-58.6259,-51.3186],[-58.671,-51.3335],[-58.8113,-51.3048],[-58.8317,-51.2909],[-58.9046,-51.2755],[-58.9696,-51.2332]]],[[[-67.679,-66.6312],[-67.8435,-66.6407],[-67.8894,-66.6539],[-68.1506,-66.7503],[-68.2154,-66.7601],[-68.2169,-66.7892],[-68.314,-66.8023],[-68.3491,-66.8351],[-68.4487,-66.8679],[-68.4361,-66.8853],[-68.4976,-66.933],[-68.5495,-66.9529],[-68.6492,-67.0638],[-68.7564,-67.1704],[-68.7244,-67.1827],[-68.7824,-67.2187],[-68.8143,-67.2751],[-68.9218,-67.3227],[-68.9241,-67.3418],[-69.037,-67.3773],[-69.0962,-67.4195],[-69.1371,-67.4672],[-69.1403,-67.4944],[-69.1795,-67.5459],[-69.1364,-67.5942],[-69.0882,-67.6081],[-69.0558,-67.6432],[-69.0675,-67.6611],[-68.9975,-67.667],[-68.9575,-67.689],[-68.9072,-67.6952],[-68.9215,-67.7359],[-68.9038,-67.7547],[-68.7404,-67.7494],[-68.6809,-67.728],[-68.5558,-67.744],[-68.5187,-67.6997],[-68.4136,-67.6611],[-68.387,-67.6186],[-68.4346,-67.5666],[-68.3152,-67.5381],[-68.2913,-67.5193],[-68.2231,-67.5189],[-68.2295,-67.5431],[-68.1334,-67.5588],[-68.0499,-67.5174],[-68.0534,-67.5015],[-67.9422,-67.4171],[-68.1025,-67.3843],[-68.167,-67.3901],[-68.2431,-67.381],[-68.2432,-67.3613],[-68.0997,-67.3161],[-67.994,-67.3047],[-67.9724,-67.2809],[-67.9953,-67.2585],[-67.9106,-67.2433],[-67.8432,-67.2063],[-67.7757,-67.1967],[-67.6914,-67.1641],[-67.6816,-67.1453],[-67.7903,-67.1315],[-67.7954,-67.0879],[-67.91,-67.0559],[-67.9264,-67.0087],[-67.9947,-66.9818],[-68.0214,-66.9457],[-67.984,-66.8668],[-67.9486,-66.8225],[-67.9163,-66.8067],[-67.8449,-66.8144],[-67.8331,-66.7756],[-67.739,-66.7562],[-67.7389,-66.7273],[-67.6844,-66.7135],[-67.6611,-66.642],[-67.679,-66.6312]]],[[[-59.3869,-51.337],[-59.4053,-51.3603],[-59.4541,-51.3552],[-59.4347,-51.3846],[-59.4394,-51.4064],[-59.3991,-51.4211],[-59.4018,-51.4365],[-59.4644,-51.4629],[-59.4851,-51.4575],[-59.5892,-51.4583],[-59.6197,-51.4354],[-59.7516,-51.4601],[-59.8141,-51.4528],[-59.8014,-51.4364],[-59.8561,-51.4133],[-59.8706,-51.3883],[-59.9027,-51.3812],[-60.0134,-51.4178],[-60.0768,-51.4135],[-60.0914,-51.4509],[-60.0154,-51.4538],[-59.9814,-51.4737],[-60.0816,-51.4842],[-60.0926,-51.4998],[-60.1677,-51.5001],[-60.2444,-51.494],[-60.3769,-51.4436],[-60.3973,-51.4245],[-60.4853,-51.3877],[-60.5836,-51.361],[-60.6616,-51.3574],[-60.6305,-51.3917],[-60.6348,-51.4035],[-60.6001,-51.4396],[-60.5207,-51.4517],[-60.4551,-51.4377],[-60.4017,-51.4814],[-60.4004,-51.5054],[-60.4813,-51.4907],[-60.5141,-51.5047],[-60.5051,-51.5295],[-60.4296,-51.5479],[-60.3753,-51.5767],[-60.3041,-51.5798],[-60.3062,-51.5969],[-60.2714,-51.6105],[-60.2332,-51.6086],[-60.223,-51.6307],[-60.1847,-51.6635],[-60.1344,-51.6831],[-60.0993,-51.6713],[-60.0851,-51.7109],[-60.1724,-51.6891],[-60.2142,-51.6614],[-60.287,-51.6806],[-60.3677,-51.6715],[-60.437,-51.6968],[-60.5033,-51.7093],[-60.5477,-51.7059],[-60.6109,-51.6765],[-60.6613,-51.6774],[-60.63,-51.7299],[-60.5698,-51.8],[-60.5213,-51.7653],[-60.4428,-51.7711],[-60.3923,-51.7445],[-60.3779,-51.7143],[-60.3241,-51.7077],[-60.2876,-51.7211],[-60.2492,-51.6967],[-60.1833,-51.7064],[-60.1817,-51.7459],[-60.2039,-51.7798],[-60.2576,-51.7837],[-60.2772,-51.7557],[-60.3231,-51.7607],[-60.2996,-51.7869],[-60.3285,-51.8047],[-60.3194,-51.827],[-60.3515,-51.8608],[-60.3828,-51.8554],[-60.374,-51.8183],[-60.4157,-51.8064],[-60.3721,-51.786],[-60.3877,-51.769],[-60.4597,-51.7875],[-60.4702,-51.827],[-60.446,-51.852],[-60.4512,-51.8774],[-60.4847,-51.906],[-60.4919,-51.9424],[-60.4204,-51.9301],[-60.4058,-51.9386],[-60.4531,-51.9683],[-60.5313,-51.9813],[-60.5855,-51.9819],[-60.6514,-51.9706],[-60.6799,-51.9955],[-60.7258,-51.9614],[-60.8444,-51.955],[-60.8564,-51.9636],[-60.7924,-52.024],[-60.8596,-52.042],[-60.9305,-52.0365],[-60.9899,-52.0437],[-61.0043,-52.0186],[-61.0423,-52.0117],[-61.0508,-52.0527],[-60.947,-52.0902],[-60.9239,-52.1177],[-60.8816,-52.117],[-60.8259,-52.1728],[-60.7995,-52.1894],[-60.7572,-52.1832],[-60.7955,-52.1417],[-60.8529,-52.1179],[-60.7721,-52.1092],[-60.6802,-52.2029],[-60.6964,-52.2131],[-60.6527,-52.2591],[-60.5734,-52.235],[-60.516,-52.2086],[-60.4858,-52.1663],[-60.4145,-52.1446],[-60.4126,-52.1654],[-60.3786,-52.1775],[-60.3328,-52.1537],[-60.2669,-52.0909],[-60.2895,-52.0107],[-60.2431,-51.9876],[-60.2202,-52.0107],[-60.1528,-52.0033],[-60.1001,-52.0083],[-60.0856,-51.9626],[-60.0374,-51.9695],[-59.9961,-51.9887],[-59.9506,-51.9895],[-59.9211,-51.9674],[-59.8604,-51.9643],[-59.8359,-51.8984],[-59.7488,-51.8193],[-59.7265,-51.8135],[-59.6274,-51.7528],[-59.5878,-51.6931],[-59.5617,-51.6696],[-59.5677,-51.6508],[-59.5283,-51.6395],[-59.4403,-51.6341],[-59.3894,-51.6049],[-59.3917,-51.5914],[-59.3323,-51.5226],[-59.2723,-51.4758],[-59.282,-51.4274],[-59.221,-51.4149],[-59.2388,-51.3911],[-59.3585,-51.3593],[-59.3869,-51.337]]],[[[-73.9968,-77.4854],[-74,-77.6999],[-74,-78.0989],[-73.7355,-78.0503],[-73.3545,-77.9567],[-73.3068,-77.9217],[-73.2163,-77.8995],[-72.8064,-77.7199],[-72.7404,-77.6479],[-72.7935,-77.6024],[-72.7431,-77.5774],[-72.9044,-77.5732],[-73.057,-77.5546],[-73.4918,-77.5274],[-73.9968,-77.4854]]],[[[-37.7268,-53.9765],[-37.7533,-54.0076],[-37.839,-54.0236],[-37.8494,-54.0131],[-37.9151,-54.0013],[-37.9647,-54.0124],[-38.0122,-54.0532],[-37.978,-54.0591],[-37.968,-54.0349],[-37.9007,-54.0583],[-37.8234,-54.0487],[-37.7588,-54.0575],[-37.6691,-54.0339],[-37.6573,-54.0513],[-37.6896,-54.0805],[-37.7295,-54.1011],[-37.7162,-54.1141],[-37.6561,-54.1081],[-37.7063,-54.148],[-37.6723,-54.1802],[-37.6192,-54.1865],[-37.558,-54.1752],[-37.543,-54.1408],[-37.4663,-54.1414],[-37.4051,-54.1527],[-37.2901,-54.1446],[-37.2538,-54.1617],[-37.3924,-54.1803],[-37.4103,-54.1942],[-37.3296,-54.2246],[-37.3689,-54.267],[-37.3031,-54.2728],[-37.2539,-54.2398],[-37.2209,-54.2321],[-37.1861,-54.2685],[-37.1574,-54.2674],[-37.0796,-54.2879],[-37.084,-54.3094],[-37.0405,-54.3489],[-37.0054,-54.3609],[-36.9483,-54.3593],[-36.9212,-54.3383],[-36.8664,-54.354],[-36.903,-54.3704],[-36.8301,-54.4057],[-36.7958,-54.4069],[-36.8111,-54.4495],[-36.7608,-54.4619],[-36.7084,-54.4857],[-36.6568,-54.4919],[-36.6404,-54.518],[-36.5533,-54.4984],[-36.468,-54.5344],[-36.497,-54.5709],[-36.4186,-54.5935],[-36.4199,-54.6073],[-36.379,-54.6463],[-36.3135,-54.6614],[-36.3365,-54.68],[-36.3082,-54.7314],[-36.3118,-54.7475],[-36.2188,-54.8169],[-36.1275,-54.8531],[-36.1322,-54.8797],[-36.1062,-54.8905],[-35.9852,-54.8831],[-35.9436,-54.8592],[-35.9735,-54.8329],[-36.0339,-54.8194],[-36.1349,-54.7614],[-36.0069,-54.8074],[-35.962,-54.8152],[-35.91,-54.8115],[-35.9081,-54.7947],[-35.82,-54.7967],[-35.7923,-54.7673],[-35.8348,-54.7641],[-35.8716,-54.7327],[-35.9169,-54.731],[-35.939,-54.7096],[-35.9176,-54.6933],[-35.9277,-54.6483],[-35.9497,-54.6275],[-35.9072,-54.5887],[-35.9128,-54.574],[-35.9846,-54.5795],[-36.0227,-54.5657],[-36.096,-54.5765],[-36.1111,-54.5513],[-36.0784,-54.5174],[-36.026,-54.5106],[-36.0754,-54.4678],[-36.1674,-54.4565],[-36.1867,-54.4338],[-36.1662,-54.4122],[-36.1787,-54.3869],[-36.2627,-54.3926],[-36.247,-54.346],[-36.2636,-54.2942],[-36.2941,-54.2706],[-36.3284,-54.2728],[-36.3766,-54.2561],[-36.4023,-54.2763],[-36.3561,-54.3111],[-36.3313,-54.3502],[-36.3573,-54.3954],[-36.4016,-54.3846],[-36.3902,-54.3602],[-36.4287,-54.3191],[-36.4574,-54.3261],[-36.4922,-54.2931],[-36.4707,-54.246],[-36.5234,-54.2393],[-36.6034,-54.2716],[-36.6127,-54.2835],[-36.7411,-54.2407],[-36.6476,-54.2424],[-36.5452,-54.1989],[-36.5442,-54.169],[-36.6015,-54.1686],[-36.6594,-54.1906],[-36.7069,-54.1859],[-36.7063,-54.1541],[-36.6443,-54.1463],[-36.6416,-54.1231],[-36.7366,-54.107],[-36.782,-54.112],[-36.7847,-54.1463],[-36.8259,-54.1309],[-36.8101,-54.0953],[-36.9114,-54.081],[-36.9586,-54.1067],[-36.974,-54.0866],[-37.0492,-54.0712],[-37.0885,-54.0883],[-37.108,-54.1112],[-37.145,-54.1167],[-37.1537,-54.0468],[-37.1918,-54.0699],[-37.2226,-54.0552],[-37.2406,-54.0922],[-37.2822,-54.0611],[-37.3625,-54.0577],[-37.4191,-54.068],[-37.4564,-54.0473],[-37.4455,-54.01],[-37.4982,-54.0231],[-37.5719,-54.0139],[-37.6546,-54.0126],[-37.6903,-53.9873],[-37.7268,-53.9765]]],[[[-57.7799,-63.7834],[-57.8208,-63.7971],[-57.9489,-63.8026],[-57.9702,-63.8153],[-57.9365,-63.8403],[-57.9689,-63.8631],[-58.0161,-63.8394],[-58.115,-63.8586],[-58.0946,-63.9055],[-58.1453,-63.91],[-58.1846,-63.8811],[-58.2317,-63.9],[-58.2359,-63.9172],[-58.3073,-63.9169],[-58.3331,-63.9527],[-58.287,-63.9671],[-58.2017,-63.9654],[-58.1889,-63.9919],[-58.2548,-63.9934],[-58.2831,-64.0065],[-58.3348,-63.9893],[-58.3669,-63.9989],[-58.4372,-64.0579],[-58.4595,-64.0887],[-58.4532,-64.1317],[-58.3293,-64.1455],[-58.2831,-64.118],[-58.259,-64.0841],[-58.2094,-64.088],[-58.1023,-64.0681],[-58.0205,-64.0763],[-58.0405,-64.1248],[-58.1371,-64.1338],[-58.1875,-64.1859],[-58.1797,-64.2171],[-58.0566,-64.2275],[-58.1533,-64.2741],[-58.2361,-64.2847],[-58.3089,-64.3163],[-58.2022,-64.3854],[-58.1514,-64.3698],[-58.1175,-64.3924],[-58.045,-64.3351],[-57.9969,-64.3411],[-57.975,-64.3655],[-58.0385,-64.4144],[-57.959,-64.4373],[-57.9283,-64.4203],[-57.8601,-64.4219],[-57.8102,-64.3785],[-57.8268,-64.3312],[-57.796,-64.3191],[-57.7257,-64.3482],[-57.7244,-64.3914],[-57.7017,-64.3983],[-57.6103,-64.3717],[-57.5751,-64.3499],[-57.4653,-64.3641],[-57.43,-64.3874],[-57.3153,-64.382],[-57.2959,-64.3439],[-57.344,-64.3317],[-57.4118,-64.2967],[-57.3029,-64.2717],[-57.3265,-64.241],[-57.2577,-64.2361],[-57.243,-64.2194],[-57.1617,-64.2205],[-57.0669,-64.1783],[-57.119,-64.1543],[-57.2349,-64.1633],[-57.2587,-64.1443],[-57.1859,-64.1291],[-57.1509,-64.0876],[-57.2527,-64.062],[-57.2926,-64.0726],[-57.4159,-64.0415],[-57.5123,-64.0228],[-57.4771,-63.9677],[-57.5538,-63.9427],[-57.6046,-63.9752],[-57.7392,-64.0161],[-57.6918,-64.0375],[-57.6986,-64.0758],[-57.8276,-64.088],[-57.8709,-64.0709],[-57.8167,-64.047],[-57.8427,-63.9941],[-57.8796,-63.9816],[-57.8012,-63.935],[-57.8129,-63.9106],[-57.7679,-63.8963],[-57.7856,-63.8467],[-57.8131,-63.8282],[-57.7799,-63.7834]]],[[[-63.3642,-64.242],[-63.4253,-64.2609],[-63.4511,-64.2524],[-63.5441,-64.2707],[-63.5565,-64.2855],[-63.5323,-64.3168],[-63.5719,-64.3249],[-63.6773,-64.319],[-63.6731,-64.3555],[-63.6382,-64.3749],[-63.6786,-64.3928],[-63.6995,-64.4426],[-63.775,-64.4574],[-63.8133,-64.4279],[-63.8694,-64.4339],[-63.919,-64.4617],[-63.9212,-64.4807],[-63.8557,-64.5101],[-63.8774,-64.5339],[-63.9596,-64.5477],[-64.0258,-64.5448],[-64.1722,-64.5877],[-64.2046,-64.5914],[-64.1863,-64.6354],[-64.2373,-64.6652],[-64.2325,-64.6808],[-64.2946,-64.7103],[-64.1952,-64.7217],[-64.1094,-64.7153],[-64.067,-64.7594],[-63.9837,-64.7697],[-63.9039,-64.789],[-63.8483,-64.782],[-63.7799,-64.7868],[-63.7405,-64.8161],[-63.7569,-64.8293],[-63.684,-64.8544],[-63.6387,-64.8059],[-63.5745,-64.7855],[-63.5364,-64.7357],[-63.4716,-64.6993],[-63.4323,-64.7218],[-63.418,-64.7636],[-63.3437,-64.7685],[-63.3213,-64.7392],[-63.2694,-64.7053],[-63.2231,-64.6997],[-63.183,-64.65],[-63.0809,-64.62],[-62.9883,-64.6223],[-62.8718,-64.5786],[-62.885,-64.5308],[-62.926,-64.5158],[-62.9695,-64.5394],[-63.055,-64.5352],[-63.0678,-64.5514],[-63.1327,-64.5591],[-63.1259,-64.5806],[-63.2692,-64.5816],[-63.2888,-64.5508],[-63.2133,-64.5361],[-63.1975,-64.5127],[-63.1306,-64.4941],[-63.2523,-64.4737],[-63.2118,-64.446],[-63.1372,-64.4153],[-63.1966,-64.3916],[-63.2464,-64.4237],[-63.3063,-64.4189],[-63.2751,-64.3964],[-63.2864,-64.3605],[-63.2222,-64.3647],[-63.1582,-64.3258],[-63.1554,-64.2927],[-63.2369,-64.2757],[-63.2648,-64.2861],[-63.3642,-64.242]]],[[[-55.6198,-63.1211],[-55.6862,-63.1282],[-55.7613,-63.1554],[-55.8285,-63.1255],[-56.0172,-63.1498],[-56.0477,-63.1399],[-56.0995,-63.1645],[-56.1957,-63.1781],[-56.2615,-63.2137],[-56.341,-63.2228],[-56.3798,-63.2355],[-56.4657,-63.2809],[-56.4868,-63.3025],[-56.4494,-63.3236],[-56.5454,-63.3341],[-56.5572,-63.3733],[-56.4695,-63.394],[-56.4491,-63.4316],[-56.411,-63.4411],[-56.2866,-63.4291],[-56.2636,-63.4056],[-56.1306,-63.4008],[-56.0651,-63.3882],[-56.0117,-63.3644],[-56.0221,-63.3372],[-55.9286,-63.3255],[-55.9269,-63.3012],[-55.8936,-63.2918],[-55.8371,-63.3036],[-55.8399,-63.3236],[-55.771,-63.3247],[-55.7719,-63.2997],[-55.6182,-63.3359],[-55.4267,-63.3292],[-55.3308,-63.3614],[-55.187,-63.3637],[-55.129,-63.3526],[-55.0525,-63.3186],[-55.0425,-63.2847],[-55.0667,-63.2253],[-55.1383,-63.2024],[-55.2024,-63.2151],[-55.327,-63.1874],[-55.4216,-63.2115],[-55.4662,-63.2112],[-55.5354,-63.1772],[-55.4805,-63.1556],[-55.5681,-63.1287],[-55.6198,-63.1211]]],[[[-62.4724,-69.1439],[-62.5382,-69.1622],[-62.58,-69.1909],[-62.5535,-69.2106],[-62.5546,-69.2625],[-62.4951,-69.3067],[-62.4842,-69.3349],[-62.3322,-69.3998],[-62.2919,-69.4458],[-62.2047,-69.505],[-62.1742,-69.5659],[-62.2004,-69.5904],[-62.1927,-69.6291],[-62.1381,-69.6656],[-62.1128,-69.7307],[-62.0179,-69.7323],[-61.9626,-69.7102],[-61.9687,-69.6847],[-61.9308,-69.6667],[-61.9327,-69.6299],[-61.8817,-69.5955],[-61.918,-69.5552],[-61.8944,-69.541],[-61.8191,-69.5407],[-61.7345,-69.4922],[-61.7531,-69.4592],[-61.8338,-69.4017],[-61.8426,-69.3649],[-62.0282,-69.2861],[-62.0437,-69.2535],[-62.1157,-69.2177],[-62.2074,-69.1855],[-62.3231,-69.1548],[-62.4724,-69.1439]]],[[[-57.6857,-61.8926],[-57.6804,-61.9107],[-57.8133,-61.9481],[-57.8554,-61.9467],[-57.9676,-61.9278],[-57.9904,-61.8979],[-58.0528,-61.9316],[-58.1915,-61.9517],[-58.2498,-61.9525],[-58.3594,-61.9353],[-58.402,-61.9422],[-58.4452,-61.9664],[-58.5034,-61.975],[-58.5624,-61.9946],[-58.5944,-62.0165],[-58.6476,-62.007],[-58.7106,-62.0218],[-58.6997,-62.0577],[-58.7371,-62.0681],[-58.7733,-62.0968],[-58.856,-62.1089],[-58.8956,-62.1372],[-58.9263,-62.1421],[-59.0014,-62.1885],[-59.0211,-62.2234],[-58.9552,-62.2308],[-58.9574,-62.1988],[-58.8886,-62.1829],[-58.8466,-62.164],[-58.7929,-62.1681],[-58.7915,-62.2261],[-58.7294,-62.2426],[-58.6116,-62.2609],[-58.5593,-62.2395],[-58.4483,-62.2276],[-58.422,-62.2149],[-58.4567,-62.1627],[-58.4822,-62.1542],[-58.5481,-62.1815],[-58.616,-62.1842],[-58.6065,-62.1578],[-58.5432,-62.153],[-58.4783,-62.1256],[-58.4583,-62.1032],[-58.5025,-62.08],[-58.4438,-62.0629],[-58.2859,-62.0733],[-58.2932,-62.0903],[-58.3756,-62.1085],[-58.3899,-62.1295],[-58.3282,-62.1345],[-58.3325,-62.152],[-58.2698,-62.1914],[-58.2212,-62.1879],[-58.2176,-62.1579],[-58.1704,-62.1639],[-58.1299,-62.1332],[-58.2025,-62.1134],[-58.1643,-62.0432],[-58.0672,-62.0669],[-57.9873,-62.0672],[-57.9404,-62.0865],[-57.9108,-62.0766],[-57.9156,-62.0416],[-57.8833,-62.0263],[-57.7697,-62.0121],[-57.7102,-62.0237],[-57.6187,-62.0236],[-57.6431,-61.9996],[-57.701,-61.9681],[-57.6579,-61.9582],[-57.6478,-61.919],[-57.6857,-61.8926]]],[[[-62.3893,-64.0075],[-62.4682,-64.0217],[-62.5101,-64.0385],[-62.525,-64.0629],[-62.5022,-64.1],[-62.5337,-64.1142],[-62.6133,-64.1157],[-62.6076,-64.1401],[-62.5323,-64.1988],[-62.4481,-64.2127],[-62.5175,-64.2761],[-62.5283,-64.3076],[-62.5637,-64.3145],[-62.5741,-64.3432],[-62.6144,-64.3823],[-62.685,-64.4039],[-62.6477,-64.445],[-62.6608,-64.4761],[-62.7113,-64.4615],[-62.7741,-64.4697],[-62.7785,-64.4997],[-62.6727,-64.492],[-62.6196,-64.5162],[-62.5792,-64.5011],[-62.55,-64.472],[-62.494,-64.4837],[-62.4272,-64.48],[-62.3289,-64.4433],[-62.2957,-64.3796],[-62.2679,-64.3943],[-62.17,-64.3618],[-62.2141,-64.3521],[-62.1833,-64.312],[-62.2082,-64.2933],[-62.1138,-64.2641],[-62.0678,-64.2226],[-62.1033,-64.1931],[-62.2004,-64.1897],[-62.2084,-64.175],[-62.0856,-64.1523],[-62.103,-64.1198],[-62.178,-64.122],[-62.2885,-64.0944],[-62.2707,-64.038],[-62.3041,-64.0149],[-62.3893,-64.0075]]],[[[-72.6846,-69.4061],[-72.8006,-69.4157],[-72.8746,-69.4348],[-72.9169,-69.4654],[-72.9843,-69.4944],[-72.9663,-69.5305],[-72.9248,-69.5557],[-72.8459,-69.5801],[-72.7779,-69.6547],[-72.7029,-69.6558],[-72.6594,-69.6726],[-72.5538,-69.6843],[-72.4112,-69.6821],[-72.289,-69.6695],[-72.2272,-69.6524],[-72.1536,-69.6642],[-72.1234,-69.702],[-72.0174,-69.7076],[-71.944,-69.6775],[-71.9673,-69.6588],[-72.2097,-69.6138],[-72.2774,-69.5935],[-72.2381,-69.5637],[-72.3076,-69.5203],[-72.3186,-69.4969],[-72.3706,-69.4623],[-72.4332,-69.4441],[-72.5818,-69.4165],[-72.6846,-69.4061]]],[[[-60.1366,-62.4513],[-60.1724,-62.5043],[-60.254,-62.5211],[-60.2608,-62.5422],[-60.3265,-62.5655],[-60.4037,-62.5469],[-60.4415,-62.5685],[-60.5989,-62.5799],[-60.69,-62.5562],[-60.715,-62.5282],[-60.7132,-62.4933],[-60.7886,-62.4809],[-60.8268,-62.4905],[-60.842,-62.5394],[-60.8114,-62.5453],[-60.8266,-62.5878],[-60.9007,-62.5916],[-61.019,-62.6267],[-61.0948,-62.6094],[-61.1385,-62.5804],[-61.193,-62.5967],[-61.1235,-62.6248],[-61.153,-62.6624],[-61.1408,-62.6768],[-61.0564,-62.659],[-60.9671,-62.6621],[-60.8587,-62.6879],[-60.8473,-62.6756],[-60.7703,-62.6623],[-60.773,-62.6354],[-60.7179,-62.607],[-60.6089,-62.6284],[-60.6035,-62.6492],[-60.5386,-62.6328],[-60.4565,-62.6309],[-60.3544,-62.6072],[-60.323,-62.6173],[-60.426,-62.6846],[-60.3864,-62.7027],[-60.3133,-62.6769],[-60.2697,-62.6896],[-60.3299,-62.7097],[-60.3339,-62.761],[-60.2527,-62.7558],[-60.2141,-62.7333],[-60.1562,-62.7186],[-60.0489,-62.7073],[-59.9996,-62.6767],[-59.8198,-62.6208],[-59.8891,-62.6094],[-59.9308,-62.6209],[-60.0415,-62.6268],[-60.0869,-62.6111],[-60.1038,-62.5737],[-60.0393,-62.5065],[-60.1366,-62.4513]]],[[[-73.6827,-70.6446],[-73.8159,-70.5895],[-74,-70.5523],[-74,-70.8729],[-73.9289,-70.8636],[-73.7349,-70.8122],[-73.5591,-70.7446],[-73.541,-70.707],[-73.568,-70.6807],[-73.6827,-70.6446]]],[[[-65.7644,-65.5178],[-65.8371,-65.5305],[-65.9033,-65.5534],[-65.9647,-65.5635],[-65.9516,-65.6113],[-66.0029,-65.6607],[-66.0739,-65.6869],[-66.0717,-65.7263],[-66.0445,-65.7527],[-66.0948,-65.7773],[-66.1568,-65.7765],[-66.1788,-65.8173],[-66.183,-65.8722],[-66.0842,-65.8771],[-66.0455,-65.8619],[-65.9588,-65.859],[-65.9441,-65.8429],[-65.8662,-65.8344],[-65.8412,-65.8109],[-65.8338,-65.7508],[-65.9141,-65.7136],[-65.8859,-65.6763],[-65.7958,-65.6914],[-65.6701,-65.6779],[-65.6775,-65.6436],[-65.6582,-65.6111],[-65.6742,-65.5725],[-65.7644,-65.5178]]],[[[-60.7341,-70.5105],[-60.9012,-70.5274],[-60.9687,-70.5552],[-60.9847,-70.6161],[-60.8882,-70.7061],[-60.8069,-70.7226],[-60.6952,-70.7118],[-60.5467,-70.677],[-60.4405,-70.6175],[-60.4311,-70.6002],[-60.4688,-70.5328],[-60.5456,-70.5128],[-60.7341,-70.5105]]],[[[-67.2534,-67.5744],[-67.3081,-67.6078],[-67.4014,-67.611],[-67.4295,-67.5834],[-67.579,-67.6035],[-67.6906,-67.639],[-67.7768,-67.6735],[-67.7272,-67.7037],[-67.6782,-67.6744],[-67.6348,-67.679],[-67.6545,-67.7125],[-67.7435,-67.7258],[-67.7357,-67.7497],[-67.6948,-67.768],[-67.5124,-67.7926],[-67.4332,-67.7859],[-67.2933,-67.736],[-67.3204,-67.7162],[-67.1665,-67.6539],[-67.1169,-67.6246],[-67.2305,-67.5911],[-67.2534,-67.5744]]],[[[-73.7275,-73.0842],[-73.8678,-73.1119],[-73.8961,-73.1392],[-73.8593,-73.1766],[-73.917,-73.2041],[-74,-73.2171],[-74,-73.3714],[-73.8933,-73.3646],[-73.7675,-73.3228],[-73.7514,-73.298],[-73.6701,-73.2464],[-73.7069,-73.2109],[-73.6201,-73.2054],[-73.5565,-73.1645],[-73.5433,-73.1265],[-73.6475,-73.0887],[-73.7275,-73.0842]]],[[[-56.4885,-62.9738],[-56.4944,-62.9994],[-56.6032,-63.0381],[-56.6187,-63.0594],[-56.4814,-63.1328],[-56.3752,-63.1575],[-56.323,-63.1851],[-56.2134,-63.1593],[-56.1659,-63.1389],[-56.1468,-63.1128],[-56.0526,-63.0763],[-56.0306,-63.0278],[-56.0798,-63.007],[-56.1691,-62.9977],[-56.2393,-63.008],[-56.3154,-63.0076],[-56.3551,-62.9904],[-56.4322,-62.9891],[-56.4885,-62.9738]]],[[[-55.3642,-61.0562],[-55.4227,-61.0819],[-55.4537,-61.1189],[-55.3486,-61.1443],[-55.3952,-61.1742],[-55.3584,-61.2385],[-55.2415,-61.2799],[-55.2051,-61.2802],[-55.1852,-61.2427],[-55.1355,-61.225],[-55.1558,-61.1929],[-55.111,-61.1704],[-54.911,-61.1539],[-54.7579,-61.1589],[-54.6457,-61.1157],[-54.745,-61.0958],[-54.8314,-61.112],[-54.8798,-61.1024],[-54.9809,-61.1151],[-55.0548,-61.0966],[-55.1231,-61.0893],[-55.1438,-61.0765],[-55.2633,-61.0783],[-55.3118,-61.0609],[-55.3642,-61.0562]]],[[[-64.3336,-54.7322],[-64.3535,-54.7451],[-64.4447,-54.7621],[-64.4886,-54.7643],[-64.5408,-54.7419],[-64.5114,-54.7981],[-64.5569,-54.7959],[-64.5865,-54.8208],[-64.6716,-54.7852],[-64.679,-54.8023],[-64.7252,-54.8022],[-64.7514,-54.8349],[-64.7196,-54.8553],[-64.6854,-54.8428],[-64.6686,-54.8752],[-64.6354,-54.9065],[-64.4916,-54.8686],[-64.4147,-54.8596],[-64.3904,-54.8338],[-64.334,-54.8299],[-64.2904,-54.789],[-64.2384,-54.8292],[-64.1786,-54.8385],[-64.1181,-54.815],[-64.0315,-54.7998],[-63.9876,-54.7835],[-63.9554,-54.8103],[-63.898,-54.7894],[-63.8473,-54.7803],[-63.8015,-54.751],[-63.8084,-54.7248],[-63.8617,-54.7394],[-63.8745,-54.7205],[-63.9929,-54.7367],[-64.0243,-54.7525],[-64.0695,-54.7276],[-64.0832,-54.7518],[-64.1507,-54.7328],[-64.1841,-54.7444],[-64.2423,-54.7452],[-64.2766,-54.7337],[-64.3336,-54.7322]]],[[[-45.7028,-60.5112],[-45.7644,-60.5415],[-45.8149,-60.5296],[-45.8226,-60.5546],[-45.8827,-60.5468],[-45.9291,-60.5221],[-45.965,-60.5446],[-46.0268,-60.6108],[-45.9904,-60.633],[-45.9075,-60.6255],[-45.8663,-60.5949],[-45.7837,-60.5777],[-45.6989,-60.6564],[-45.4882,-60.6339],[-45.4543,-60.6632],[-45.4176,-60.6511],[-45.3423,-60.6812],[-45.242,-60.7075],[-45.1957,-60.7327],[-45.1879,-60.6863],[-45.2278,-60.6254],[-45.3352,-60.6408],[-45.4178,-60.566],[-45.5126,-60.5415],[-45.5246,-60.565],[-45.6159,-60.5534],[-45.7028,-60.5112]]],[[[-55.9791,-63.3975],[-56.0694,-63.408],[-56.1129,-63.4269],[-56.2019,-63.4395],[-56.2127,-63.4912],[-56.146,-63.5389],[-56.0737,-63.5405],[-56.0257,-63.5531],[-56.0095,-63.5889],[-55.95,-63.5862],[-55.8821,-63.5311],[-55.7817,-63.5248],[-55.7318,-63.5021],[-55.7175,-63.4725],[-55.74,-63.437],[-55.8813,-63.401],[-55.9791,-63.3975]]],[[[-71.7459,-70.2632],[-71.8203,-70.2915],[-71.7646,-70.3355],[-71.7634,-70.3751],[-71.7038,-70.4206],[-71.613,-70.4561],[-71.4721,-70.41],[-71.3533,-70.3423],[-71.3204,-70.2973],[-71.3911,-70.2728],[-71.4708,-70.2658],[-71.5343,-70.283],[-71.6725,-70.2991],[-71.6696,-70.282],[-71.7459,-70.2632]]],[[[-56.9246,-64.3286],[-56.9756,-64.3572],[-57.1824,-64.4103],[-57.2725,-64.4453],[-57.3455,-64.4354],[-57.4147,-64.4435],[-57.4288,-64.4583],[-57.4087,-64.4951],[-57.4508,-64.5341],[-57.4341,-64.5523],[-57.3103,-64.5664],[-57.2082,-64.5463],[-57.1758,-64.5305],[-57.0329,-64.4978],[-57.0044,-64.462],[-56.9655,-64.4471],[-56.9369,-64.4028],[-56.9477,-64.3672],[-56.8917,-64.3381],[-56.9246,-64.3286]]],[[[-60.5853,-71.0694],[-60.5478,-71.0409],[-60.5121,-70.9815],[-60.5979,-70.9254],[-60.6928,-70.9079],[-60.7686,-70.9126],[-60.9087,-70.9473],[-60.9554,-70.9836],[-60.8939,-71.0174],[-60.7485,-71.0426],[-60.7109,-71.0576],[-60.5853,-71.0694]]],[[[-57.3397,-63.7854],[-57.5384,-63.8005],[-57.6341,-63.7925],[-57.6872,-63.7983],[-57.6979,-63.8286],[-57.6243,-63.857],[-57.625,-63.9064],[-57.4912,-63.8757],[-57.4313,-63.876],[-57.3465,-63.8999],[-57.2716,-63.8658],[-57.2384,-63.9038],[-57.1909,-63.8927],[-57.1016,-63.848],[-57.0521,-63.8392],[-57.1445,-63.8145],[-57.2205,-63.8012],[-57.2919,-63.8182],[-57.3388,-63.8169],[-57.3397,-63.7854]]],[[[-67.3901,-66.7437],[-67.4549,-66.7485],[-67.5071,-66.7661],[-67.4964,-66.8074],[-67.5517,-66.8335],[-67.5442,-66.8626],[-67.5657,-66.8935],[-67.4987,-66.9077],[-67.4005,-66.9115],[-67.3861,-66.8873],[-67.3061,-66.877],[-67.2387,-66.8408],[-67.2673,-66.8167],[-67.2796,-66.7758],[-67.3901,-66.7437]]],[[[-60.9001,-51.7622],[-60.9155,-51.7786],[-60.891,-51.8116],[-60.8971,-51.8371],[-60.9545,-51.8522],[-61.002,-51.8492],[-60.963,-51.8158],[-60.9832,-51.7844],[-61.0293,-51.779],[-61.0638,-51.8256],[-61.1608,-51.8346],[-61.1266,-51.8551],[-61.135,-51.9037],[-61.0993,-51.9314],[-61.0671,-51.9358],[-61.0007,-51.9897],[-60.9139,-51.94],[-60.8877,-51.934],[-60.8701,-51.9011],[-60.8871,-51.8631],[-60.8568,-51.7886],[-60.8626,-51.7652],[-60.9001,-51.7622]]],[[[-66.6199,-66.0607],[-66.6423,-66.0908],[-66.7157,-66.1006],[-66.7425,-66.0896],[-66.8014,-66.1226],[-66.7732,-66.1763],[-66.7324,-66.2067],[-66.7648,-66.2404],[-66.9135,-66.3014],[-66.8572,-66.3264],[-66.7786,-66.302],[-66.7364,-66.2659],[-66.6845,-66.252],[-66.6166,-66.2169],[-66.576,-66.1785],[-66.6379,-66.1252],[-66.5797,-66.1055],[-66.5638,-66.0711],[-66.6199,-66.0607]]],[[[-60.7872,-63.6673],[-60.798,-63.6987],[-60.7464,-63.7543],[-60.7937,-63.7522],[-60.8124,-63.7821],[-60.7741,-63.8048],[-60.7956,-63.8389],[-60.8447,-63.827],[-60.902,-63.8526],[-60.8583,-63.8792],[-60.8979,-63.8989],[-60.828,-63.9084],[-60.799,-63.8918],[-60.689,-63.8871],[-60.6443,-63.859],[-60.707,-63.8147],[-60.6617,-63.7817],[-60.6582,-63.7491],[-60.6122,-63.7367],[-60.5799,-63.6894],[-60.683,-63.6973],[-60.7338,-63.693],[-60.7872,-63.6673]]],[[[-61.1519,-69.9817],[-61.1084,-69.9419],[-61.207,-69.8511],[-61.3263,-69.8527],[-61.3877,-69.8862],[-61.3996,-69.943],[-61.3223,-69.9747],[-61.2372,-69.9917],[-61.1519,-69.9817]]],[[[-59.7334,-65.1027],[-59.8066,-65.1021],[-59.8441,-65.1329],[-59.827,-65.1538],[-59.7306,-65.1969],[-59.6518,-65.2003],[-59.5515,-65.2461],[-59.4537,-65.2514],[-59.4375,-65.236],[-59.5171,-65.1816],[-59.6154,-65.1247],[-59.7334,-65.1027]]],[[[-62.3136,-62.8709],[-62.5187,-62.9167],[-62.5523,-62.9618],[-62.6394,-63.0373],[-62.6807,-63.0597],[-62.6505,-63.0859],[-62.5253,-63.0347],[-62.4331,-62.9856],[-62.3228,-62.9006],[-62.3136,-62.8709]]],[[[-59.0476,-62.2336],[-59.0766,-62.2499],[-59.1482,-62.2579],[-59.2217,-62.288],[-59.1225,-62.3251],[-59.1001,-62.3497],[-59.0354,-62.3522],[-58.9863,-62.3434],[-58.9544,-62.3235],[-58.8293,-62.3098],[-58.8751,-62.2658],[-58.9345,-62.2596],[-58.9713,-62.2766],[-59.0003,-62.2344],[-59.0476,-62.2336]]],[[[-60.9191,-68.6861],[-61.0215,-68.6988],[-61.0227,-68.7215],[-60.9774,-68.747],[-60.8325,-68.7783],[-60.7748,-68.7981],[-60.6761,-68.7909],[-60.6651,-68.7561],[-60.7555,-68.7069],[-60.8421,-68.6877],[-60.9191,-68.6861]]],[[[-64.7912,-67.5899],[-64.9483,-67.5985],[-65.0032,-67.6133],[-64.9527,-67.6494],[-64.9571,-67.6766],[-64.8387,-67.6562],[-64.7537,-67.6784],[-64.6192,-67.6566],[-64.5656,-67.6223],[-64.5814,-67.6081],[-64.6961,-67.6063],[-64.7912,-67.5899]]],[[[-48.8222,-77.7766],[-48.7468,-77.7539],[-48.8231,-77.7346],[-48.9326,-77.7695],[-49.0278,-77.787],[-49.1696,-77.787],[-49.3473,-77.8243],[-49.3926,-77.8484],[-49.2705,-77.8629],[-49.0576,-77.8184],[-48.8222,-77.7766]]],[[[-63.1829,-64.7091],[-63.2399,-64.7418],[-63.3723,-64.8043],[-63.4178,-64.7848],[-63.474,-64.7983],[-63.5039,-64.8218],[-63.4457,-64.8265],[-63.5401,-64.8948],[-63.4088,-64.9012],[-63.3959,-64.8789],[-63.3323,-64.8723],[-63.2933,-64.8524],[-63.2764,-64.8065],[-63.2044,-64.764],[-63.16,-64.75],[-63.1829,-64.7091]]],[[[-59.7832,-62.4436],[-59.9061,-62.4542],[-59.9635,-62.4433],[-59.9652,-62.4681],[-59.9358,-62.5038],[-59.7798,-62.5322],[-59.7192,-62.5574],[-59.6589,-62.5594],[-59.5829,-62.5397],[-59.5521,-62.5007],[-59.6545,-62.4681],[-59.6686,-62.4983],[-59.7337,-62.5082],[-59.7859,-62.4848],[-59.7247,-62.4543],[-59.7832,-62.4436]]],[[[-62.2105,-63.2309],[-62.2144,-63.2587],[-62.2672,-63.2734],[-62.2361,-63.2887],[-62.2297,-63.3482],[-62.2155,-63.3557],[-62.0849,-63.3378],[-62.0106,-63.3533],[-61.9839,-63.3476],[-61.9504,-63.3127],[-62.016,-63.2871],[-62.0063,-63.2706],[-62.0497,-63.2508],[-62.1339,-63.277],[-62.2105,-63.2309]]],[[[-59.6202,-62.3276],[-59.6157,-62.3406],[-59.6881,-62.3612],[-59.6878,-62.3925],[-59.6279,-62.3737],[-59.6021,-62.3825],[-59.6226,-62.4121],[-59.5756,-62.4254],[-59.5727,-62.4449],[-59.4932,-62.4614],[-59.436,-62.4377],[-59.393,-62.4444],[-59.3487,-62.4091],[-59.3821,-62.3763],[-59.4387,-62.3785],[-59.5831,-62.3437],[-59.6202,-62.3276]]],[[[-67.0932,-67.4992],[-67.0935,-67.5165],[-67.1807,-67.5337],[-67.214,-67.5637],[-67.1705,-67.5959],[-67.0831,-67.6024],[-67.0625,-67.5895],[-66.8936,-67.5579],[-66.8148,-67.5184],[-66.9458,-67.5083],[-67.0221,-67.5347],[-67.0628,-67.5002],[-67.0932,-67.4992]]],[[[-61.3315,-62.7032],[-61.3988,-62.7466],[-61.4883,-62.7483],[-61.5269,-62.7736],[-61.4704,-62.8315],[-61.3914,-62.8363],[-61.2894,-62.7746],[-61.2588,-62.7697],[-61.2459,-62.7243],[-61.3315,-62.7032]]],[[[-54.0096,-61.1279],[-54.1303,-61.1858],[-54.1494,-61.2271],[-54.2022,-61.2464],[-54.2327,-61.2695],[-54.2288,-61.2945],[-54.0909,-61.3174],[-54.0417,-61.2737],[-54.0625,-61.2123],[-54.045,-61.1762],[-54.0004,-61.1542],[-54.0096,-61.1279]]],[[[-60.6336,-62.8922],[-60.6634,-62.8938],[-60.7361,-62.9207],[-60.7493,-62.9627],[-60.7181,-62.9983],[-60.671,-63.0157],[-60.5638,-63.0144],[-60.6596,-62.9781],[-60.7037,-62.9745],[-60.6799,-62.9283],[-60.6566,-62.9192],[-60.5955,-62.936],[-60.5882,-62.9762],[-60.5367,-62.9858],[-60.4994,-62.9636],[-60.5338,-62.8979],[-60.6336,-62.8922]]],[[[-26.3577,-58.4039],[-26.4704,-58.4173],[-26.4778,-58.4642],[-26.4447,-58.4811],[-26.377,-58.4951],[-26.2535,-58.4999],[-26.2802,-58.4792],[-26.2753,-58.4201],[-26.3067,-58.4057],[-26.3577,-58.4039]]],[[[-60.3152,-51.2671],[-60.3209,-51.282],[-60.2824,-51.3052],[-60.241,-51.3079],[-60.2321,-51.3246],[-60.1906,-51.348],[-60.121,-51.3625],[-60.1384,-51.3915],[-60.1703,-51.3968],[-60.1937,-51.3585],[-60.2425,-51.3604],[-60.2865,-51.3726],[-60.2619,-51.4138],[-60.1977,-51.3964],[-60.1206,-51.4026],[-60.0854,-51.3779],[-60.0537,-51.3402],[-60.092,-51.3029],[-60.1578,-51.3163],[-60.2486,-51.3002],[-60.2647,-51.2717],[-60.3152,-51.2671]]],[[[-59.7651,-51.248],[-59.8236,-51.254],[-59.8115,-51.2804],[-59.7656,-51.2849],[-59.7167,-51.3026],[-59.6782,-51.2942],[-59.6164,-51.3066],[-59.5863,-51.3438],[-59.4856,-51.3433],[-59.4569,-51.329],[-59.4737,-51.2841],[-59.5027,-51.2744],[-59.5627,-51.3099],[-59.5916,-51.3108],[-59.6021,-51.2811],[-59.6527,-51.2642],[-59.6786,-51.2723],[-59.7437,-51.2649],[-59.7651,-51.248]]],[[[-56.62,-64.2097],[-56.7129,-64.2559],[-56.8016,-64.2423],[-56.8198,-64.2702],[-56.8877,-64.323],[-56.707,-64.3074],[-56.6495,-64.2625],[-56.5956,-64.2487],[-56.62,-64.2097]]],[[[-67.2419,-67.7887],[-67.2648,-67.8072],[-67.2377,-67.8477],[-67.3018,-67.8749],[-67.2531,-67.8972],[-67.1688,-67.8812],[-67.1035,-67.8524],[-67.1048,-67.817],[-67.2419,-67.7887]]],[[[-44.5421,-60.6603],[-44.5477,-60.6868],[-44.5958,-60.7221],[-44.6346,-60.7118],[-44.7136,-60.7191],[-44.6992,-60.7359],[-44.6273,-60.7569],[-44.6008,-60.7453],[-44.5182,-60.7366],[-44.5249,-60.7224],[-44.4583,-60.7029],[-44.4784,-60.6825],[-44.5385,-60.6855],[-44.5421,-60.6603]]],[[[-71.9445,-73.1859],[-72.0745,-73.1912],[-72.1101,-73.2014],[-72.0811,-73.2337],[-71.9361,-73.2404],[-71.8034,-73.2229],[-71.8123,-73.2084],[-71.9445,-73.1859]]],[[[-70.704,-70.2326],[-70.7822,-70.2644],[-70.7761,-70.3315],[-70.7361,-70.3416],[-70.6718,-70.3268],[-70.6374,-70.3019],[-70.6675,-70.2894],[-70.6407,-70.2523],[-70.704,-70.2326]]],[[[-68.9928,-72.3985],[-69.0406,-72.391],[-69.0859,-72.4276],[-69.0652,-72.4634],[-68.9287,-72.44],[-68.8649,-72.4093],[-68.9928,-72.3985]]],[[[-67.6378,-67.1963],[-67.7697,-67.2418],[-67.8154,-67.271],[-67.7465,-67.2846],[-67.6684,-67.2721],[-67.5798,-67.2102],[-67.6378,-67.1963]]],[[[-61.9389,-64],[-62.0063,-64.0182],[-62.028,-64.0469],[-62.0636,-64.0568],[-62.0394,-64.0848],[-61.9759,-64.0852],[-61.9056,-64.0569],[-61.839,-64],[-61.9389,-64]]],[[[-26.538,-58.9667],[-26.629,-59.0054],[-26.5559,-59.0551],[-26.5219,-59.0616],[-26.4684,-59.0423],[-26.4387,-59.0196],[-26.538,-58.9667]]],[[[-56.559,-63.5539],[-56.6156,-63.5591],[-56.6912,-63.5783],[-56.6912,-63.6123],[-56.6439,-63.6067],[-56.5691,-63.6191],[-56.5225,-63.6069],[-56.4996,-63.5721],[-56.559,-63.5539]]],[[[-60.1816,-72.2611],[-60.1249,-72.2412],[-60.1451,-72.1872],[-60.2103,-72.1735],[-60.2544,-72.1928],[-60.2233,-72.2512],[-60.1816,-72.2611]]],[[[-70.4836,-72.2346],[-70.5684,-72.2209],[-70.6632,-72.2556],[-70.611,-72.2768],[-70.5483,-72.2771],[-70.4248,-72.2442],[-70.4836,-72.2346]]],[[[-67.563,-67.0402],[-67.6097,-67.0471],[-67.6597,-67.0879],[-67.6349,-67.1039],[-67.6834,-67.1277],[-67.6323,-67.145],[-67.5802,-67.1339],[-67.5394,-67.1046],[-67.563,-67.0402]]],[[[-61.7138,-63.7112],[-61.7447,-63.7293],[-61.7149,-63.7788],[-61.6261,-63.7888],[-61.6112,-63.7589],[-61.6475,-63.7216],[-61.7138,-63.7112]]],[[[-57.422,-63.6272],[-57.5297,-63.6284],[-57.5425,-63.6562],[-57.5339,-63.6913],[-57.4592,-63.6927],[-57.422,-63.6645],[-57.422,-63.6272]]],[[[-58.4841,-51.9894],[-58.4943,-52.0059],[-58.5536,-52.0226],[-58.5257,-52.0354],[-58.4627,-52.0982],[-58.4256,-52.095],[-58.4463,-52.041],[-58.4443,-52.0082],[-58.4841,-51.9894]]],[[[-59.778,-52.1489],[-59.7946,-52.1547],[-59.7819,-52.1862],[-59.7613,-52.1791],[-59.7366,-52.209],[-59.7532,-52.228],[-59.7305,-52.2617],[-59.6832,-52.2458],[-59.6948,-52.2069],[-59.6853,-52.1814],[-59.7102,-52.1722],[-59.7715,-52.1723],[-59.778,-52.1489]]],[[[-65.1782,-67.8046],[-65.2837,-67.8039],[-65.2884,-67.8368],[-65.1609,-67.8167],[-65.1782,-67.8046]]],[[[-65.3075,-65.8285],[-65.3255,-65.8426],[-65.2941,-65.8861],[-65.2151,-65.9008],[-65.1951,-65.8609],[-65.2528,-65.8363],[-65.3075,-65.8285]]],[[[-63.0537,-64.8438],[-63.1097,-64.8703],[-62.9967,-64.8998],[-62.9438,-64.8958],[-62.9234,-64.8776],[-63.0148,-64.848],[-63.0537,-64.8438]]],[[[-56.6142,-63.1473],[-56.696,-63.1727],[-56.6856,-63.2079],[-56.6427,-63.219],[-56.5915,-63.2077],[-56.5798,-63.1699],[-56.6142,-63.1473]]],[[[-60.9172,-72.5899],[-60.7766,-72.5635],[-60.8048,-72.5441],[-60.9213,-72.5362],[-60.9447,-72.5771],[-60.9172,-72.5899]]],[[[-67.1157,-66.319],[-67.1547,-66.3472],[-67.1245,-66.3752],[-67.0568,-66.3763],[-67.0199,-66.3652],[-67.0668,-66.3285],[-67.1157,-66.319]]],[[[-26.4968,-57.762],[-26.5363,-57.7901],[-26.5281,-57.8199],[-26.4791,-57.8307],[-26.4211,-57.822],[-26.431,-57.8006],[-26.4968,-57.762]]],[[[-67.0768,-66.2364],[-67.098,-66.2638],[-67.0252,-66.2883],[-66.9176,-66.2838],[-66.8816,-66.2601],[-66.9611,-66.2558],[-67.0471,-66.2636],[-67.0768,-66.2364]]],[[[-62.6707,-64.6688],[-62.7115,-64.6983],[-62.7708,-64.7137],[-62.6959,-64.7414],[-62.6347,-64.7293],[-62.6491,-64.6828],[-62.6707,-64.6688]]],[[[-61.2338,-51.795],[-61.263,-51.8073],[-61.3463,-51.8248],[-61.3,-51.8601],[-61.2415,-51.8788],[-61.2202,-51.8645],[-61.2423,-51.8252],[-61.2338,-51.795]]],[[[-59.9554,-51.2822],[-60.0307,-51.2995],[-60.0361,-51.3174],[-59.9887,-51.3452],[-59.9306,-51.3565],[-59.9285,-51.3059],[-59.9554,-51.2822]]],[[[-62.0567,-64.5354],[-62.0824,-64.5634],[-62.1524,-64.5787],[-62.1407,-64.6015],[-62.0701,-64.6065],[-62.0597,-64.5812],[-62.0146,-64.5583],[-62.0567,-64.5354]]],[[[-61.7133,-64.0925],[-61.7582,-64.1235],[-61.7214,-64.1703],[-61.6691,-64.1704],[-61.6593,-64.1448],[-61.7133,-64.0925]]],[[[-66.9182,-67.8506],[-67.0006,-67.8548],[-67.0494,-67.8797],[-66.9384,-67.8877],[-66.8705,-67.8752],[-66.9182,-67.8506]]],[[[-67.0035,-72.2067],[-67.1178,-72.2245],[-67.0611,-72.2484],[-66.9926,-72.2388],[-67.0035,-72.2067]]],[[[-67.2064,-68.1286],[-67.2624,-68.1337],[-67.2736,-68.1528],[-67.2307,-68.1769],[-67.1865,-68.17],[-67.1375,-68.1374],[-67.2064,-68.1286]]],[[[-67.6093,-67.3078],[-67.7132,-67.3248],[-67.7497,-67.3619],[-67.7263,-67.3723],[-67.6425,-67.3447],[-67.6093,-67.3078]]],[[[-27.2147,-56.6829],[-27.2484,-56.6942],[-27.2527,-56.7234],[-27.201,-56.7307],[-27.1319,-56.7113],[-27.1623,-56.691],[-27.2147,-56.6829]]],[[[-65.5783,-65.4584],[-65.6516,-65.505],[-65.5914,-65.5049],[-65.5615,-65.4823],[-65.5783,-65.4584]]],[[[-45.0735,-60.6261],[-45.0595,-60.6471],[-45.0816,-60.6922],[-45.031,-60.7275],[-45.0031,-60.7114],[-45.0301,-60.6925],[-45.0272,-60.6561],[-45.0735,-60.6261]]],[[[-59.8424,-63.5423],[-59.8772,-63.5667],[-59.8356,-63.6002],[-59.7857,-63.5627],[-59.8424,-63.5423]]],[[[-62.9789,-64.7952],[-63.0219,-64.805],[-62.9556,-64.8305],[-62.8975,-64.831],[-62.8563,-64.8061],[-62.9789,-64.7952]]],[[[-59.683,-52.3014],[-59.7644,-52.3178],[-59.7858,-52.3644],[-59.7212,-52.3356],[-59.7144,-52.3152],[-59.683,-52.3014]]],[[[-65.8945,-65.8742],[-65.9908,-65.8962],[-66.0123,-65.9207],[-65.9451,-65.9234],[-65.889,-65.8934],[-65.8945,-65.8742]]],[[[-61.5554,-64.3476],[-61.5946,-64.3902],[-61.5614,-64.3987],[-61.4857,-64.384],[-61.5554,-64.3476]]],[[[-67.5107,-54.8773],[-67.5361,-54.9019],[-67.483,-54.916],[-67.4524,-54.8785],[-67.5107,-54.8773]]],[[[-60.2013,-65.0771],[-60.2777,-65.0468],[-60.298,-65.0781],[-60.2289,-65.0918],[-60.2013,-65.0771]]],[[[-27.2014,-59.4214],[-27.2449,-59.4505],[-27.1639,-59.4615],[-27.1424,-59.4277],[-27.2014,-59.4214]]],[[[-45.6251,-60.6719],[-45.6695,-60.7126],[-45.6598,-60.7358],[-45.591,-60.7257],[-45.6251,-60.6719]]],[[[-60.1938,-66.9043],[-60.1331,-66.8644],[-60.17,-66.8594],[-60.2162,-66.8867],[-60.1938,-66.9043]]],[[[-61.2597,-51.6767],[-61.265,-51.6919],[-61.3253,-51.7003],[-61.3047,-51.7398],[-61.2328,-51.7015],[-61.2597,-51.6767]]],[[[-57.5543,-64.4287],[-57.6167,-64.4319],[-57.6552,-64.4507],[-57.6095,-64.4651],[-57.5474,-64.4443],[-57.5543,-64.4287]]],[[[-27.3436,-59.4123],[-27.4078,-59.4316],[-27.3792,-59.4568],[-27.3375,-59.4622],[-27.3436,-59.4123]]],[[[-60.0759,-65.0095],[-60.0975,-65.0221],[-60.0513,-65.0496],[-60.014,-65.0175],[-60.0759,-65.0095]]],[[[-59.7504,-51.3202],[-59.7783,-51.3543],[-59.7356,-51.3608],[-59.7504,-51.3202]]],[[[-61.9389,-64],[-61.8389,-64],[-61.8229,-63.9819],[-61.9258,-63.9871],[-61.9389,-64]]],[[[-60.5968,-51.2474],[-60.6025,-51.2732],[-60.5837,-51.29],[-60.546,-51.2783],[-60.5968,-51.2474]]],[[[-65.7719,-65.9443],[-65.7989,-65.9868],[-65.7324,-65.987],[-65.7449,-65.9526],[-65.7719,-65.9443]]],[[[-58.6775,-63.2884],[-58.7469,-63.3105],[-58.6533,-63.3288],[-58.6775,-63.2884]]],[[[-67.201,-66.3691],[-67.2737,-66.4061],[-67.2137,-66.4072],[-67.1747,-66.3861],[-67.201,-66.3691]]],[[[-63.9401,-65.0441],[-63.9662,-65.0642],[-64.0151,-65.0727],[-63.9867,-65.0989],[-63.9401,-65.0441]]],[[[-60.8708,-51.9679],[-60.9259,-51.9944],[-60.8706,-52.0004],[-60.8708,-51.9679]]],[[[-57.5162,-63.6954],[-57.5871,-63.7094],[-57.5491,-63.7258],[-57.4891,-63.7124],[-57.5162,-63.6954]]],[[[-64.4201,-65.5216],[-64.4152,-65.5376],[-64.356,-65.559],[-64.3353,-65.5335],[-64.4201,-65.5216]]],[[[-64.5334,-65.6024],[-64.5639,-65.6232],[-64.5463,-65.6495],[-64.4981,-65.6475],[-64.5334,-65.6024]]],[[[-61.1247,-51.0222],[-61.0971,-51.0693],[-61.0592,-51.0667],[-61.1247,-51.0222]]],[[[-62.0017,-64.2357],[-62.0982,-64.2759],[-62.0636,-64.285],[-62.0196,-64.2643],[-62.0017,-64.2357]]],[[[-61.2952,-62.6136],[-61.288,-62.642],[-61.2188,-62.6358],[-61.2294,-62.6193],[-61.2952,-62.6136]]],[[[-37.0945,-54.4738],[-37.1123,-54.4864],[-37.0792,-54.5106],[-37.0267,-54.5003],[-37.0945,-54.4738]]],[[[-59.5566,-51.7812],[-59.6258,-51.7902],[-59.6245,-51.8094],[-59.5546,-51.7962],[-59.5566,-51.7812]]],[[[-60.7311,-51.3261],[-60.709,-51.3795],[-60.664,-51.3527],[-60.7311,-51.3261]]],[[[-59.6919,-51.9359],[-59.7166,-51.9516],[-59.6961,-51.9875],[-59.6667,-51.9751],[-59.6983,-51.9531],[-59.6919,-51.9359]]],[[[-27.5774,-56.2795],[-27.6044,-56.2884],[-27.5768,-56.3192],[-27.5432,-56.3006],[-27.5774,-56.2795]]],[[[-59.6641,-52.3561],[-59.7166,-52.3682],[-59.698,-52.3962],[-59.6641,-52.3561]]],[[[-26.743,-57.0731],[-26.7537,-57.0865],[-26.7176,-57.1092],[-26.692,-57.0924],[-26.743,-57.0731]]]]}},{"type":"Feature","properties":{"zid":"30"},"geometry":{"type":"Polygon","coordinates":[[[-57.8095,-30.7302],[-57.84,-30.7226],[-57.851,-30.7005],[-57.8948,-30.6694],[-57.9753,-30.647],[-58.0095,-30.6099],[-58.0344,-30.5947],[-58.037,-30.5689],[-58.0689,-30.5456],[-58.0595,-30.514],[-58.0746,-30.4684],[-58.0713,-30.4339],[-58.128,-30.4045],[-58.1402,-30.4063],[-58.1919,-30.3356],[-58.1939,-30.3099],[-58.2229,-30.2771],[-58.2448,-30.2712],[-58.2856,-30.2446],[-58.3437,-30.2712],[-58.3788,-30.2608],[-58.4146,-30.235],[-58.4515,-30.2249],[-58.4606,-30.2072],[-58.4979,-30.207],[-58.5262,-30.1893],[-58.5535,-30.1852],[-58.5765,-30.16],[-58.6349,-30.1753],[-58.6714,-30.1646],[-58.6958,-30.1832],[-58.7417,-30.1999],[-58.7548,-30.2159],[-58.7993,-30.2142],[-58.8793,-30.2467],[-58.9123,-30.2481],[-58.9531,-30.226],[-58.9909,-30.2193],[-59.0643,-30.2308],[-59.0756,-30.2573],[-59.1266,-30.2851],[-59.1369,-30.3119],[-59.2522,-30.3653],[-59.3226,-30.3518],[-59.3442,-30.3262],[-59.4281,-30.3166],[-59.4644,-30.3254],[-59.4821,-30.3429],[-59.5559,-30.3411],[-59.565,-30.3519],[-59.587,-30.4342],[-59.6151,-30.4192],[-59.6322,-30.3906],[-59.6368,-30.3578],[-59.6717,-30.3387],[-59.6665,-30.3649],[-59.6857,-30.3896],[-59.7192,-30.3992],[-59.7171,-30.4254],[-59.6839,-30.4461],[-59.6507,-30.5138],[-59.6459,-30.597],[-59.6735,-30.6363],[-59.6764,-30.6594],[-59.6366,-30.7013],[-59.6399,-30.7278],[-59.6994,-30.7691],[-59.7049,-30.8174],[-59.7348,-30.8766],[-59.7541,-30.8961],[-59.8182,-30.9425],[-59.8779,-31.0562],[-59.9254,-31.1051],[-59.9634,-31.1199],[-59.9833,-31.1557],[-59.9848,-31.1934],[-60.0014,-31.2369],[-60.0255,-31.2591],[-60.1056,-31.2899],[-60.1057,-31.3108],[-60.0869,-31.3398],[-60.0961,-31.3706],[-60.1384,-31.4134],[-60.1491,-31.4483],[-60.2071,-31.4652],[-60.2188,-31.4757],[-60.2302,-31.5183],[-60.2579,-31.5357],[-60.2993,-31.5336],[-60.3399,-31.5552],[-60.3276,-31.6021],[-60.3573,-31.6266],[-60.3963,-31.643],[-60.4676,-31.6983],[-60.5374,-31.6999],[-60.5841,-31.7085],[-60.6388,-31.742],[-60.6409,-31.7918],[-60.6758,-31.8117],[-60.6626,-31.8445],[-60.6529,-31.8971],[-60.6719,-31.9302],[-60.7197,-31.9588],[-60.7235,-31.9776],[-60.6637,-32.0384],[-60.6586,-32.0802],[-60.6947,-32.1288],[-60.7001,-32.169],[-60.6737,-32.224],[-60.6828,-32.2865],[-60.679,-32.3195],[-60.7121,-32.3257],[-60.7216,-32.3421],[-60.7116,-32.3931],[-60.7238,-32.4561],[-60.7762,-32.507],[-60.7474,-32.5543],[-60.7439,-32.5861],[-60.7524,-32.6147],[-60.7259,-32.6636],[-60.7199,-32.6936],[-60.7221,-32.747],[-60.716,-32.7736],[-60.6943,-32.8056],[-60.6589,-32.8312],[-60.6793,-32.867],[-60.6762,-32.8996],[-60.6169,-32.9539],[-60.6105,-32.9913],[-60.5859,-33.0248],[-60.5349,-33.0778],[-60.4934,-33.1314],[-60.4406,-33.1569],[-60.4285,-33.1714],[-60.3825,-33.1892],[-60.3357,-33.1768],[-60.2883,-33.1976],[-60.2978,-33.2423],[-60.2595,-33.2619],[-60.2007,-33.2922],[-60.1696,-33.349],[-60.1111,-33.373],[-60.0871,-33.3944],[-60.0722,-33.4247],[-60.0448,-33.4475],[-59.9994,-33.4701],[-59.9428,-33.4725],[-59.9235,-33.4801],[-59.8878,-33.5129],[-59.8339,-33.5213],[-59.8095,-33.5517],[-59.8036,-33.5956],[-59.7726,-33.608],[-59.7301,-33.6037],[-59.6644,-33.6175],[-59.636,-33.6427],[-59.6251,-33.6895],[-59.5906,-33.6872],[-59.543,-33.6406],[-59.5167,-33.6308],[-59.4757,-33.6584],[-59.4678,-33.7043],[-59.449,-33.7245],[-59.3777,-33.7365],[-59.2543,-33.7223],[-59.2354,-33.74],[-59.2548,-33.7939],[-59.2188,-33.8147],[-59.178,-33.8064],[-59.1386,-33.8438],[-59.1126,-33.8483],[-59.0663,-33.8329],[-59.0288,-33.8463],[-58.9888,-33.8461],[-58.9779,-33.8704],[-58.9396,-33.8735],[-58.8998,-33.891],[-58.8713,-33.9334],[-58.8306,-33.9553],[-58.7637,-33.9453],[-58.7335,-33.9665],[-58.684,-34.0193],[-58.6505,-34.0367],[-58.596,-34.0355],[-58.5532,-34.0267],[-58.4773,-34.0026],[-58.3789,-34.0122],[-58.345,-34.0384],[-58.3767,-34],[-58.4217,-33.9167],[-58.4337,-33.8294],[-58.4378,-33.7604],[-58.4349,-33.7201],[-58.4473,-33.6879],[-58.4735,-33.6534],[-58.4942,-33.589],[-58.4777,-33.5641],[-58.4477,-33.5436],[-58.4336,-33.4951],[-58.4431,-33.4512],[-58.4311,-33.4122],[-58.4318,-33.365],[-58.3972,-33.3138],[-58.3911,-33.2751],[-58.4097,-33.2304],[-58.4045,-33.1809],[-58.3618,-33.121],[-58.3131,-33.1057],[-58.2687,-33.1046],[-58.1768,-33.0772],[-58.1416,-33.0425],[-58.0887,-33.0105],[-58.0868,-32.9608],[-58.1115,-32.9303],[-58.1243,-32.834],[-58.1192,-32.8186],[-58.15,-32.732],[-58.145,-32.6711],[-58.1604,-32.5719],[-58.188,-32.5311],[-58.2041,-32.4647],[-58.1813,-32.3738],[-58.1249,-32.3422],[-58.1048,-32.3123],[-58.1009,-32.2537],[-58.1833,-32.1502],[-58.1684,-32.0939],[-58.1502,-32.0757],[-58.1382,-32.0326],[-58.1398,-31.9984],[-58.171,-31.9298],[-58.1913,-31.9203],[-58.2067,-31.8737],[-58.1937,-31.8548],[-58.0839,-31.8196],[-58.0371,-31.7523],[-58.0333,-31.715],[-58.0126,-31.6859],[-57.9806,-31.581],[-58.0233,-31.516],[-58.0783,-31.4888],[-58.079,-31.4514],[-58.0596,-31.4351],[-57.9825,-31.3927],[-57.9971,-31.3611],[-57.9786,-31.3161],[-57.9354,-31.27],[-57.9131,-31.2118],[-57.9203,-31.1391],[-57.8642,-31.0551],[-57.8623,-31.0263],[-57.8958,-30.9525],[-57.9135,-30.9321],[-57.8933,-30.9071],[-57.8503,-30.9191],[-57.8227,-30.9094],[-57.7992,-30.8532],[-57.8062,-30.8326],[-57.7974,-30.7827],[-57.8112,-30.7542],[-57.8095,-30.7302]]]}},{"type":"Feature","properties":{"zid":"18"},"geometry":{"type":"MultiPolygon","coordinates":[[[[-56.0243,-27.3243],[-56.0556,-27.3068],[-56.0868,-27.3086],[-56.1494,-27.3279],[-56.1816,-27.3488],[-56.2362,-27.4014],[-56.2758,-27.4048],[-56.2951,-27.4272],[-56.2843,-27.4619],[-56.2937,-27.4941],[-56.3472,-27.5412],[-56.3522,-27.5775],[-56.3753,-27.6019],[-56.4222,-27.6038],[-56.4361,-27.5882],[-56.4985,-27.5518],[-56.5063,-27.527],[-56.5683,-27.4498],[-56.607,-27.432],[-56.6496,-27.4608],[-56.6888,-27.4545],[-56.7211,-27.4682],[-56.7171,-27.4969],[-56.6765,-27.5505],[-56.6892,-27.579],[-56.7472,-27.605],[-56.7959,-27.587],[-56.8493,-27.6063],[-56.9031,-27.5852],[-56.9422,-27.5583],[-56.9696,-27.4979],[-57.0365,-27.4806],[-57.1018,-27.4847],[-57.1192,-27.4934],[-57.146,-27.4829],[-57.2254,-27.4704],[-57.2796,-27.4303],[-57.3265,-27.4098],[-57.3957,-27.4208],[-57.439,-27.4383],[-57.5075,-27.4442],[-57.5435,-27.433],[-57.5609,-27.4167],[-57.6098,-27.3957],[-57.6524,-27.3672],[-57.6684,-27.3436],[-57.7053,-27.3256],[-57.7308,-27.336],[-57.795,-27.3415],[-57.8272,-27.3275],[-57.856,-27.2836],[-57.8913,-27.2677],[-57.9323,-27.2641],[-57.9763,-27.274],[-58.0099,-27.2594],[-58.0608,-27.2607],[-58.0882,-27.275],[-58.197,-27.28],[-58.2431,-27.262],[-58.2995,-27.2768],[-58.4168,-27.2901],[-58.4766,-27.2709],[-58.5111,-27.2887],[-58.5464,-27.294],[-58.5903,-27.3201],[-58.6165,-27.3186],[-58.6688,-27.3591],[-58.7009,-27.3635],[-58.7456,-27.3822],[-58.7683,-27.3763],[-58.7935,-27.3932],[-58.8086,-27.4237],[-58.8573,-27.4672],[-58.8814,-27.4979],[-58.8714,-27.5799],[-58.8827,-27.6085],[-58.8355,-27.6466],[-58.8188,-27.6812],[-58.8097,-27.7834],[-58.8235,-27.8395],[-58.8432,-27.8763],[-58.8435,-27.914],[-58.8293,-27.9619],[-58.8607,-28.021],[-58.8597,-28.0503],[-58.8808,-28.0668],[-58.9632,-28.1395],[-59.0075,-28.1386],[-59.0534,-28.1268],[-59.0723,-28.1363],[-59.0892,-28.1816],[-59.0862,-28.1995],[-59.105,-28.2178],[-59.1035,-28.3288],[-59.081,-28.3473],[-59.0779,-28.3988],[-59.086,-28.436],[-59.0489,-28.4893],[-59.0543,-28.5078],[-59.0843,-28.5392],[-59.0993,-28.5744],[-59.105,-28.6339],[-59.0781,-28.6649],[-59.1022,-28.7158],[-59.1619,-28.8069],[-59.1581,-28.8774],[-59.1697,-28.9088],[-59.1952,-28.938],[-59.2095,-28.969],[-59.1997,-29.0315],[-59.2126,-29.0527],[-59.2753,-29.0996],[-59.3325,-29.1084],[-59.3582,-29.1279],[-59.3639,-29.1489],[-59.3968,-29.1905],[-59.4021,-29.2169],[-59.4902,-29.2381],[-59.5087,-29.2508],[-59.5162,-29.3377],[-59.5322,-29.3539],[-59.594,-29.3825],[-59.6001,-29.4211],[-59.58,-29.4598],[-59.5895,-29.5172],[-59.5902,-29.5698],[-59.5999,-29.5836],[-59.614,-29.6688],[-59.6104,-29.7149],[-59.6175,-29.7758],[-59.6585,-29.8299],[-59.6556,-29.8534],[-59.6197,-29.8786],[-59.5926,-29.9398],[-59.5916,-29.9687],[-59.5664,-30.0043],[-59.5797,-30.0454],[-59.6121,-30.1025],[-59.6313,-30.168],[-59.6259,-30.2115],[-59.6392,-30.242],[-59.6635,-30.2567],[-59.7073,-30.2667],[-59.7113,-30.2841],[-59.6717,-30.3387],[-59.6368,-30.3578],[-59.6322,-30.3906],[-59.6151,-30.4192],[-59.587,-30.4342],[-59.565,-30.3519],[-59.5559,-30.3411],[-59.4821,-30.3429],[-59.4644,-30.3254],[-59.4281,-30.3166],[-59.3442,-30.3262],[-59.3226,-30.3518],[-59.2522,-30.3653],[-59.1369,-30.3119],[-59.1266,-30.2851],[-59.0756,-30.2573],[-59.0643,-30.2308],[-58.9909,-30.2193],[-58.9531,-30.226],[-58.9123,-30.2481],[-58.8793,-30.2467],[-58.7993,-30.2142],[-58.7548,-30.2159],[-58.7417,-30.1999],[-58.6958,-30.1832],[-58.6714,-30.1646],[-58.6349,-30.1753],[-58.5765,-30.16],[-58.5535,-30.1852],[-58.5262,-30.1893],[-58.4979,-30.207],[-58.4606,-30.2072],[-58.4515,-30.2249],[-58.4146,-30.235],[-58.3788,-30.2608],[-58.3437,-30.2712],[-58.2856,-30.2446],[-58.2448,-30.2712],[-58.2229,-30.2771],[-58.1939,-30.3099],[-58.1919,-30.3356],[-58.1402,-30.4063],[-58.128,-30.4045],[-58.0713,-30.4339],[-58.0746,-30.4684],[-58.0595,-30.514],[-58.0689,-30.5456],[-58.037,-30.5689],[-58.0344,-30.5947],[-58.0095,-30.6099],[-57.9753,-30.647],[-57.8948,-30.6694],[-57.851,-30.7005],[-57.84,-30.7226],[-57.8095,-30.7302],[-57.809,-30.6953],[-57.8435,-30.6593],[-57.8479,-30.6185],[-57.8873,-30.5876],[-57.889,-30.5094],[-57.863,-30.4823],[-57.7941,-30.4467],[-57.768,-30.4185],[-57.6933,-30.3814],[-57.6431,-30.3421],[-57.6152,-30.2545],[-57.6514,-30.2027],[-57.6413,-30.1788],[-57.5881,-30.1795],[-57.549,-30.166],[-57.4873,-30.1288],[-57.4589,-30.1026],[-57.4459,-30.0716],[-57.4062,-30.0301],[-57.3531,-30.0085],[-57.326,-29.965],[-57.3288,-29.8947],[-57.3226,-29.8721],[-57.2829,-29.8196],[-57.2299,-29.7792],[-57.1699,-29.7812],[-57.1195,-29.7637],[-57.021,-29.6823],[-57.0059,-29.6561],[-56.9672,-29.6371],[-56.9712,-29.6077],[-56.8849,-29.5234],[-56.8247,-29.4913],[-56.8025,-29.4552],[-56.7772,-29.4335],[-56.7729,-29.3908],[-56.7581,-29.3741],[-56.7039,-29.3622],[-56.6496,-29.2724],[-56.6532,-29.2216],[-56.6434,-29.1961],[-56.6055,-29.1624],[-56.5915,-29.1243],[-56.5408,-29.1137],[-56.5008,-29.0924],[-56.4252,-29.0818],[-56.3987,-29.0212],[-56.4141,-29.004],[-56.4099,-28.9776],[-56.3905,-28.9551],[-56.3375,-28.9346],[-56.3019,-28.9011],[-56.2975,-28.8531],[-56.3012,-28.8155],[-56.2854,-28.7893],[-56.2592,-28.7783],[-56.1919,-28.7736],[-56.1608,-28.7396],[-56.1186,-28.6817],[-56.0517,-28.6257],[-56.0111,-28.6082],[-56.0023,-28.5785],[-56.0245,-28.5453],[-56.022,-28.5199],[-55.9861,-28.4977],[-55.9548,-28.4953],[-55.8812,-28.4696],[-55.9027,-28.4122],[-55.8783,-28.3612],[-55.8512,-28.355],[-55.8034,-28.3661],[-55.7574,-28.3686],[-55.7278,-28.3924],[-55.7189,-28.4202],[-55.6917,-28.4176],[-55.6889,-28.3867],[-55.6699,-28.3308],[-55.7268,-28.2899],[-55.765,-28.2773],[-55.7825,-28.2539],[-55.7689,-28.2406],[-55.6916,-28.2172],[-55.6521,-28.1825],[-55.6266,-28.1709],[-55.6202,-28.1375],[-55.7324,-28.0663],[-55.7585,-28.0604],[-55.7497,-28.0361],[-55.7572,-28.0166],[-55.8117,-27.9531],[-55.8192,-27.9093],[-55.8318,-27.9041],[-55.8273,-27.8542],[-55.844,-27.8401],[-55.8359,-27.7839],[-55.9789,-27.5402],[-56.0266,-27.5073],[-56.0372,-27.4686],[-56.0545,-27.4512],[-56.0555,-27.4208],[-56.0297,-27.3862],[-56.0386,-27.3447],[-56.0243,-27.3243]]],[[[-56.9148,-27.4235],[-56.9757,-27.4467],[-56.9963,-27.4852],[-56.9701,-27.4927],[-56.9328,-27.5268],[-56.9094,-27.5325],[-56.8716,-27.5835],[-56.8404,-27.5962],[-56.7987,-27.5735],[-56.7491,-27.5622],[-56.7254,-27.5123],[-56.7834,-27.4942],[-56.8386,-27.461],[-56.8834,-27.4249],[-56.9148,-27.4235]]],[[[-57.5666,-27.3851],[-57.5809,-27.3962],[-57.5423,-27.4187],[-57.4922,-27.4387],[-57.4045,-27.418],[-57.4409,-27.4079],[-57.486,-27.4062],[-57.5666,-27.3851]]],[[[-56.7053,-27.5633],[-56.7306,-27.5543],[-56.7726,-27.5874],[-56.7239,-27.5858],[-56.7053,-27.5633]]]]}},{"type":"Feature","properties":{"zid":"50"},"geometry":{"type":"Polygon","coordinates":[[[-67.3177,-32.382],[-67.3322,-32.3502],[-67.359,-32.3485],[-67.3817,-32.3305],[-67.4286,-32.3268],[-67.4729,-32.3067],[-67.5031,-32.2385],[-67.5233,-32.2295],[-67.5969,-32.2463],[-67.6658,-32.233],[-67.7071,-32.2353],[-67.7357,-32.223],[-67.7796,-32.235],[-67.7913,-32.2235],[-67.8359,-32.2223],[-67.8863,-32.1799],[-67.9165,-32.1752],[-67.9382,-32.139],[-67.9296,-32.1225],[-67.9598,-32.1076],[-67.9584,-32.0919],[-68.0336,-32.0854],[-68.0626,-32.0754],[-68.0749,-32.0991],[-68.0979,-32.0929],[-68.1597,-32.1186],[-68.2053,-32.1212],[-68.2479,-32.0915],[-68.3011,-32.1392],[-68.4612,-32.1392],[-68.4612,-32.2381],[-68.6657,-32.3371],[-68.9176,-32.3379],[-68.9176,-32.1146],[-68.9568,-32.1089],[-68.9969,-32.1177],[-69.0275,-32.092],[-69.0645,-32.0755],[-69.0944,-32.0319],[-69.1284,-31.9994],[-69.184,-31.9994],[-69.2445,-32.0161],[-69.2674,-32.0556],[-69.3142,-32.0911],[-69.3831,-32.0646],[-69.4548,-32.0747],[-69.4768,-32.1111],[-69.506,-32.1145],[-69.5311,-32.141],[-69.584,-32.1362],[-69.5993,-32.146],[-69.6186,-32.237],[-69.6308,-32.2627],[-69.652,-32.2695],[-69.6804,-32.3043],[-69.7239,-32.3166],[-69.7332,-32.3906],[-69.7042,-32.4032],[-69.689,-32.4371],[-69.7056,-32.4975],[-69.7259,-32.4975],[-69.7667,-32.5185],[-69.7788,-32.5424],[-69.8216,-32.544],[-69.8274,-32.5625],[-69.9007,-32.562],[-69.9302,-32.5418],[-69.964,-32.5467],[-70.0028,-32.5289],[-70.017,-32.5448],[-70.0439,-32.6011],[-70.063,-32.6239],[-70.0913,-32.6192],[-70.0922,-32.601],[-70.1262,-32.5742],[-70.1501,-32.5812],[-70.1703,-32.6258],[-70.1579,-32.6299],[-70.1429,-32.6797],[-70.1476,-32.7284],[-70.1157,-32.767],[-70.1015,-32.7994],[-70.0559,-32.8311],[-70.0449,-32.8696],[-70.0014,-32.8842],[-69.9896,-32.898],[-70.0193,-32.9559],[-70.022,-33.0099],[-70.0307,-33.0207],[-70.0814,-33.0302],[-70.0928,-33.0504],[-70.0746,-33.0635],[-70.0664,-33.1043],[-70.0734,-33.1238],[-70.0517,-33.1345],[-70.0655,-33.1574],[-70.0644,-33.2051],[-70.0542,-33.2264],[-70.0284,-33.2318],[-70.0384,-33.2698],[-70.0068,-33.2865],[-70.0024,-33.3229],[-69.9683,-33.3068],[-69.9573,-33.2895],[-69.917,-33.2664],[-69.86,-33.2835],[-69.8403,-33.2724],[-69.7991,-33.2893],[-69.7693,-33.3423],[-69.7766,-33.3815],[-69.7947,-33.3957],[-69.7976,-33.4241],[-69.8194,-33.4299],[-69.8357,-33.5169],[-69.8722,-33.5395],[-69.8653,-33.583],[-69.88,-33.6197],[-69.8714,-33.6543],[-69.8849,-33.6832],[-69.8646,-33.7168],[-69.9004,-33.761],[-69.8956,-33.7894],[-69.8995,-33.8449],[-69.8741,-33.8603],[-69.8556,-33.8924],[-69.8897,-33.9192],[-69.9062,-33.9633],[-69.8811,-33.9754],[-69.8554,-33.9656],[-69.8386,-34.0074],[-69.8216,-34.0166],[-69.8538,-34.0572],[-69.834,-34.0879],[-69.8598,-34.1046],[-69.873,-34.1302],[-69.8153,-34.1779],[-69.7967,-34.2074],[-69.8072,-34.2484],[-69.8998,-34.2703],[-69.9099,-34.2921],[-69.9409,-34.2794],[-69.9689,-34.2505],[-70.0029,-34.2616],[-70.0322,-34.2923],[-70.0154,-34.3322],[-70.024,-34.3742],[-70.0129,-34.4121],[-70.0418,-34.4234],[-70.0536,-34.4479],[-70.13,-34.5007],[-70.157,-34.5476],[-70.1949,-34.5802],[-70.2243,-34.6409],[-70.2139,-34.6773],[-70.2476,-34.6937],[-70.2586,-34.7286],[-70.3063,-34.7473],[-70.3082,-34.7702],[-70.2531,-34.7933],[-70.2626,-34.8332],[-70.32,-34.9318],[-70.3311,-34.9365],[-70.3316,-34.9843],[-70.3631,-35.0055],[-70.3604,-35.0349],[-70.3763,-35.0509],[-70.3701,-35.1121],[-70.3612,-35.1355],[-70.3777,-35.1731],[-70.424,-35.184],[-70.4721,-35.2039],[-70.5442,-35.2035],[-70.5837,-35.2672],[-70.5663,-35.2995],[-70.5125,-35.3103],[-70.4944,-35.3215],[-70.4683,-35.3129],[-70.435,-35.318],[-70.4202,-35.3483],[-70.4272,-35.3722],[-70.4518,-35.3911],[-70.4326,-35.4466],[-70.4426,-35.4671],[-70.4137,-35.4885],[-70.3939,-35.4858],[-70.3815,-35.5129],[-70.4136,-35.5285],[-70.41,-35.5592],[-70.3847,-35.6051],[-70.4181,-35.6298],[-70.3977,-35.6877],[-70.3745,-35.7006],[-70.3588,-35.7547],[-70.3792,-35.7664],[-70.3787,-35.7879],[-70.3352,-35.7971],[-70.3165,-35.8184],[-70.3775,-35.8488],[-70.3795,-35.8653],[-70.422,-35.8766],[-70.4251,-35.913],[-70.4091,-35.9227],[-70.3687,-35.9225],[-70.4208,-35.9762],[-70.3785,-35.9895],[-70.3726,-36.0435],[-70.4105,-36.0564],[-70.4253,-36.0984],[-70.4151,-36.1099],[-70.3974,-36.1195],[-70.395,-36.1943],[-70.3696,-36.2329],[-70.3722,-36.2793],[-70.3395,-36.3361],[-70.3032,-36.3405],[-70.2667,-36.3224],[-70.2177,-36.3366],[-70.2061,-36.4068],[-70.1957,-36.4239],[-70.2016,-36.4539],[-70.1782,-36.4958],[-70.1384,-36.5268],[-70.1234,-36.5683],[-70.0937,-36.5873],[-70.0459,-36.6563],[-69.9475,-36.7216],[-69.9436,-36.7454],[-69.9194,-36.7652],[-69.9217,-36.7948],[-69.8866,-36.8083],[-69.8506,-36.8463],[-69.82,-36.849],[-69.752,-36.8822],[-69.7784,-36.9157],[-69.7763,-36.991],[-69.7538,-37.0706],[-69.6117,-37.1487],[-69.5807,-37.1517],[-69.5309,-37.1741],[-69.465,-37.1726],[-69.4266,-37.1597],[-69.3963,-37.1718],[-69.3377,-37.1527],[-69.2992,-37.1551],[-69.2861,-37.1445],[-69.2252,-37.171],[-69.1652,-37.1806],[-69.1331,-37.2018],[-69.1044,-37.205],[-69.0644,-37.2234],[-69.0383,-37.2556],[-69.0497,-37.2884],[-69.0371,-37.353],[-69.0014,-37.3734],[-68.949,-37.3738],[-68.8847,-37.382],[-68.8661,-37.4012],[-68.814,-37.3863],[-68.7811,-37.3672],[-68.7231,-37.3883],[-68.6874,-37.4415],[-68.6333,-37.4474],[-68.6097,-37.4389],[-68.5836,-37.4538],[-68.5499,-37.4499],[-68.4979,-37.4577],[-68.479,-37.4908],[-68.4567,-37.5095],[-68.4367,-37.5446],[-68.4027,-37.5586],[-68.2899,-37.559],[-68.2543,-37.5719],[-68.2474,-37.1709],[-68.247,-36.8265],[-68.2458,-36.699],[-68.2465,-36.3747],[-68.2502,-36.1725],[-68.2961,-36.1725],[-68.2964,-35.9976],[-67.949,-35.9979],[-67.6274,-35.9984],[-67.1329,-35.9991],[-66.6378,-36.0006],[-66.6188,-35.9642],[-66.6286,-35.9167],[-66.6181,-35.903],[-66.6222,-35.8484],[-66.6045,-35.8277],[-66.5807,-35.7686],[-66.5806,-35.7038],[-66.5578,-35.672],[-66.5477,-35.6388],[-66.562,-35.6253],[-66.5703,-35.582],[-66.541,-35.5639],[-66.5174,-35.4715],[-66.53,-35.4453],[-66.5123,-35.3992],[-66.4956,-35.3112],[-66.5195,-35.2743],[-66.4842,-35.2408],[-66.497,-35.1958],[-66.4945,-35.1581],[-66.4788,-35.1449],[-66.5266,-35.049],[-66.5226,-35.0198],[-66.5393,-35.011],[-66.5451,-34.9674],[-66.5255,-34.951],[-66.5492,-34.9188],[-66.5514,-34.8706],[-66.5657,-34.826],[-66.6025,-34.8021],[-66.6067,-34.7741],[-66.6429,-34.7643],[-66.6515,-34.748],[-66.6383,-34.7247],[-66.6907,-34.6745],[-66.7039,-34.6237],[-66.7266,-34.6102],[-66.7298,-34.5844],[-66.7572,-34.5666],[-66.7638,-34.4969],[-66.7525,-34.4601],[-66.7574,-34.4345],[-66.7884,-34.4212],[-66.7642,-34.3791],[-66.7883,-34.376],[-66.8119,-34.3451],[-66.8028,-34.3057],[-66.7761,-34.2986],[-66.7888,-34.2664],[-66.7843,-34.2326],[-66.7459,-34.2216],[-66.7183,-34.1899],[-66.7239,-34.1156],[-66.7121,-34.0999],[-66.7168,-34.0728],[-66.6993,-34.0465],[-66.708,-34.0255],[-66.6632,-33.9863],[-66.6661,-33.9609],[-66.6864,-33.939],[-66.7286,-33.9288],[-66.7403,-33.9112],[-66.7695,-33.9011],[-66.8012,-33.863],[-66.8733,-33.8329],[-66.8841,-33.8028],[-66.8837,-33.7683],[-66.9494,-33.7313],[-66.9737,-33.6893],[-67.0047,-33.6658],[-67.0085,-33.618],[-67.0355,-33.6012],[-67.0964,-33.5328],[-67.0943,-33.5084],[-67.1455,-33.4397],[-67.1574,-33.3705],[-67.1522,-33.3268],[-67.1751,-33.2862],[-67.1802,-33.2522],[-67.1773,-33.1787],[-67.1672,-33.1662],[-67.1845,-33.1275],[-67.1769,-33.0647],[-67.1915,-32.9828],[-67.2104,-32.9459],[-67.2148,-32.9083],[-67.2311,-32.8979],[-67.232,-32.865],[-67.1887,-32.8357],[-67.1766,-32.8151],[-67.1823,-32.7648],[-67.167,-32.7628],[-67.1957,-32.6915],[-67.225,-32.6822],[-67.244,-32.6032],[-67.2687,-32.5701],[-67.2936,-32.4956],[-67.2945,-32.4327],[-67.3177,-32.382]]]}},{"type":"Feature","properties":{"zid":"70"},"geometry":{"type":"Polygon","coordinates":[[[-66.6618,-31.9205],[-66.7227,-31.8838],[-66.7775,-31.8399],[-66.8043,-31.8088],[-66.8508,-31.6988],[-66.8682,-31.6333],[-66.952,-31.6333],[-67.0783,-31.434],[-67.1012,-31.383],[-67.0668,-31.0832],[-67.1164,-31.016],[-67.0821,-30.9161],[-67.125,-30.8975],[-67.1876,-30.8285],[-67.2206,-30.7692],[-67.253,-30.7368],[-67.2828,-30.6953],[-67.3135,-30.6739],[-67.3867,-30.6429],[-67.4245,-30.6143],[-67.4463,-30.578],[-67.4948,-30.5363],[-67.577,-30.4062],[-67.5767,-30.3789],[-67.6065,-30.2934],[-67.6859,-30.215],[-67.857,-30.1005],[-67.8774,-30.0751],[-67.8991,-30.0734],[-67.9305,-30.0302],[-67.9684,-30.0093],[-67.9901,-29.9881],[-68.0455,-29.908],[-68.0724,-29.8914],[-68.1052,-29.8842],[-68.1596,-29.8843],[-68.1844,-29.8481],[-68.1859,-29.8008],[-68.199,-29.7811],[-68.2538,-29.7807],[-68.2585,-29.7469],[-68.4413,-29.6505],[-68.5202,-29.6375],[-68.5731,-29.6379],[-68.6218,-29.6456],[-68.6906,-29.6369],[-68.7153,-29.6247],[-68.7585,-29.6328],[-68.7928,-29.6222],[-68.8328,-29.6328],[-68.8736,-29.6316],[-68.8873,-29.6204],[-68.9358,-29.6239],[-68.9341,-29.6445],[-68.9575,-29.6575],[-69.0101,-29.6527],[-69.0198,-29.6417],[-69.0231,-29.5936],[-69.0319,-29.5827],[-69.0337,-29.533],[-69.0086,-29.4953],[-68.9861,-29.4772],[-68.9737,-29.4447],[-68.9802,-29.4226],[-69.0024,-29.4019],[-68.9746,-29.3642],[-68.9849,-29.3264],[-68.9585,-29.3143],[-68.9696,-29.2784],[-68.9922,-29.2551],[-68.9799,-29.2284],[-69.0002,-29.1844],[-68.9648,-29.147],[-68.9535,-29.1667],[-68.9119,-29.1286],[-68.9247,-29.0894],[-68.908,-29.0728],[-68.914,-29.0288],[-68.9305,-29.0186],[-68.9304,-28.9823],[-68.9558,-28.9583],[-68.9489,-28.92],[-68.9315,-28.9069],[-68.9208,-28.8669],[-68.9368,-28.8497],[-69.162,-28.7611],[-69.1707,-28.7361],[-69.1976,-28.7102],[-69.2178,-28.6478],[-69.2142,-28.6031],[-69.2026,-28.596],[-69.3162,-28.4116],[-69.3254,-28.4248],[-69.3865,-28.4511],[-69.4312,-28.4507],[-69.4701,-28.415],[-69.501,-28.418],[-69.5162,-28.4319],[-69.5552,-28.4058],[-69.6057,-28.419],[-69.6298,-28.3937],[-69.6558,-28.4125],[-69.6402,-28.4428],[-69.6734,-28.4601],[-69.6516,-28.5314],[-69.6693,-28.5546],[-69.6633,-28.5813],[-69.6929,-28.594],[-69.7018,-28.6403],[-69.727,-28.6718],[-69.7287,-28.7382],[-69.7003,-28.7516],[-69.705,-28.8033],[-69.7242,-28.8413],[-69.7438,-28.8492],[-69.7462,-28.8808],[-69.7643,-28.8949],[-69.7667,-28.9223],[-69.7537,-28.9365],[-69.7679,-28.9899],[-69.7881,-29.032],[-69.7964,-29.0825],[-69.7851,-29.1029],[-69.7924,-29.1348],[-69.8396,-29.1293],[-69.8832,-29.1437],[-69.9329,-29.1885],[-69.9519,-29.2128],[-69.9366,-29.2451],[-69.9472,-29.2631],[-69.9982,-29.2862],[-70.0179,-29.3204],[-70.0104,-29.3538],[-70.0213,-29.3844],[-69.981,-29.4014],[-69.9666,-29.4277],[-69.9819,-29.4522],[-69.9474,-29.4904],[-69.9564,-29.5351],[-69.933,-29.5766],[-69.9418,-29.6457],[-69.9223,-29.6838],[-69.8815,-29.7088],[-69.8796,-29.7344],[-69.9134,-29.8068],[-69.8937,-29.8192],[-69.8965,-29.8509],[-69.889,-29.9054],[-69.905,-29.9192],[-69.898,-29.9578],[-69.9213,-29.9852],[-69.9158,-30.0263],[-69.9636,-30.0886],[-69.9451,-30.0927],[-69.9299,-30.1198],[-69.9047,-30.1061],[-69.8717,-30.1115],[-69.8479,-30.1299],[-69.8217,-30.1279],[-69.8104,-30.1558],[-69.835,-30.2191],[-69.8687,-30.2108],[-69.8879,-30.224],[-69.8786,-30.2583],[-69.9024,-30.2958],[-69.9034,-30.3429],[-69.9347,-30.358],[-69.9557,-30.3855],[-69.9883,-30.3785],[-70.0197,-30.3967],[-70.0683,-30.3926],[-70.1365,-30.3409],[-70.1547,-30.3467],[-70.1184,-30.4333],[-70.1363,-30.4588],[-70.1948,-30.4916],[-70.1794,-30.5123],[-70.1907,-30.5507],[-70.221,-30.5829],[-70.2217,-30.5992],[-70.2466,-30.6342],[-70.2591,-30.6998],[-70.2465,-30.7271],[-70.2738,-30.7563],[-70.2768,-30.8124],[-70.3048,-30.8764],[-70.3229,-30.9336],[-70.2989,-30.9619],[-70.2892,-31.0241],[-70.3211,-31.0432],[-70.3667,-31.1064],[-70.3654,-31.1419],[-70.4082,-31.166],[-70.4323,-31.1017],[-70.4561,-31.0842],[-70.5165,-31.1663],[-70.5135,-31.1966],[-70.5251,-31.2377],[-70.5273,-31.2797],[-70.545,-31.3071],[-70.5425,-31.344],[-70.5301,-31.3757],[-70.5338,-31.409],[-70.563,-31.4614],[-70.5671,-31.5004],[-70.5523,-31.5112],[-70.5673,-31.5834],[-70.5318,-31.638],[-70.5068,-31.6523],[-70.5129,-31.6898],[-70.4697,-31.6968],[-70.458,-31.7329],[-70.4685,-31.7496],[-70.4551,-31.8488],[-70.4273,-31.8539],[-70.3916,-31.8797],[-70.3434,-31.8864],[-70.2801,-31.8841],[-70.2636,-31.9109],[-70.2403,-31.9179],[-70.2093,-31.9604],[-70.2082,-31.978],[-70.2502,-31.9939],[-70.2481,-32.0234],[-70.3211,-32.0505],[-70.3512,-32.0263],[-70.3802,-32.0265],[-70.3882,-32.0439],[-70.3352,-32.0704],[-70.3501,-32.0886],[-70.3188,-32.132],[-70.317,-32.1593],[-70.301,-32.2068],[-70.3234,-32.2659],[-70.2844,-32.2925],[-70.2651,-32.291],[-70.2182,-32.3327],[-70.2292,-32.3637],[-70.2174,-32.382],[-70.2387,-32.4051],[-70.2366,-32.4293],[-70.1486,-32.4659],[-70.1234,-32.5352],[-70.1262,-32.5742],[-70.0922,-32.601],[-70.0913,-32.6192],[-70.063,-32.6239],[-70.0439,-32.6011],[-70.017,-32.5448],[-70.0028,-32.5289],[-69.964,-32.5467],[-69.9302,-32.5418],[-69.9007,-32.562],[-69.8274,-32.5625],[-69.8216,-32.544],[-69.7788,-32.5424],[-69.7667,-32.5185],[-69.7259,-32.4975],[-69.7056,-32.4975],[-69.689,-32.4371],[-69.7042,-32.4032],[-69.7332,-32.3906],[-69.7239,-32.3166],[-69.6804,-32.3043],[-69.652,-32.2695],[-69.6308,-32.2627],[-69.6186,-32.237],[-69.5993,-32.146],[-69.584,-32.1362],[-69.5311,-32.141],[-69.506,-32.1145],[-69.4768,-32.1111],[-69.4548,-32.0747],[-69.3831,-32.0646],[-69.3142,-32.0911],[-69.2674,-32.0556],[-69.2445,-32.0161],[-69.184,-31.9994],[-69.1284,-31.9994],[-69.0944,-32.0319],[-69.0645,-32.0755],[-69.0275,-32.092],[-68.9969,-32.1177],[-68.9568,-32.1089],[-68.9176,-32.1146],[-68.9176,-32.3379],[-68.6657,-32.3371],[-68.4612,-32.2381],[-68.4612,-32.1392],[-68.3011,-32.1392],[-68.2479,-32.0915],[-68.2053,-32.1212],[-68.1597,-32.1186],[-68.0979,-32.0929],[-68.0749,-32.0991],[-68.0626,-32.0754],[-68.0336,-32.0854],[-67.9584,-32.0919],[-67.9598,-32.1076],[-67.9296,-32.1225],[-67.9382,-32.139],[-67.9165,-32.1752],[-67.8863,-32.1799],[-67.8359,-32.2223],[-67.7913,-32.2235],[-67.7796,-32.235],[-67.7357,-32.223],[-67.7071,-32.2353],[-67.6658,-32.233],[-67.5969,-32.2463],[-67.5233,-32.2295],[-67.5031,-32.2385],[-67.4729,-32.3067],[-67.4286,-32.3268],[-67.3817,-32.3305],[-67.359,-32.3485],[-67.3322,-32.3502],[-67.3177,-32.382],[-67.2638,-32.3819],[-67.2662,-32.3393],[-67.278,-32.2923],[-67.3704,-32.2463],[-67.382,-32.2113],[-67.3838,-32.1252],[-67.3778,-32.0526],[-67.3677,-32.0146],[-67.3683,-31.9338],[-67.3792,-31.8681],[-67.2415,-31.8808],[-67.1367,-31.8338],[-67.05,-31.8575],[-67.0059,-31.8554],[-66.8857,-31.8977],[-66.6618,-31.9205]]]}},{"type":"Feature","properties":{"zid":"58"},"geometry":{"type":"Polygon","coordinates":[[[-68.2543,-37.5719],[-68.2899,-37.559],[-68.4027,-37.5586],[-68.4367,-37.5446],[-68.4567,-37.5095],[-68.479,-37.4908],[-68.4979,-37.4577],[-68.5499,-37.4499],[-68.5836,-37.4538],[-68.6097,-37.4389],[-68.6333,-37.4474],[-68.6874,-37.4415],[-68.7231,-37.3883],[-68.7811,-37.3672],[-68.814,-37.3863],[-68.8661,-37.4012],[-68.8847,-37.382],[-68.949,-37.3738],[-69.0014,-37.3734],[-69.0371,-37.353],[-69.0497,-37.2884],[-69.0383,-37.2556],[-69.0644,-37.2234],[-69.1044,-37.205],[-69.1331,-37.2018],[-69.1652,-37.1806],[-69.2252,-37.171],[-69.2861,-37.1445],[-69.2992,-37.1551],[-69.3377,-37.1527],[-69.3963,-37.1718],[-69.4266,-37.1597],[-69.465,-37.1726],[-69.5309,-37.1741],[-69.5807,-37.1517],[-69.6117,-37.1487],[-69.7538,-37.0706],[-69.7763,-36.991],[-69.7784,-36.9157],[-69.752,-36.8822],[-69.82,-36.849],[-69.8506,-36.8463],[-69.8866,-36.8083],[-69.9217,-36.7948],[-69.9194,-36.7652],[-69.9436,-36.7454],[-69.9475,-36.7216],[-70.0459,-36.6563],[-70.0937,-36.5873],[-70.1234,-36.5683],[-70.1384,-36.5268],[-70.1782,-36.4958],[-70.2016,-36.4539],[-70.1957,-36.4239],[-70.2061,-36.4068],[-70.2177,-36.3366],[-70.2667,-36.3224],[-70.3032,-36.3405],[-70.3395,-36.3361],[-70.3722,-36.2793],[-70.3696,-36.2329],[-70.395,-36.1943],[-70.3974,-36.1195],[-70.4151,-36.1099],[-70.421,-36.1559],[-70.4907,-36.179],[-70.5103,-36.1559],[-70.5684,-36.1326],[-70.5827,-36.1486],[-70.5715,-36.176],[-70.5997,-36.1923],[-70.6402,-36.2436],[-70.6697,-36.2451],[-70.7062,-36.2726],[-70.6861,-36.283],[-70.6877,-36.3107],[-70.7111,-36.3487],[-70.6794,-36.3769],[-70.6881,-36.4068],[-70.7125,-36.4274],[-70.7548,-36.408],[-70.7732,-36.4288],[-70.8161,-36.3957],[-70.8517,-36.4161],[-70.8884,-36.3989],[-70.8945,-36.4521],[-70.934,-36.4917],[-70.975,-36.5021],[-71.018,-36.4741],[-71.0385,-36.4779],[-71.0352,-36.5092],[-71.0506,-36.5229],[-71.0407,-36.5507],[-71.0536,-36.576],[-71.0402,-36.6493],[-71.012,-36.6639],[-71.0155,-36.6993],[-71.0762,-36.7081],[-71.085,-36.6791],[-71.1196,-36.6973],[-71.1114,-36.7283],[-71.1284,-36.7636],[-71.1279,-36.7884],[-71.143,-36.8244],[-71.1798,-36.8409],[-71.1629,-36.8615],[-71.1275,-36.8576],[-71.1438,-36.9295],[-71.0882,-36.9287],[-71.106,-36.9709],[-71.1454,-36.9808],[-71.169,-36.9962],[-71.1437,-37.0326],[-71.1415,-37.0698],[-71.0923,-37.1147],[-71.1339,-37.1426],[-71.1361,-37.1657],[-71.1142,-37.2039],[-71.1627,-37.2254],[-71.1615,-37.2468],[-71.1886,-37.276],[-71.2182,-37.2728],[-71.1959,-37.3847],[-71.1536,-37.4007],[-71.1379,-37.4454],[-71.1201,-37.4581],[-71.1183,-37.4915],[-71.1378,-37.5449],[-71.1259,-37.5806],[-71.1462,-37.6081],[-71.1778,-37.6142],[-71.2063,-37.648],[-71.2127,-37.6882],[-71.1888,-37.7125],[-71.1795,-37.7407],[-71.1562,-37.7572],[-71.1689,-37.7789],[-71.1534,-37.8085],[-71.1264,-37.8216],[-71.1608,-37.8401],[-71.1079,-37.891],[-71.1134,-37.9526],[-71.0687,-37.9809],[-71.0521,-38.0258],[-71.0555,-38.0436],[-71.0115,-38.0802],[-70.9918,-38.0833],[-70.9894,-38.1102],[-71.0433,-38.123],[-70.9959,-38.1715],[-70.9968,-38.2031],[-71.0206,-38.2151],[-71.0212,-38.2443],[-70.9985,-38.2902],[-70.9967,-38.3557],[-70.9824,-38.3644],[-70.9839,-38.4301],[-70.9605,-38.443],[-70.899,-38.5091],[-70.8729,-38.5117],[-70.8425,-38.5382],[-70.8371,-38.6126],[-70.883,-38.6416],[-70.9029,-38.6664],[-70.8837,-38.7018],[-70.9288,-38.7639],[-70.9809,-38.76],[-71.1,-38.7656],[-71.1342,-38.7807],[-71.149,-38.7991],[-71.1747,-38.8],[-71.2069,-38.8171],[-71.2407,-38.809],[-71.2691,-38.8298],[-71.2679,-38.8534],[-71.2975,-38.8738],[-71.3365,-38.8761],[-71.3737,-38.9054],[-71.4271,-38.9227],[-71.439,-38.9426],[-71.4345,-38.9764],[-71.4009,-39.0377],[-71.4185,-39.0698],[-71.4078,-39.0966],[-71.4215,-39.1512],[-71.4015,-39.1649],[-71.3853,-39.2022],[-71.3888,-39.2652],[-71.3743,-39.2834],[-71.3951,-39.3018],[-71.3997,-39.3503],[-71.4338,-39.3718],[-71.4568,-39.37],[-71.4456,-39.4091],[-71.4479,-39.451],[-71.4616,-39.4541],[-71.473,-39.4933],[-71.5165,-39.503],[-71.5313,-39.5377],[-71.5042,-39.5593],[-71.4846,-39.5521],[-71.4673,-39.5874],[-71.5012,-39.6349],[-71.5427,-39.6236],[-71.5763,-39.6355],[-71.6118,-39.6265],[-71.6156,-39.6007],[-71.6559,-39.5876],[-71.6825,-39.5666],[-71.6953,-39.5947],[-71.6982,-39.6587],[-71.6849,-39.6911],[-71.7117,-39.7247],[-71.6862,-39.7565],[-71.6721,-39.8045],[-71.6918,-39.8394],[-71.6677,-39.8637],[-71.636,-39.8586],[-71.6332,-39.8825],[-71.5957,-39.8913],[-71.5977,-39.9277],[-71.6141,-39.9567],[-71.6673,-39.9947],[-71.6893,-40.0342],[-71.6667,-40.0751],[-71.6743,-40.1044],[-71.698,-40.1175],[-71.7516,-40.0939],[-71.8109,-40.0805],[-71.8017,-40.1282],[-71.8251,-40.1738],[-71.7988,-40.1885],[-71.8273,-40.2055],[-71.8234,-40.2326],[-71.7617,-40.2763],[-71.7595,-40.2997],[-71.7366,-40.3062],[-71.7138,-40.2814],[-71.6716,-40.3114],[-71.6648,-40.3671],[-71.6934,-40.3736],[-71.6938,-40.4066],[-71.7415,-40.4368],[-71.8063,-40.4062],[-71.8416,-40.4521],[-71.8403,-40.4884],[-71.8559,-40.5121],[-71.8586,-40.5551],[-71.8904,-40.555],[-71.8568,-40.5921],[-71.844,-40.6276],[-71.8672,-40.6631],[-71.9243,-40.6918],[-71.9587,-40.718],[-71.9568,-40.7609],[-71.9213,-40.7851],[-71.9319,-40.8248],[-71.9087,-40.8576],[-71.8695,-40.8925],[-71.8577,-40.9205],[-71.858,-40.9604],[-71.9093,-40.9725],[-71.8748,-40.9996],[-71.8607,-41.0307],[-71.7853,-41.0188],[-71.7027,-41.0218],[-71.6076,-41.0349],[-71.5577,-41.0224],[-71.5028,-41.0367],[-71.4564,-41.0417],[-71.3607,-41.0887],[-71.3062,-41.1001],[-71.2521,-41.0979],[-71.2214,-41.0876],[-71.1749,-41.0562],[-71.1419,-41.0561],[-71.1153,-41.0076],[-71.0364,-40.9559],[-71.0341,-40.9036],[-71.0689,-40.8507],[-71.086,-40.8523],[-71.1012,-40.8128],[-71.1181,-40.805],[-71.1209,-40.7586],[-71.0937,-40.7267],[-71.0442,-40.7291],[-71.0251,-40.7208],[-71.0118,-40.6793],[-70.9765,-40.6487],[-70.9323,-40.6387],[-70.8731,-40.6148],[-70.8554,-40.5934],[-70.7951,-40.5906],[-70.7331,-40.5801],[-70.6869,-40.5949],[-70.6428,-40.5848],[-70.6294,-40.5584],[-70.5583,-40.5251],[-70.5377,-40.5033],[-70.462,-40.5134],[-70.4284,-40.5354],[-70.3674,-40.5185],[-70.2799,-40.5029],[-70.2473,-40.5054],[-70.1895,-40.4942],[-70.1681,-40.4743],[-70.1749,-40.4276],[-70.1531,-40.414],[-70.103,-40.4057],[-70.0627,-40.3746],[-70.0501,-40.3022],[-70.0588,-40.249],[-70.0276,-40.2158],[-70.0078,-40.2084],[-69.985,-40.1788],[-69.9503,-40.179],[-69.9707,-40.121],[-69.9948,-40.1031],[-70.0054,-40.0474],[-69.9707,-39.9775],[-69.9328,-39.9449],[-69.9006,-39.9406],[-69.8659,-39.9109],[-69.8461,-39.9098],[-69.7962,-39.8846],[-69.7596,-39.8823],[-69.6992,-39.8481],[-69.6273,-39.842],[-69.5885,-39.8164],[-69.5581,-39.8094],[-69.5097,-39.8159],[-69.4936,-39.7963],[-69.4219,-39.7681],[-69.3631,-39.7161],[-69.314,-39.6539],[-69.2981,-39.6573],[-69.2691,-39.6214],[-69.2801,-39.5987],[-69.2201,-39.5693],[-69.1717,-39.5574],[-69.1073,-39.5147],[-69.057,-39.5264],[-68.9999,-39.5152],[-68.9291,-39.459],[-68.921,-39.4248],[-68.8865,-39.4025],[-68.8478,-39.393],[-68.8081,-39.3474],[-68.8185,-39.3126],[-68.7881,-39.278],[-68.7546,-39.2696],[-68.6655,-39.2173],[-68.6533,-39.1992],[-68.6625,-39.178],[-68.5947,-39.1202],[-68.5639,-39.0784],[-68.5048,-39.0715],[-68.4279,-39.0289],[-68.3039,-38.9872],[-68.2252,-38.9888],[-68.2074,-38.9712],[-68.1621,-38.9803],[-68.1181,-38.9805],[-68.0931,-38.9924],[-68.058,-38.9811],[-68.0034,-38.9772],[-68.0068,-38.961],[-68.0392,-38.9421],[-68.0508,-38.9117],[-68.0821,-38.8702],[-68.0813,-38.8497],[-68.1105,-38.8101],[-68.1261,-38.7675],[-68.1212,-38.7467],[-68.1632,-38.7378],[-68.2422,-38.6969],[-68.2563,-38.6795],[-68.2558,-38.171],[-68.2538,-37.7046],[-68.2543,-37.5719]]]}},{"type":"Feature","properties":{"zid":"46"},"geometry":{"type":"Polygon","coordinates":[[[-65.423,-30.1196],[-65.5448,-29.8277],[-65.7192,-29.4099],[-65.7173,-29.3286],[-65.7483,-29.2697],[-65.8162,-29.2698],[-65.8174,-29.1789],[-65.9265,-29.0822],[-65.9478,-29.0774],[-66.0997,-28.9444],[-66.3282,-28.8762],[-66.4027,-28.8577],[-66.4045,-28.8234],[-66.3663,-28.7457],[-66.3529,-28.7375],[-66.3838,-28.7057],[-66.396,-28.677],[-66.4962,-28.6223],[-66.4963,-28.5313],[-66.5309,-28.5315],[-66.5152,-28.4625],[-66.5708,-28.2886],[-66.9902,-28.2633],[-67.0162,-28.2543],[-67.0559,-28.272],[-67.0747,-28.2702],[-67.1554,-28.3844],[-67.3753,-28.3845],[-67.688,-28.312],[-67.7398,-28.3201],[-67.7937,-28.349],[-67.8144,-28.3717],[-67.8463,-28.3744],[-67.8425,-28.3208],[-67.8948,-28.2574],[-67.9272,-28.1541],[-67.9139,-28.1146],[-67.938,-28.108],[-68.0224,-28.1247],[-68.0538,-28.1398],[-68.0799,-28.1668],[-68.1109,-28.1708],[-68.1412,-28.1018],[-68.1649,-28.1084],[-68.1831,-28.086],[-68.2552,-28.0834],[-68.2747,-28.0951],[-68.2961,-28.0626],[-68.2904,-28.0321],[-68.312,-28.0245],[-68.3358,-28.0376],[-68.3517,-28.0172],[-68.411,-28.0068],[-68.44,-28.0254],[-68.4573,-28.0148],[-68.4538,-27.9392],[-68.4403,-27.8737],[-68.4746,-27.8522],[-68.5141,-27.8426],[-68.5391,-27.7809],[-68.5329,-27.7336],[-68.562,-27.7353],[-68.5635,-27.7704],[-68.5847,-27.8197],[-68.6098,-27.798],[-68.6981,-27.8155],[-68.7222,-27.7924],[-68.7853,-27.7682],[-68.799,-27.7557],[-69.0952,-27.7966],[-69.1103,-27.8522],[-69.1316,-27.872],[-69.1208,-27.8977],[-69.1566,-27.9341],[-69.1733,-27.9714],[-69.2338,-27.9658],[-69.2661,-28.0147],[-69.2635,-28.047],[-69.297,-28.0789],[-69.3073,-28.1281],[-69.3358,-28.1636],[-69.3817,-28.1817],[-69.3906,-28.2219],[-69.452,-28.1842],[-69.4784,-28.207],[-69.4745,-28.2366],[-69.5016,-28.2626],[-69.4991,-28.2831],[-69.5236,-28.3297],[-69.5828,-28.3524],[-69.5878,-28.3778],[-69.6298,-28.3937],[-69.6057,-28.419],[-69.5552,-28.4058],[-69.5162,-28.4319],[-69.501,-28.418],[-69.4701,-28.415],[-69.4312,-28.4507],[-69.3865,-28.4511],[-69.3254,-28.4248],[-69.3162,-28.4116],[-69.2026,-28.596],[-69.2142,-28.6031],[-69.2178,-28.6478],[-69.1976,-28.7102],[-69.1707,-28.7361],[-69.162,-28.7611],[-68.9368,-28.8497],[-68.9208,-28.8669],[-68.9315,-28.9069],[-68.9489,-28.92],[-68.9558,-28.9583],[-68.9304,-28.9823],[-68.9305,-29.0186],[-68.914,-29.0288],[-68.908,-29.0728],[-68.9247,-29.0894],[-68.9119,-29.1286],[-68.9535,-29.1667],[-68.9648,-29.147],[-69.0002,-29.1844],[-68.9799,-29.2284],[-68.9922,-29.2551],[-68.9696,-29.2784],[-68.9585,-29.3143],[-68.9849,-29.3264],[-68.9746,-29.3642],[-69.0024,-29.4019],[-68.9802,-29.4226],[-68.9737,-29.4447],[-68.9861,-29.4772],[-69.0086,-29.4953],[-69.0337,-29.533],[-69.0319,-29.5827],[-69.0231,-29.5936],[-69.0198,-29.6417],[-69.0101,-29.6527],[-68.9575,-29.6575],[-68.9341,-29.6445],[-68.9358,-29.6239],[-68.8873,-29.6204],[-68.8736,-29.6316],[-68.8328,-29.6328],[-68.7928,-29.6222],[-68.7585,-29.6328],[-68.7153,-29.6247],[-68.6906,-29.6369],[-68.6218,-29.6456],[-68.5731,-29.6379],[-68.5202,-29.6375],[-68.4413,-29.6505],[-68.2585,-29.7469],[-68.2538,-29.7807],[-68.199,-29.7811],[-68.1859,-29.8008],[-68.1844,-29.8481],[-68.1596,-29.8843],[-68.1052,-29.8842],[-68.0724,-29.8914],[-68.0455,-29.908],[-67.9901,-29.9881],[-67.9684,-30.0093],[-67.9305,-30.0302],[-67.8991,-30.0734],[-67.8774,-30.0751],[-67.857,-30.1005],[-67.6859,-30.215],[-67.6065,-30.2934],[-67.5767,-30.3789],[-67.577,-30.4062],[-67.4948,-30.5363],[-67.4463,-30.578],[-67.4245,-30.6143],[-67.3867,-30.6429],[-67.3135,-30.6739],[-67.2828,-30.6953],[-67.253,-30.7368],[-67.2206,-30.7692],[-67.1876,-30.8285],[-67.125,-30.8975],[-67.0821,-30.9161],[-67.1164,-31.016],[-67.0668,-31.0832],[-67.1012,-31.383],[-67.0783,-31.434],[-66.952,-31.6333],[-66.8682,-31.6333],[-66.8508,-31.6988],[-66.8043,-31.8088],[-66.7775,-31.8399],[-66.7227,-31.8838],[-66.6618,-31.9205],[-66.6045,-31.9234],[-66.5688,-31.9498],[-66.3528,-31.9947],[-66.3375,-31.9432],[-66.2924,-31.9317],[-66.2269,-31.9426],[-66.1602,-31.9628],[-66.161,-31.9403],[-66.1314,-31.9437],[-66.0793,-31.9719],[-66.0692,-31.9365],[-65.979,-31.8892],[-65.9149,-31.9099],[-65.7698,-31.8886],[-65.7708,-31.3684],[-65.7715,-31.0442],[-65.6661,-30.8074],[-65.5252,-30.4908],[-65.423,-30.1196]]]}},{"type":"Feature","properties":{"zid":"10"},"geometry":{"type":"Polygon","coordinates":[[[-69.0952,-27.7966],[-68.799,-27.7557],[-68.7853,-27.7682],[-68.7222,-27.7924],[-68.6981,-27.8155],[-68.6098,-27.798],[-68.5847,-27.8197],[-68.5635,-27.7704],[-68.562,-27.7353],[-68.5329,-27.7336],[-68.5391,-27.7809],[-68.5141,-27.8426],[-68.4746,-27.8522],[-68.4403,-27.8737],[-68.4538,-27.9392],[-68.4573,-28.0148],[-68.44,-28.0254],[-68.411,-28.0068],[-68.3517,-28.0172],[-68.3358,-28.0376],[-68.312,-28.0245],[-68.2904,-28.0321],[-68.2961,-28.0626],[-68.2747,-28.0951],[-68.2552,-28.0834],[-68.1831,-28.086],[-68.1649,-28.1084],[-68.1412,-28.1018],[-68.1109,-28.1708],[-68.0799,-28.1668],[-68.0538,-28.1398],[-68.0224,-28.1247],[-67.938,-28.108],[-67.9139,-28.1146],[-67.9272,-28.1541],[-67.8948,-28.2574],[-67.8425,-28.3208],[-67.8463,-28.3744],[-67.8144,-28.3717],[-67.7937,-28.349],[-67.7398,-28.3201],[-67.688,-28.312],[-67.3753,-28.3845],[-67.1554,-28.3844],[-67.0747,-28.2702],[-67.0559,-28.272],[-67.0162,-28.2543],[-66.9902,-28.2633],[-66.5708,-28.2886],[-66.5152,-28.4625],[-66.5309,-28.5315],[-66.4963,-28.5313],[-66.4962,-28.6223],[-66.396,-28.677],[-66.3838,-28.7057],[-66.3529,-28.7375],[-66.3663,-28.7457],[-66.4045,-28.8234],[-66.4027,-28.8577],[-66.3282,-28.8762],[-66.0997,-28.9444],[-65.9478,-29.0774],[-65.9265,-29.0822],[-65.8174,-29.1789],[-65.8162,-29.2698],[-65.7483,-29.2697],[-65.7173,-29.3286],[-65.7192,-29.4099],[-65.5448,-29.8277],[-65.423,-30.1196],[-65.1583,-30.0473],[-64.9379,-29.8475],[-64.9641,-29.5961],[-64.8246,-29.5743],[-64.8312,-29.5124],[-64.8167,-29.4527],[-64.7964,-29.4345],[-64.7879,-29.4006],[-64.8145,-29.3775],[-64.8426,-29.3337],[-64.8423,-29.3127],[-64.8247,-29.2738],[-64.7907,-29.2726],[-64.8376,-29.2286],[-64.8545,-29.1974],[-64.8544,-29.0703],[-64.8637,-29.0599],[-64.8637,-29.0161],[-64.9066,-28.9324],[-64.912,-28.8866],[-64.9011,-28.8413],[-64.9386,-28.8057],[-64.9773,-28.7892],[-65.0166,-28.7378],[-65.1268,-28.7162],[-65.1391,-28.657],[-65.1883,-28.6192],[-65.1846,-28.6006],[-65.1259,-28.6115],[-65.0971,-28.4709],[-65.1124,-28.1867],[-65.1708,-27.9465],[-65.3647,-27.8458],[-65.3941,-27.8569],[-65.4635,-27.9088],[-65.4984,-27.9228],[-65.5197,-27.9619],[-65.5763,-28.0141],[-65.6126,-27.9913],[-65.6247,-27.9733],[-65.6663,-27.9732],[-65.6747,-27.9285],[-65.6989,-27.8896],[-65.6995,-27.8412],[-65.7211,-27.799],[-65.7532,-27.77],[-65.793,-27.7826],[-65.795,-27.8071],[-65.8287,-27.8204],[-65.8754,-27.6725],[-65.9154,-27.6691],[-65.93,-27.6465],[-65.944,-27.5951],[-65.9659,-27.5436],[-65.9738,-27.5025],[-65.9744,-27.4149],[-65.9654,-27.3879],[-65.9717,-27.3338],[-66.03,-27.2979],[-66.0764,-27.2887],[-66.1392,-27.2623],[-66.1332,-27.2406],[-66.11,-27.2155],[-66.0793,-27.2088],[-66.0549,-27.1453],[-66.0196,-27.1129],[-65.991,-27.1056],[-65.9711,-27.0687],[-65.9653,-27.0346],[-65.9135,-27.0068],[-65.9119,-26.9809],[-65.8912,-26.9751],[-65.8749,-26.9329],[-65.8578,-26.9292],[-65.8576,-26.9013],[-65.9005,-26.8638],[-65.8744,-26.8182],[-65.8539,-26.7597],[-65.8343,-26.7366],[-66.0422,-26.6004],[-66.1723,-26.629],[-66.1675,-26.6013],[-66.1761,-26.5778],[-66.1639,-26.5383],[-66.1768,-26.4847],[-66.1537,-26.4365],[-66.1558,-26.3973],[-66.124,-26.3866],[-66.1143,-26.3436],[-66.1191,-26.2674],[-66.0941,-26.2486],[-66.0998,-26.2205],[-66.1423,-26.1593],[-66.1705,-26.134],[-66.2053,-26.1326],[-66.2304,-26.1497],[-66.2431,-26.177],[-66.293,-26.2293],[-66.3226,-26.2893],[-66.342,-26.3423],[-66.3553,-26.3521],[-66.382,-26.4168],[-66.4274,-26.3848],[-66.4775,-26.3593],[-66.5082,-26.3648],[-66.5399,-26.3532],[-66.5566,-26.3105],[-66.5571,-26.2542],[-66.5749,-26.2139],[-66.5734,-26.1764],[-66.5932,-26.1512],[-66.617,-26.1454],[-66.6389,-26.1152],[-66.6593,-26.1072],[-66.6609,-26.0767],[-66.7222,-26.0795],[-66.7323,-26.0649],[-66.7801,-26.0353],[-66.827,-25.9953],[-66.8466,-25.9701],[-66.8532,-25.9136],[-66.8393,-25.8807],[-66.8476,-25.7963],[-66.8736,-25.7662],[-66.8433,-25.7126],[-66.8129,-25.7001],[-66.7594,-25.706],[-66.6913,-25.7037],[-66.6481,-25.7117],[-66.6304,-25.6544],[-66.6065,-25.6287],[-66.5639,-25.6218],[-66.5728,-25.5867],[-66.5615,-25.5623],[-66.5346,-25.5365],[-66.5352,-25.4623],[-66.5185,-25.4403],[-66.5344,-25.3756],[-66.5896,-25.3724],[-66.5994,-25.3631],[-66.5817,-25.3214],[-66.5582,-25.3007],[-66.8793,-25.2417],[-67.2916,-25.2403],[-67.6429,-25.2391],[-67.8646,-25.2384],[-68.1997,-25.2018],[-68.507,-25.1683],[-68.5048,-25.2221],[-68.5348,-25.2369],[-68.5474,-25.2619],[-68.53,-25.2916],[-68.5462,-25.3114],[-68.5215,-25.329],[-68.5266,-25.3703],[-68.5867,-25.4278],[-68.5891,-25.4483],[-68.5608,-25.5058],[-68.5382,-25.5108],[-68.5418,-25.5493],[-68.5257,-25.5583],[-68.5462,-25.6294],[-68.5262,-25.6434],[-68.4778,-25.707],[-68.4403,-25.8929],[-68.4199,-25.9766],[-68.4043,-26.066],[-68.381,-26.178],[-68.5573,-26.2867],[-68.5656,-26.3189],[-68.5877,-26.492],[-68.4374,-26.7021],[-68.3638,-26.8005],[-68.2989,-26.8737],[-68.2997,-26.8842],[-68.2677,-26.9241],[-68.2899,-26.9247],[-68.2907,-26.9486],[-68.3183,-26.9809],[-68.2998,-27.017],[-68.3084,-27.0413],[-68.3472,-27.0331],[-68.418,-27.0703],[-68.4943,-27.1362],[-68.5406,-27.1095],[-68.5568,-27.1147],[-68.5765,-27.1766],[-68.6051,-27.1593],[-68.6313,-27.1631],[-68.6539,-27.1361],[-68.6698,-27.0989],[-68.7514,-27.1122],[-68.7837,-27.1018],[-68.8081,-27.1453],[-68.8243,-27.1473],[-68.8581,-27.1912],[-68.853,-27.2164],[-68.869,-27.2378],[-68.8672,-27.2634],[-68.8251,-27.2939],[-68.8449,-27.3132],[-68.8696,-27.3168],[-68.891,-27.3527],[-68.8875,-27.398],[-68.9267,-27.4172],[-68.9362,-27.4454],[-68.9694,-27.429],[-68.9883,-27.4536],[-68.9496,-27.4882],[-68.9482,-27.5286],[-68.9987,-27.5808],[-69.0394,-27.5947],[-69.0599,-27.6634],[-69.0443,-27.6967],[-69.0847,-27.7145],[-69.0854,-27.7553],[-69.0952,-27.7966]]]}},{"type":"Feature","properties":{"zid":"78"},"geometry":{"type":"Polygon","coordinates":[[[-71.646,-45.9999],[-71.6673,-46.04],[-71.781,-46.1182],[-71.8272,-46.1112],[-71.8893,-46.1275],[-71.9075,-46.1447],[-71.8601,-46.1939],[-71.8225,-46.2023],[-71.799,-46.19],[-71.7574,-46.2214],[-71.7244,-46.2954],[-71.7568,-46.3462],[-71.6696,-46.5286],[-71.6623,-46.6203],[-71.6474,-46.6334],[-71.6437,-46.6822],[-71.6907,-46.7014],[-71.75,-46.7418],[-71.7577,-46.7553],[-71.8364,-46.7977],[-71.9155,-46.7982],[-71.9553,-46.8167],[-71.9313,-46.8443],[-71.9316,-46.8693],[-71.9711,-46.911],[-71.9584,-46.9703],[-71.9185,-46.9852],[-71.8808,-47.0109],[-71.9039,-47.0505],[-71.9523,-47.071],[-71.9501,-47.0865],[-71.8806,-47.1069],[-71.8503,-47.1628],[-71.8909,-47.1854],[-71.9046,-47.2268],[-71.9966,-47.2066],[-72.0163,-47.2481],[-71.9979,-47.2966],[-72.0726,-47.3419],[-72.1276,-47.3284],[-72.1429,-47.3633],[-72.1986,-47.4157],[-72.2318,-47.4032],[-72.2682,-47.416],[-72.2939,-47.4459],[-72.3397,-47.4548],[-72.3089,-47.4794],[-72.2914,-47.512],[-72.3272,-47.5713],[-72.3148,-47.5954],[-72.3596,-47.6395],[-72.4059,-47.6573],[-72.4176,-47.6946],[-72.4504,-47.7051],[-72.4354,-47.7329],[-72.4652,-47.7378],[-72.4746,-47.7588],[-72.5049,-47.7622],[-72.4956,-47.7974],[-72.4714,-47.8124],[-72.4814,-47.8701],[-72.5231,-47.91],[-72.5285,-47.9363],[-72.5042,-47.9575],[-72.4289,-47.9651],[-72.4195,-48.0019],[-72.444,-48.0647],[-72.421,-48.0771],[-72.3684,-48.0754],[-72.3559,-48.1007],[-72.3068,-48.14],[-72.3167,-48.234],[-72.2653,-48.2778],[-72.2347,-48.3249],[-72.2411,-48.3483],[-72.2858,-48.3562],[-72.3505,-48.3485],[-72.377,-48.3715],[-72.3463,-48.3853],[-72.4045,-48.4143],[-72.4078,-48.4336],[-72.3745,-48.4488],[-72.3989,-48.4839],[-72.4408,-48.5135],[-72.5037,-48.5163],[-72.5375,-48.4823],[-72.5857,-48.4873],[-72.5579,-48.5636],[-72.5634,-48.583],[-72.5421,-48.6314],[-72.5369,-48.7136],[-72.5424,-48.7415],[-72.5322,-48.7976],[-72.567,-48.8239],[-72.6026,-48.8366],[-72.6396,-48.8662],[-72.6884,-48.8648],[-72.6967,-48.8967],[-72.739,-48.9063],[-72.7663,-48.9457],[-72.793,-48.9628],[-72.8506,-48.9661],[-72.8663,-48.9466],[-72.9197,-48.9357],[-72.9514,-48.9512],[-72.9597,-48.981],[-72.9932,-48.9994],[-72.9835,-49.0263],[-73.0141,-49.0374],[-73.0049,-49.0635],[-73.0449,-49.0809],[-73.0604,-49.1252],[-73.1101,-49.152],[-73.1406,-49.1803],[-73.1437,-49.271],[-73.4707,-49.2011],[-73.495,-49.242],[-73.4967,-49.2683],[-73.471,-49.2788],[-73.4323,-49.3141],[-73.4276,-49.3936],[-73.4574,-49.3988],[-73.4895,-49.4343],[-73.4638,-49.4825],[-73.4878,-49.5005],[-73.5448,-49.5047],[-73.5497,-49.5381],[-73.536,-49.564],[-73.4922,-49.5792],[-73.461,-49.6245],[-73.4641,-49.6424],[-73.5061,-49.6662],[-73.5045,-49.7094],[-73.4746,-49.7202],[-73.4388,-49.7578],[-73.4662,-49.7737],[-73.4453,-49.7939],[-73.4965,-49.8144],[-73.49,-49.8506],[-73.5219,-49.9005],[-73.5515,-49.92],[-73.5474,-49.9461],[-73.5068,-49.963],[-73.5666,-50.0204],[-73.5305,-50.043],[-73.4993,-50.0443],[-73.4895,-50.0816],[-73.5349,-50.112],[-73.5222,-50.1578],[-73.5535,-50.1814],[-73.55,-50.2282],[-73.5654,-50.2707],[-73.4863,-50.3189],[-73.4699,-50.3445],[-73.4867,-50.3808],[-73.4571,-50.3918],[-73.4391,-50.4219],[-73.4037,-50.4519],[-73.4278,-50.485],[-73.3631,-50.4895],[-73.3864,-50.5164],[-73.2871,-50.588],[-73.2669,-50.635],[-73.2363,-50.6665],[-73.1742,-50.6753],[-73.1693,-50.6857],[-73.2255,-50.7193],[-73.2849,-50.7386],[-73.2561,-50.7517],[-73.2844,-50.7865],[-73.2571,-50.8249],[-73.2099,-50.822],[-73.1302,-50.7831],[-73.0935,-50.7735],[-73.0707,-50.789],[-73.042,-50.7613],[-73.0063,-50.762],[-72.9552,-50.7377],[-72.9386,-50.7063],[-72.9055,-50.6972],[-72.8885,-50.669],[-72.8298,-50.6525],[-72.7898,-50.6326],[-72.7373,-50.6249],[-72.6681,-50.6593],[-72.6276,-50.6564],[-72.596,-50.6814],[-72.5404,-50.6186],[-72.4904,-50.6003],[-72.4553,-50.6164],[-72.4161,-50.6199],[-72.4057,-50.6365],[-72.3595,-50.6171],[-72.338,-50.6505],[-72.2858,-50.6603],[-72.3011,-50.7068],[-72.337,-50.7193],[-72.3495,-50.7543],[-72.3014,-50.7869],[-72.2616,-50.8365],[-72.267,-50.8629],[-72.2484,-50.8776],[-72.2672,-50.9649],[-72.2657,-51.0352],[-72.3742,-51.0232],[-72.3762,-51.08],[-72.4091,-51.1075],[-72.3957,-51.1454],[-72.3627,-51.1665],[-72.3482,-51.2039],[-72.3141,-51.2095],[-72.2587,-51.2442],[-72.2737,-51.286],[-72.3076,-51.307],[-72.3574,-51.3179],[-72.369,-51.3421],[-72.3261,-51.3457],[-72.3098,-51.4015],[-72.3383,-51.4248],[-72.3535,-51.4971],[-72.3445,-51.5203],[-72.3926,-51.5245],[-72.431,-51.5545],[-72.4414,-51.5853],[-72.3844,-51.5942],[-72.3383,-51.5841],[-72.2877,-51.6696],[-72.2988,-51.6977],[-72.2467,-51.7],[-72.1999,-51.713],[-72.1842,-51.7358],[-72.13,-51.7433],[-72.1032,-51.7714],[-72.0755,-51.7737],[-72.0107,-51.8202],[-71.9418,-51.8848],[-71.9389,-51.9087],[-71.9889,-51.9415],[-72.0267,-51.9558],[-72.0043,-51.9795],[-71.9639,-51.9733],[-71.9225,-51.9999],[-71.2992,-51.9995],[-70.6683,-51.9993],[-69.9955,-52.0007],[-69.486,-52.1514],[-69.19,-52.1501],[-69.0786,-52.1851],[-68.9869,-52.2036],[-68.838,-52.2777],[-68.7097,-52.2855],[-68.586,-52.3067],[-68.5735,-52.3252],[-68.4186,-52.3325],[-68.4184,-52.3864],[-68.3547,-52.3364],[-68.3525,-52.3226],[-68.433,-52.2431],[-68.5818,-52.1102],[-68.7086,-51.9811],[-68.7622,-51.9127],[-68.8315,-51.8055],[-68.9211,-51.6915],[-68.9553,-51.6291],[-69.0138,-51.6071],[-69.1123,-51.6468],[-69.1367,-51.6336],[-69.2497,-51.6004],[-69.3218,-51.5871],[-69.3908,-51.5921],[-69.4542,-51.6068],[-69.5177,-51.593],[-69.3905,-51.5577],[-69.3441,-51.5516],[-69.2892,-51.5588],[-69.2416,-51.579],[-69.1546,-51.6014],[-69.0899,-51.591],[-69.06,-51.5672],[-69.0127,-51.5584],[-68.9837,-51.5749],[-68.9461,-51.5505],[-68.9936,-51.456],[-69.0791,-51.2234],[-69.1185,-51.1403],[-69.1558,-50.997],[-69.1738,-50.9761],[-69.2079,-50.9848],[-69.2976,-51.0222],[-69.3745,-51.0707],[-69.3824,-51.0368],[-69.3212,-50.9884],[-69.2315,-50.9588],[-69.165,-50.9093],[-69.132,-50.8996],[-69.1311,-50.8],[-69.1408,-50.7465],[-69.1255,-50.6788],[-69.0926,-50.6229],[-69.0777,-50.5628],[-69.0348,-50.4957],[-68.9849,-50.435],[-68.88,-50.3356],[-68.7733,-50.2881],[-68.7387,-50.2897],[-68.6339,-50.2488],[-68.4072,-50.1862],[-68.3645,-50.1651],[-68.3608,-50.1354],[-68.4517,-50.1107],[-68.5006,-50.0782],[-68.5131,-50.0531],[-68.5108,-50.0182],[-68.5807,-49.9644],[-68.6729,-49.9933],[-68.8189,-49.9688],[-68.7209,-49.9634],[-68.6591,-49.9649],[-68.5986,-49.9378],[-68.5714,-49.9368],[-68.5829,-49.8955],[-68.6103,-49.8515],[-68.594,-49.8346],[-68.5583,-49.8722],[-68.5292,-49.9358],[-68.5107,-49.9379],[-68.4557,-49.9923],[-68.4405,-50.0273],[-68.3999,-50.0724],[-68.3634,-50.0929],[-68.3531,-50.1175],[-68.3266,-50.123],[-68.2066,-50.1171],[-68.1415,-50.1038],[-68.0461,-50.0708],[-67.917,-50.0053],[-67.8576,-49.9651],[-67.8038,-49.9036],[-67.7337,-49.7855],[-67.7154,-49.6994],[-67.7196,-49.6335],[-67.7056,-49.5996],[-67.7033,-49.5604],[-67.6829,-49.4611],[-67.6603,-49.3926],[-67.6311,-49.3547],[-67.6036,-49.2957],[-67.6128,-49.2503],[-67.6681,-49.2552],[-67.6727,-49.2985],[-67.6991,-49.3089],[-67.6831,-49.3418],[-67.7138,-49.3859],[-67.7815,-49.3802],[-67.8047,-49.3428],[-67.7987,-49.3313],[-67.7201,-49.3014],[-67.7401,-49.2794],[-67.6889,-49.2618],[-67.6672,-49.2399],[-67.6646,-49.2035],[-67.6151,-49.1864],[-67.6365,-49.1506],[-67.6199,-49.1156],[-67.6014,-49.1068],[-67.5732,-49.0387],[-67.547,-49.0106],[-67.4677,-48.9446],[-67.4029,-48.9073],[-67.3337,-48.875],[-67.2437,-48.8525],[-67.1933,-48.8136],[-67.1851,-48.7713],[-67.1522,-48.749],[-67.1297,-48.6851],[-67.014,-48.6235],[-66.9628,-48.6067],[-66.9208,-48.6062],[-66.8738,-48.5923],[-66.8734,-48.5744],[-66.8388,-48.5447],[-66.8311,-48.523],[-66.7716,-48.4984],[-66.754,-48.4736],[-66.6831,-48.4527],[-66.6613,-48.4354],[-66.6131,-48.4266],[-66.4944,-48.4175],[-66.4674,-48.3817],[-66.4697,-48.3615],[-66.4373,-48.3502],[-66.3403,-48.3569],[-66.3602,-48.3147],[-66.3392,-48.2791],[-66.2768,-48.2418],[-66.2248,-48.2001],[-66.1713,-48.195],[-66.1415,-48.1605],[-66.1377,-48.1384],[-66.0993,-48.1148],[-65.9813,-48.1003],[-65.9419,-48.114],[-65.9168,-48.1102],[-65.9042,-48.0805],[-65.9403,-48.075],[-65.9679,-48.0497],[-65.9532,-48.0145],[-65.9272,-47.9914],[-65.9511,-47.9785],[-65.9367,-47.9491],[-65.9103,-47.9334],[-65.8388,-47.9422],[-65.831,-47.9654],[-65.7844,-47.9461],[-65.7668,-47.9199],[-65.792,-47.9027],[-65.8445,-47.8935],[-65.861,-47.8666],[-65.8677,-47.8227],[-65.8864,-47.7704],[-65.9518,-47.759],[-66.0317,-47.7812],[-66.0827,-47.811],[-66.1234,-47.808],[-66.0703,-47.7775],[-66.0344,-47.7441],[-65.9827,-47.7418],[-65.8975,-47.7576],[-65.8524,-47.7499],[-65.7948,-47.6446],[-65.7404,-47.512],[-65.7256,-47.4126],[-65.7184,-47.3283],[-65.7563,-47.2164],[-65.7443,-47.2015],[-65.8471,-47.1334],[-65.8709,-47.0915],[-65.8926,-47.0974],[-65.9522,-47.0776],[-65.9969,-47.0716],[-66.0753,-47.0752],[-66.0974,-47.0844],[-66.161,-47.0817],[-66.1977,-47.0874],[-66.2959,-47.071],[-66.3824,-47.0635],[-66.5019,-47.0379],[-66.5443,-47.0462],[-66.6057,-47.0387],[-66.6305,-47.0458],[-66.6569,-47.0313],[-66.708,-47.0336],[-66.791,-46.9998],[-66.8992,-46.9122],[-66.9507,-46.8504],[-66.9735,-46.8491],[-67.0027,-46.8173],[-67.0266,-46.8152],[-67.0819,-46.7683],[-67.0816,-46.7504],[-67.1252,-46.7232],[-67.1635,-46.6871],[-67.2325,-46.673],[-67.2501,-46.6489],[-67.3289,-46.629],[-67.3944,-46.594],[-67.4436,-46.544],[-67.5616,-46.3588],[-67.596,-46.2853],[-67.6203,-46.2048],[-67.6286,-46.125],[-67.6243,-46.0493],[-67.5923,-46.0232],[-67.5957,-45.9999],[-68.3631,-45.9999],[-69.6562,-45.9999],[-71.646,-45.9999]]]}}]}